landmark_path,video_path,relative_video_path,file_name,sentence,class_name,label_id,gloss,signer,num_frames,feature_dim,processing_status,valid_frame_count,frames_with_pose,frames_with_left_hand,frames_with_right_hand,error
data/processed/landmarks/000000.npy,data/raw/archive/ISL_CSLRT_Corpus/ISL_CSLRT_Corpus/Videos_Sentence_Level/He is going into the room/MVI_6503.MP4,Videos_Sentence_Level/He is going into the room/MVI_6503.MP4,MVI_6503.MP4,He is going into the room,he_is_going_into_the_room,class_019,HE GO  INTO  ROOM,,130,225,skipped,130,0,0,0,
data/processed/landmarks/000001.npy,data/raw/archive/ISL_CSLRT_Corpus/ISL_CSLRT_Corpus/Videos_Sentence_Level/He is going into the room/he is going into the room (2).mp4,Videos_Sentence_Level/He is going into the room/he is going into the room (2).mp4,he is going into the room (2).mp4,He is going into the room,he_is_going_into_the_room,class_019,HE GO  INTO  ROOM,,100,225,skipped,100,0,0,0,
data/processed/landmarks/000002.npy,data/raw/archive/ISL_CSLRT_Corpus/ISL_CSLRT_Corpus/Videos_Sentence_Level/He is going into the room/he is going into the room.mp4,Videos_Sentence_Level/He is going into the room/he is going into the room.mp4,he is going into the room.mp4,He is going into the room,he_is_going_into_the_room,class_019,HE GO  INTO  ROOM,,75,225,skipped,75,0,0,0,
data/processed/landmarks/000003.npy,data/raw/archive/ISL_CSLRT_Corpus/ISL_CSLRT_Corpus/Videos_Sentence_Level/He is going into the room/room (2).MP4,Videos_Sentence_Level/He is going into the room/room (2).MP4,room (2).MP4,He is going into the room,he_is_going_into_the_room,class_019,HE GO  INTO  ROOM,,146,225,skipped,146,0,0,0,
data/processed/landmarks/000004.npy,data/raw/archive/ISL_CSLRT_Corpus/ISL_CSLRT_Corpus/Videos_Sentence_Level/He is going into the room/room (3).MP4,Videos_Sentence_Level/He is going into the room/room (3).MP4,room (3).MP4,He is going into the room,he_is_going_into_the_room,class_019,HE GO  INTO  ROOM,,114,225,skipped,114,0,0,0,
data/processed/landmarks/000005.npy,data/raw/archive/ISL_CSLRT_Corpus/ISL_CSLRT_Corpus/Videos_Sentence_Level/He is going into the room/room (4).MP4,Videos_Sentence_Level/He is going into the room/room (4).MP4,room (4).MP4,He is going into the room,he_is_going_into_the_room,class_019,HE GO  INTO  ROOM,,128,225,skipped,128,0,0,0,
data/processed/landmarks/000006.npy,data/raw/archive/ISL_CSLRT_Corpus/ISL_CSLRT_Corpus/Videos_Sentence_Level/He is going into the room/room.MP4,Videos_Sentence_Level/He is going into the room/room.MP4,room.MP4,He is going into the room,he_is_going_into_the_room,class_019,HE GO  INTO  ROOM,,113,225,skipped,113,0,0,0,
data/processed/landmarks/000007.npy,data/raw/archive/ISL_CSLRT_Corpus/ISL_CSLRT_Corpus/Videos_Sentence_Level/No need to worry dont worry/MVI_6496.MP4,Videos_Sentence_Level/No need to worry dont worry/MVI_6496.MP4,MVI_6496.MP4,No need to worry dont worry,no_need_to_worry_dont_worry,class_063,NO NEED WORRY DONT WORRY,,97,225,skipped,97,0,0,0,
data/processed/landmarks/000008.npy,data/raw/archive/ISL_CSLRT_Corpus/ISL_CSLRT_Corpus/Videos_Sentence_Level/This place is beautiful/MVI_6502.MP4,Videos_Sentence_Level/This place is beautiful/MVI_6502.MP4,MVI_6502.MP4,This place is beautiful,this_place_is_beautiful,class_074,THIS PLACE BEAUTIFUL,,105,225,skipped,105,0,0,0,
data/processed/landmarks/000009.npy,data/raw/archive/ISL_CSLRT_Corpus/ISL_CSLRT_Corpus/Videos_Sentence_Level/This place is beautiful/beautiful (2).MP4,Videos_Sentence_Level/This place is beautiful/beautiful (2).MP4,beautiful (2).MP4,This place is beautiful,this_place_is_beautiful,class_074,THIS PLACE BEAUTIFUL,,128,225,skipped,128,0,0,0,
data/processed/landmarks/000010.npy,data/raw/archive/ISL_CSLRT_Corpus/ISL_CSLRT_Corpus/Videos_Sentence_Level/This place is beautiful/beautiful (3).MP4,Videos_Sentence_Level/This place is beautiful/beautiful (3).MP4,beautiful (3).MP4,This place is beautiful,this_place_is_beautiful,class_074,THIS PLACE BEAUTIFUL,,95,225,skipped,95,0,0,0,
data/processed/landmarks/000011.npy,data/raw/archive/ISL_CSLRT_Corpus/ISL_CSLRT_Corpus/Videos_Sentence_Level/This place is beautiful/beautiful (4).MP4,Videos_Sentence_Level/This place is beautiful/beautiful (4).MP4,beautiful (4).MP4,This place is beautiful,this_place_is_beautiful,class_074,THIS PLACE BEAUTIFUL,,112,225,skipped,112,0,0,0,
data/processed/landmarks/000012.npy,data/raw/archive/ISL_CSLRT_Corpus/ISL_CSLRT_Corpus/Videos_Sentence_Level/This place is beautiful/beautiful.MP4,Videos_Sentence_Level/This place is beautiful/beautiful.MP4,beautiful.MP4,This place is beautiful,this_place_is_beautiful,class_074,THIS PLACE BEAUTIFUL,,97,225,skipped,97,0,0,0,
data/processed/landmarks/000013.npy,data/raw/archive/ISL_CSLRT_Corpus/ISL_CSLRT_Corpus/Videos_Sentence_Level/This place is beautiful/this place is beautiful (2).mp4,Videos_Sentence_Level/This place is beautiful/this place is beautiful (2).mp4,this place is beautiful (2).mp4,This place is beautiful,this_place_is_beautiful,class_074,THIS PLACE BEAUTIFUL,,50,225,skipped,50,0,0,0,
data/processed/landmarks/000014.npy,data/raw/archive/ISL_CSLRT_Corpus/ISL_CSLRT_Corpus/Videos_Sentence_Level/This place is beautiful/this place is beautiful.mp4,Videos_Sentence_Level/This place is beautiful/this place is beautiful.mp4,this place is beautiful.mp4,This place is beautiful,this_place_is_beautiful,class_074,THIS PLACE BEAUTIFUL,,75,225,skipped,75,0,0,0,
data/processed/landmarks/000015.npy,data/raw/archive/ISL_CSLRT_Corpus/ISL_CSLRT_Corpus/Videos_Sentence_Level/are you free today/are you free today (2).mp4,Videos_Sentence_Level/are you free today/are you free today (2).mp4,are you free today (2).mp4,are you free today,are_you_free_today,class_000,YOU FREE TODAY,,25,225,skipped,25,0,0,0,
data/processed/landmarks/000016.npy,data/raw/archive/ISL_CSLRT_Corpus/ISL_CSLRT_Corpus/Videos_Sentence_Level/are you free today/are you free today.mp4,Videos_Sentence_Level/are you free today/are you free today.mp4,are you free today.mp4,are you free today,are_you_free_today,class_000,YOU FREE TODAY,,50,225,skipped,50,0,0,0,
data/processed/landmarks/000017.npy,data/raw/archive/ISL_CSLRT_Corpus/ISL_CSLRT_Corpus/Videos_Sentence_Level/are you free today/free (2).MP4,Videos_Sentence_Level/are you free today/free (2).MP4,free (2).MP4,are you free today,are_you_free_today,class_000,YOU FREE TODAY,,78,225,skipped,78,0,0,0,
data/processed/landmarks/000018.npy,data/raw/archive/ISL_CSLRT_Corpus/ISL_CSLRT_Corpus/Videos_Sentence_Level/are you free today/free (3).MP4,Videos_Sentence_Level/are you free today/free (3).MP4,free (3).MP4,are you free today,are_you_free_today,class_000,YOU FREE TODAY,,98,225,skipped,98,0,0,0,
data/processed/landmarks/000019.npy,data/raw/archive/ISL_CSLRT_Corpus/ISL_CSLRT_Corpus/Videos_Sentence_Level/are you free today/free (4).MP4,Videos_Sentence_Level/are you free today/free (4).MP4,free (4).MP4,are you free today,are_you_free_today,class_000,YOU FREE TODAY,,82,225,skipped,82,0,0,0,
data/processed/landmarks/000020.npy,data/raw/archive/ISL_CSLRT_Corpus/ISL_CSLRT_Corpus/Videos_Sentence_Level/are you free today/free (5).MP4,Videos_Sentence_Level/are you free today/free (5).MP4,free (5).MP4,are you free today,are_you_free_today,class_000,YOU FREE TODAY,,117,225,skipped,117,0,0,0,
data/processed/landmarks/000021.npy,data/raw/archive/ISL_CSLRT_Corpus/ISL_CSLRT_Corpus/Videos_Sentence_Level/are you free today/free.MP4,Videos_Sentence_Level/are you free today/free.MP4,free.MP4,are you free today,are_you_free_today,class_000,YOU FREE TODAY,,101,225,skipped,101,0,0,0,
data/processed/landmarks/000022.npy,data/raw/archive/ISL_CSLRT_Corpus/ISL_CSLRT_Corpus/Videos_Sentence_Level/are you hiding something/MVI_6209.MP4,Videos_Sentence_Level/are you hiding something/MVI_6209.MP4,MVI_6209.MP4,are you hiding something,are_you_hiding_something,class_001,YOU HIDE SOMETHING,,95,225,skipped,95,0,0,0,
data/processed/landmarks/000023.npy,data/raw/archive/ISL_CSLRT_Corpus/ISL_CSLRT_Corpus/Videos_Sentence_Level/are you hiding something/MVI_6507.MP4,Videos_Sentence_Level/are you hiding something/MVI_6507.MP4,MVI_6507.MP4,are you hiding something,are_you_hiding_something,class_001,YOU HIDE SOMETHING,,83,225,skipped,83,0,0,0,
data/processed/landmarks/000024.npy,data/raw/archive/ISL_CSLRT_Corpus/ISL_CSLRT_Corpus/Videos_Sentence_Level/are you hiding something/MVI_6685.MP4,Videos_Sentence_Level/are you hiding something/MVI_6685.MP4,MVI_6685.MP4,are you hiding something,are_you_hiding_something,class_001,YOU HIDE SOMETHING,,87,225,skipped,87,0,0,0,
data/processed/landmarks/000025.npy,data/raw/archive/ISL_CSLRT_Corpus/ISL_CSLRT_Corpus/Videos_Sentence_Level/are you hiding something/MVI_6817.MP4,Videos_Sentence_Level/are you hiding something/MVI_6817.MP4,MVI_6817.MP4,are you hiding something,are_you_hiding_something,class_001,YOU HIDE SOMETHING,,101,225,skipped,101,0,0,0,
data/processed/landmarks/000026.npy,data/raw/archive/ISL_CSLRT_Corpus/ISL_CSLRT_Corpus/Videos_Sentence_Level/are you hiding something/MVI_6958.MP4,Videos_Sentence_Level/are you hiding something/MVI_6958.MP4,MVI_6958.MP4,are you hiding something,are_you_hiding_something,class_001,YOU HIDE SOMETHING,,106,225,skipped,106,0,0,0,
data/processed/landmarks/000027.npy,data/raw/archive/ISL_CSLRT_Corpus/ISL_CSLRT_Corpus/Videos_Sentence_Level/are you hiding something/are you hiding something (2).mp4,Videos_Sentence_Level/are you hiding something/are you hiding something (2).mp4,are you hiding something (2).mp4,are you hiding something,are_you_hiding_something,class_001,YOU HIDE SOMETHING,,50,225,skipped,50,0,0,0,
data/processed/landmarks/000028.npy,data/raw/archive/ISL_CSLRT_Corpus/ISL_CSLRT_Corpus/Videos_Sentence_Level/are you hiding something/are you hiding something.mp4,Videos_Sentence_Level/are you hiding something/are you hiding something.mp4,are you hiding something.mp4,are you hiding something,are_you_hiding_something,class_001,YOU HIDE SOMETHING,,50,225,skipped,50,0,0,0,
data/processed/landmarks/000029.npy,data/raw/archive/ISL_CSLRT_Corpus/ISL_CSLRT_Corpus/Videos_Sentence_Level/bring water for me/bring water for me (1).MP4,Videos_Sentence_Level/bring water for me/bring water for me (1).MP4,bring water for me (1).MP4,bring water for me,bring_water_for_me,class_002,BRING WATER ME,,116,225,skipped,116,0,0,0,
data/processed/landmarks/000030.npy,data/raw/archive/ISL_CSLRT_Corpus/ISL_CSLRT_Corpus/Videos_Sentence_Level/bring water for me/bring water for me (3).MP4,Videos_Sentence_Level/bring water for me/bring water for me (3).MP4,bring water for me (3).MP4,bring water for me,bring_water_for_me,class_002,BRING WATER ME,,91,225,skipped,91,0,0,0,
data/processed/landmarks/000031.npy,data/raw/archive/ISL_CSLRT_Corpus/ISL_CSLRT_Corpus/Videos_Sentence_Level/bring water for me/bring water for me (4).MP4,Videos_Sentence_Level/bring water for me/bring water for me (4).MP4,bring water for me (4).MP4,bring water for me,bring_water_for_me,class_002,BRING WATER ME,,90,225,skipped,90,0,0,0,
data/processed/landmarks/000032.npy,data/raw/archive/ISL_CSLRT_Corpus/ISL_CSLRT_Corpus/Videos_Sentence_Level/bring water for me/bring water for me (5).MP4,Videos_Sentence_Level/bring water for me/bring water for me (5).MP4,bring water for me (5).MP4,bring water for me,bring_water_for_me,class_002,BRING WATER ME,,98,225,skipped,98,0,0,0,
data/processed/landmarks/000033.npy,data/raw/archive/ISL_CSLRT_Corpus/ISL_CSLRT_Corpus/Videos_Sentence_Level/bring water for me/bring water for me (6).mp4,Videos_Sentence_Level/bring water for me/bring water for me (6).mp4,bring water for me (6).mp4,bring water for me,bring_water_for_me,class_002,BRING WATER ME,,50,225,skipped,50,0,0,0,
data/processed/landmarks/000034.npy,data/raw/archive/ISL_CSLRT_Corpus/ISL_CSLRT_Corpus/Videos_Sentence_Level/bring water for me/bring water for me (7).mp4,Videos_Sentence_Level/bring water for me/bring water for me (7).mp4,bring water for me (7).mp4,bring water for me,bring_water_for_me,class_002,BRING WATER ME,,50,225,skipped,50,0,0,0,
data/processed/landmarks/000035.npy,data/raw/archive/ISL_CSLRT_Corpus/ISL_CSLRT_Corpus/Videos_Sentence_Level/bring water for me/bring water for me (8).MP4,Videos_Sentence_Level/bring water for me/bring water for me (8).MP4,bring water for me (8).MP4,bring water for me,bring_water_for_me,class_002,BRING WATER ME,,97,225,skipped,97,0,0,0,
data/processed/landmarks/000036.npy,data/raw/archive/ISL_CSLRT_Corpus/ISL_CSLRT_Corpus/Videos_Sentence_Level/can i help you/can i help you (2).mp4,Videos_Sentence_Level/can i help you/can i help you (2).mp4,can i help you (2).mp4,can i help you,can_i_help_you,class_003,I HELP YOU,,50,225,skipped,50,0,0,0,
data/processed/landmarks/000037.npy,data/raw/archive/ISL_CSLRT_Corpus/ISL_CSLRT_Corpus/Videos_Sentence_Level/can i help you/can i help you.mp4,Videos_Sentence_Level/can i help you/can i help you.mp4,can i help you.mp4,can i help you,can_i_help_you,class_003,I HELP YOU,,75,225,skipped,75,0,0,0,
data/processed/landmarks/000038.npy,data/raw/archive/ISL_CSLRT_Corpus/ISL_CSLRT_Corpus/Videos_Sentence_Level/can i help you/cannot help.MP4,Videos_Sentence_Level/can i help you/cannot help.MP4,cannot help.MP4,can i help you,can_i_help_you,class_003,I HELP YOU,,95,225,skipped,95,0,0,0,
data/processed/landmarks/000039.npy,data/raw/archive/ISL_CSLRT_Corpus/ISL_CSLRT_Corpus/Videos_Sentence_Level/can i help you/help (2).MP4,Videos_Sentence_Level/can i help you/help (2).MP4,help (2).MP4,can i help you,can_i_help_you,class_003,I HELP YOU,,76,225,skipped,76,0,0,0,
data/processed/landmarks/000040.npy,data/raw/archive/ISL_CSLRT_Corpus/ISL_CSLRT_Corpus/Videos_Sentence_Level/can i help you/help (3).MP4,Videos_Sentence_Level/can i help you/help (3).MP4,help (3).MP4,can i help you,can_i_help_you,class_003,I HELP YOU,,105,225,skipped,105,0,0,0,
data/processed/landmarks/000041.npy,data/raw/archive/ISL_CSLRT_Corpus/ISL_CSLRT_Corpus/Videos_Sentence_Level/can i help you/help (4).MP4,Videos_Sentence_Level/can i help you/help (4).MP4,help (4).MP4,can i help you,can_i_help_you,class_003,I HELP YOU,,92,225,skipped,92,0,0,0,
data/processed/landmarks/000042.npy,data/raw/archive/ISL_CSLRT_Corpus/ISL_CSLRT_Corpus/Videos_Sentence_Level/can i help you/help (5).MP4,Videos_Sentence_Level/can i help you/help (5).MP4,help (5).MP4,can i help you,can_i_help_you,class_003,I HELP YOU,,99,225,skipped,99,0,0,0,
data/processed/landmarks/000043.npy,data/raw/archive/ISL_CSLRT_Corpus/ISL_CSLRT_Corpus/Videos_Sentence_Level/can i help you/help.MP4,Videos_Sentence_Level/can i help you/help.MP4,help.MP4,can i help you,can_i_help_you,class_003,I HELP YOU,,110,225,skipped,110,0,0,0,
data/processed/landmarks/000044.npy,data/raw/archive/ISL_CSLRT_Corpus/ISL_CSLRT_Corpus/Videos_Sentence_Level/can you repeat that please/can you repeat that please (1).MP4,Videos_Sentence_Level/can you repeat that please/can you repeat that please (1).MP4,can you repeat that please (1).MP4,can you repeat that please,can_you_repeat_that_please,class_004,YOU REPEAT PLEASE,,110,225,skipped,110,0,0,0,
data/processed/landmarks/000045.npy,data/raw/archive/ISL_CSLRT_Corpus/ISL_CSLRT_Corpus/Videos_Sentence_Level/can you repeat that please/can you repeat that please (3).MP4,Videos_Sentence_Level/can you repeat that please/can you repeat that please (3).MP4,can you repeat that please (3).MP4,can you repeat that please,can_you_repeat_that_please,class_004,YOU REPEAT PLEASE,,109,225,skipped,109,0,0,0,
data/processed/landmarks/000046.npy,data/raw/archive/ISL_CSLRT_Corpus/ISL_CSLRT_Corpus/Videos_Sentence_Level/can you repeat that please/can you repeat that please (4).MP4,Videos_Sentence_Level/can you repeat that please/can you repeat that please (4).MP4,can you repeat that please (4).MP4,can you repeat that please,can_you_repeat_that_please,class_004,YOU REPEAT PLEASE,,92,225,skipped,92,0,0,0,
data/processed/landmarks/000047.npy,data/raw/archive/ISL_CSLRT_Corpus/ISL_CSLRT_Corpus/Videos_Sentence_Level/can you repeat that please/can you repeat that please (5).MP4,Videos_Sentence_Level/can you repeat that please/can you repeat that please (5).MP4,can you repeat that please (5).MP4,can you repeat that please,can_you_repeat_that_please,class_004,YOU REPEAT PLEASE,,100,225,skipped,100,0,0,0,
data/processed/landmarks/000048.npy,data/raw/archive/ISL_CSLRT_Corpus/ISL_CSLRT_Corpus/Videos_Sentence_Level/can you repeat that please/can you repeat that please (6).MP4,Videos_Sentence_Level/can you repeat that please/can you repeat that please (6).MP4,can you repeat that please (6).MP4,can you repeat that please,can_you_repeat_that_please,class_004,YOU REPEAT PLEASE,,101,225,skipped,101,0,0,0,
data/processed/landmarks/000049.npy,data/raw/archive/ISL_CSLRT_Corpus/ISL_CSLRT_Corpus/Videos_Sentence_Level/can you repeat that please/can you repeat that please (7).mp4,Videos_Sentence_Level/can you repeat that please/can you repeat that please (7).mp4,can you repeat that please (7).mp4,can you repeat that please,can_you_repeat_that_please,class_004,YOU REPEAT PLEASE,,25,225,skipped,25,0,0,0,
data/processed/landmarks/000050.npy,data/raw/archive/ISL_CSLRT_Corpus/ISL_CSLRT_Corpus/Videos_Sentence_Level/can you repeat that please/can you repeat that please (8).mp4,Videos_Sentence_Level/can you repeat that please/can you repeat that please (8).mp4,can you repeat that please (8).mp4,can you repeat that please,can_you_repeat_that_please,class_004,YOU REPEAT PLEASE,,99,225,skipped,99,0,0,0,
data/processed/landmarks/000051.npy,data/raw/archive/ISL_CSLRT_Corpus/ISL_CSLRT_Corpus/Videos_Sentence_Level/comb your hair/comb (2).MP4,Videos_Sentence_Level/comb your hair/comb (2).MP4,comb (2).MP4,comb your hair,comb_your_hair,class_005,COMB YOU HAIR,,91,225,skipped,91,0,0,0,
data/processed/landmarks/000052.npy,data/raw/archive/ISL_CSLRT_Corpus/ISL_CSLRT_Corpus/Videos_Sentence_Level/comb your hair/comb (3).MP4,Videos_Sentence_Level/comb your hair/comb (3).MP4,comb (3).MP4,comb your hair,comb_your_hair,class_005,COMB YOU HAIR,,140,225,skipped,140,0,0,0,
data/processed/landmarks/000053.npy,data/raw/archive/ISL_CSLRT_Corpus/ISL_CSLRT_Corpus/Videos_Sentence_Level/comb your hair/comb (4).MP4,Videos_Sentence_Level/comb your hair/comb (4).MP4,comb (4).MP4,comb your hair,comb_your_hair,class_005,COMB YOU HAIR,,98,225,skipped,98,0,0,0,
data/processed/landmarks/000054.npy,data/raw/archive/ISL_CSLRT_Corpus/ISL_CSLRT_Corpus/Videos_Sentence_Level/comb your hair/comb (5).MP4,Videos_Sentence_Level/comb your hair/comb (5).MP4,comb (5).MP4,comb your hair,comb_your_hair,class_005,COMB YOU HAIR,,98,225,skipped,98,0,0,0,
data/processed/landmarks/000055.npy,data/raw/archive/ISL_CSLRT_Corpus/ISL_CSLRT_Corpus/Videos_Sentence_Level/comb your hair/comb your hair (2).mp4,Videos_Sentence_Level/comb your hair/comb your hair (2).mp4,comb your hair (2).mp4,comb your hair,comb_your_hair,class_005,COMB YOU HAIR,,50,225,skipped,50,0,0,0,
data/processed/landmarks/000056.npy,data/raw/archive/ISL_CSLRT_Corpus/ISL_CSLRT_Corpus/Videos_Sentence_Level/comb your hair/comb your hair.mp4,Videos_Sentence_Level/comb your hair/comb your hair.mp4,comb your hair.mp4,comb your hair,comb_your_hair,class_005,COMB YOU HAIR,,75,225,skipped,75,0,0,0,
data/processed/landmarks/000057.npy,data/raw/archive/ISL_CSLRT_Corpus/ISL_CSLRT_Corpus/Videos_Sentence_Level/comb your hair/comb.MP4,Videos_Sentence_Level/comb your hair/comb.MP4,comb.MP4,comb your hair,comb_your_hair,class_005,COMB YOU HAIR,,128,225,skipped,128,0,0,0,
data/processed/landmarks/000058.npy,data/raw/archive/ISL_CSLRT_Corpus/ISL_CSLRT_Corpus/Videos_Sentence_Level/congratulations/congratulations (2).mp4,Videos_Sentence_Level/congratulations/congratulations (2).mp4,congratulations (2).mp4,congratulations,congratulations,class_006,CONGRATULATIIONS,,50,225,skipped,50,0,0,0,
data/processed/landmarks/000059.npy,data/raw/archive/ISL_CSLRT_Corpus/ISL_CSLRT_Corpus/Videos_Sentence_Level/congratulations/congratulations (3).MP4,Videos_Sentence_Level/congratulations/congratulations (3).MP4,congratulations (3).MP4,congratulations,congratulations,class_006,CONGRATULATIIONS,,81,225,skipped,81,0,0,0,
data/processed/landmarks/000060.npy,data/raw/archive/ISL_CSLRT_Corpus/ISL_CSLRT_Corpus/Videos_Sentence_Level/congratulations/congratulations (4).MP4,Videos_Sentence_Level/congratulations/congratulations (4).MP4,congratulations (4).MP4,congratulations,congratulations,class_006,CONGRATULATIIONS,,62,225,skipped,62,0,0,0,
data/processed/landmarks/000061.npy,data/raw/archive/ISL_CSLRT_Corpus/ISL_CSLRT_Corpus/Videos_Sentence_Level/congratulations/congratulations (5).MP4,Videos_Sentence_Level/congratulations/congratulations (5).MP4,congratulations (5).MP4,congratulations,congratulations,class_006,CONGRATULATIIONS,,90,225,skipped,90,0,0,0,
data/processed/landmarks/000062.npy,data/raw/archive/ISL_CSLRT_Corpus/ISL_CSLRT_Corpus/Videos_Sentence_Level/congratulations/congratulations (6).MP4,Videos_Sentence_Level/congratulations/congratulations (6).MP4,congratulations (6).MP4,congratulations,congratulations,class_006,CONGRATULATIIONS,,63,225,skipped,63,0,0,0,
data/processed/landmarks/000063.npy,data/raw/archive/ISL_CSLRT_Corpus/ISL_CSLRT_Corpus/Videos_Sentence_Level/congratulations/congratulations (7).MP4,Videos_Sentence_Level/congratulations/congratulations (7).MP4,congratulations (7).MP4,congratulations,congratulations,class_006,CONGRATULATIIONS,,54,225,skipped,54,0,0,0,
data/processed/landmarks/000064.npy,data/raw/archive/ISL_CSLRT_Corpus/ISL_CSLRT_Corpus/Videos_Sentence_Level/congratulations/congratulations.mp4,Videos_Sentence_Level/congratulations/congratulations.mp4,congratulations.mp4,congratulations,congratulations,class_006,CONGRATULATIIONS,,50,225,skipped,50,0,0,0,
data/processed/landmarks/000065.npy,data/raw/archive/ISL_CSLRT_Corpus/ISL_CSLRT_Corpus/Videos_Sentence_Level/could you please talk slower/could you please talk slower (1).mp4,Videos_Sentence_Level/could you please talk slower/could you please talk slower (1).mp4,could you please talk slower (1).mp4,could you please talk slower,could_you_please_talk_slower,class_007,YOU PLEASE TALK SLOWER,,50,225,skipped,50,0,0,0,
data/processed/landmarks/000066.npy,data/raw/archive/ISL_CSLRT_Corpus/ISL_CSLRT_Corpus/Videos_Sentence_Level/could you please talk slower/could you please talk slower (2).mp4,Videos_Sentence_Level/could you please talk slower/could you please talk slower (2).mp4,could you please talk slower (2).mp4,could you please talk slower,could_you_please_talk_slower,class_007,YOU PLEASE TALK SLOWER,,75,225,skipped,75,0,0,0,
data/processed/landmarks/000067.npy,data/raw/archive/ISL_CSLRT_Corpus/ISL_CSLRT_Corpus/Videos_Sentence_Level/could you please talk slower/could you please talk slower (3).MP4,Videos_Sentence_Level/could you please talk slower/could you please talk slower (3).MP4,could you please talk slower (3).MP4,could you please talk slower,could_you_please_talk_slower,class_007,YOU PLEASE TALK SLOWER,,141,225,skipped,141,0,0,0,
data/processed/landmarks/000068.npy,data/raw/archive/ISL_CSLRT_Corpus/ISL_CSLRT_Corpus/Videos_Sentence_Level/could you please talk slower/could you please talk slower (4).MP4,Videos_Sentence_Level/could you please talk slower/could you please talk slower (4).MP4,could you please talk slower (4).MP4,could you please talk slower,could_you_please_talk_slower,class_007,YOU PLEASE TALK SLOWER,,119,225,skipped,119,0,0,0,
data/processed/landmarks/000069.npy,data/raw/archive/ISL_CSLRT_Corpus/ISL_CSLRT_Corpus/Videos_Sentence_Level/could you please talk slower/could you please talk slower (5).MP4,Videos_Sentence_Level/could you please talk slower/could you please talk slower (5).MP4,could you please talk slower (5).MP4,could you please talk slower,could_you_please_talk_slower,class_007,YOU PLEASE TALK SLOWER,,105,225,skipped,105,0,0,0,
data/processed/landmarks/000070.npy,data/raw/archive/ISL_CSLRT_Corpus/ISL_CSLRT_Corpus/Videos_Sentence_Level/could you please talk slower/could you please talk slower (6).MP4,Videos_Sentence_Level/could you please talk slower/could you please talk slower (6).MP4,could you please talk slower (6).MP4,could you please talk slower,could_you_please_talk_slower,class_007,YOU PLEASE TALK SLOWER,,120,225,skipped,120,0,0,0,
data/processed/landmarks/000071.npy,data/raw/archive/ISL_CSLRT_Corpus/ISL_CSLRT_Corpus/Videos_Sentence_Level/could you please talk slower/could you please talk slower (7).MP4,Videos_Sentence_Level/could you please talk slower/could you please talk slower (7).MP4,could you please talk slower (7).MP4,could you please talk slower,could_you_please_talk_slower,class_007,YOU PLEASE TALK SLOWER,,115,225,skipped,115,0,0,0,
data/processed/landmarks/000072.npy,data/raw/archive/ISL_CSLRT_Corpus/ISL_CSLRT_Corpus/Videos_Sentence_Level/do me a favour/do me a favour (2).mp4,Videos_Sentence_Level/do me a favour/do me a favour (2).mp4,do me a favour (2).mp4,do me a favour,do_me_a_favour,class_008,DO ME FAVOUR,,75,225,skipped,75,0,0,0,
data/processed/landmarks/000073.npy,data/raw/archive/ISL_CSLRT_Corpus/ISL_CSLRT_Corpus/Videos_Sentence_Level/do me a favour/do me a favour.mp4,Videos_Sentence_Level/do me a favour/do me a favour.mp4,do me a favour.mp4,do me a favour,do_me_a_favour,class_008,DO ME FAVOUR,,50,225,skipped,50,0,0,0,
data/processed/landmarks/000074.npy,data/raw/archive/ISL_CSLRT_Corpus/ISL_CSLRT_Corpus/Videos_Sentence_Level/do me a favour/favour (2).MP4,Videos_Sentence_Level/do me a favour/favour (2).MP4,favour (2).MP4,do me a favour,do_me_a_favour,class_008,DO ME FAVOUR,,79,225,skipped,79,0,0,0,
data/processed/landmarks/000075.npy,data/raw/archive/ISL_CSLRT_Corpus/ISL_CSLRT_Corpus/Videos_Sentence_Level/do me a favour/favour (3).MP4,Videos_Sentence_Level/do me a favour/favour (3).MP4,favour (3).MP4,do me a favour,do_me_a_favour,class_008,DO ME FAVOUR,,110,225,skipped,110,0,0,0,
data/processed/landmarks/000076.npy,data/raw/archive/ISL_CSLRT_Corpus/ISL_CSLRT_Corpus/Videos_Sentence_Level/do me a favour/favour (4).MP4,Videos_Sentence_Level/do me a favour/favour (4).MP4,favour (4).MP4,do me a favour,do_me_a_favour,class_008,DO ME FAVOUR,,87,225,skipped,87,0,0,0,
data/processed/landmarks/000077.npy,data/raw/archive/ISL_CSLRT_Corpus/ISL_CSLRT_Corpus/Videos_Sentence_Level/do me a favour/favour (5).MP4,Videos_Sentence_Level/do me a favour/favour (5).MP4,favour (5).MP4,do me a favour,do_me_a_favour,class_008,DO ME FAVOUR,,98,225,skipped,98,0,0,0,
data/processed/landmarks/000078.npy,data/raw/archive/ISL_CSLRT_Corpus/ISL_CSLRT_Corpus/Videos_Sentence_Level/do me a favour/favour.MP4,Videos_Sentence_Level/do me a favour/favour.MP4,favour.MP4,do me a favour,do_me_a_favour,class_008,DO ME FAVOUR,,95,225,skipped,95,0,0,0,
data/processed/landmarks/000079.npy,data/raw/archive/ISL_CSLRT_Corpus/ISL_CSLRT_Corpus/Videos_Sentence_Level/do not abuse him/abuse (2).MP4,Videos_Sentence_Level/do not abuse him/abuse (2).MP4,abuse (2).MP4,do not abuse him,do_not_abuse_him,class_009,DONOT ABUSE HIM,,182,225,skipped,182,0,0,0,
data/processed/landmarks/000080.npy,data/raw/archive/ISL_CSLRT_Corpus/ISL_CSLRT_Corpus/Videos_Sentence_Level/do not abuse him/abuse (3).MP4,Videos_Sentence_Level/do not abuse him/abuse (3).MP4,abuse (3).MP4,do not abuse him,do_not_abuse_him,class_009,DONOT ABUSE HIM,,128,225,skipped,128,0,0,0,
data/processed/landmarks/000081.npy,data/raw/archive/ISL_CSLRT_Corpus/ISL_CSLRT_Corpus/Videos_Sentence_Level/do not abuse him/abuse (4).MP4,Videos_Sentence_Level/do not abuse him/abuse (4).MP4,abuse (4).MP4,do not abuse him,do_not_abuse_him,class_009,DONOT ABUSE HIM,,146,225,skipped,146,0,0,0,
data/processed/landmarks/000082.npy,data/raw/archive/ISL_CSLRT_Corpus/ISL_CSLRT_Corpus/Videos_Sentence_Level/do not abuse him/abuse.MP4,Videos_Sentence_Level/do not abuse him/abuse.MP4,abuse.MP4,do not abuse him,do_not_abuse_him,class_009,DONOT ABUSE HIM,,140,225,skipped,140,0,0,0,
data/processed/landmarks/000083.npy,data/raw/archive/ISL_CSLRT_Corpus/ISL_CSLRT_Corpus/Videos_Sentence_Level/do not abuse him/do not abuse him (2).mp4,Videos_Sentence_Level/do not abuse him/do not abuse him (2).mp4,do not abuse him (2).mp4,do not abuse him,do_not_abuse_him,class_009,DONOT ABUSE HIM,,50,225,skipped,50,0,0,0,
data/processed/landmarks/000084.npy,data/raw/archive/ISL_CSLRT_Corpus/ISL_CSLRT_Corpus/Videos_Sentence_Level/do not abuse him/do not abuse him.mp4,Videos_Sentence_Level/do not abuse him/do not abuse him.mp4,do not abuse him.mp4,do not abuse him,do_not_abuse_him,class_009,DONOT ABUSE HIM,,150,225,skipped,150,0,0,0,
data/processed/landmarks/000085.npy,data/raw/archive/ISL_CSLRT_Corpus/ISL_CSLRT_Corpus/Videos_Sentence_Level/do not be stubborn/do not be stubborn (2).mp4,Videos_Sentence_Level/do not be stubborn/do not be stubborn (2).mp4,do not be stubborn (2).mp4,do not be stubborn,do_not_be_stubborn,class_010,DONOT BE STUBBORN,,75,225,skipped,75,0,0,0,
data/processed/landmarks/000086.npy,data/raw/archive/ISL_CSLRT_Corpus/ISL_CSLRT_Corpus/Videos_Sentence_Level/do not be stubborn/do not be stubborn.mp4,Videos_Sentence_Level/do not be stubborn/do not be stubborn.mp4,do not be stubborn.mp4,do not be stubborn,do_not_be_stubborn,class_010,DONOT BE STUBBORN,,100,225,skipped,100,0,0,0,
data/processed/landmarks/000087.npy,data/raw/archive/ISL_CSLRT_Corpus/ISL_CSLRT_Corpus/Videos_Sentence_Level/do not be stubborn/stubborn (2).MP4,Videos_Sentence_Level/do not be stubborn/stubborn (2).MP4,stubborn (2).MP4,do not be stubborn,do_not_be_stubborn,class_010,DONOT BE STUBBORN,,130,225,skipped,130,0,0,0,
data/processed/landmarks/000088.npy,data/raw/archive/ISL_CSLRT_Corpus/ISL_CSLRT_Corpus/Videos_Sentence_Level/do not be stubborn/stubborn (3).MP4,Videos_Sentence_Level/do not be stubborn/stubborn (3).MP4,stubborn (3).MP4,do not be stubborn,do_not_be_stubborn,class_010,DONOT BE STUBBORN,,158,225,skipped,158,0,0,0,
data/processed/landmarks/000089.npy,data/raw/archive/ISL_CSLRT_Corpus/ISL_CSLRT_Corpus/Videos_Sentence_Level/do not be stubborn/stubborn (4).MP4,Videos_Sentence_Level/do not be stubborn/stubborn (4).MP4,stubborn (4).MP4,do not be stubborn,do_not_be_stubborn,class_010,DONOT BE STUBBORN,,122,225,skipped,122,0,0,0,
data/processed/landmarks/000090.npy,data/raw/archive/ISL_CSLRT_Corpus/ISL_CSLRT_Corpus/Videos_Sentence_Level/do not be stubborn/stubborn.MP4,Videos_Sentence_Level/do not be stubborn/stubborn.MP4,stubborn.MP4,do not be stubborn,do_not_be_stubborn,class_010,DONOT BE STUBBORN,,115,225,skipped,115,0,0,0,
data/processed/landmarks/000091.npy,data/raw/archive/ISL_CSLRT_Corpus/ISL_CSLRT_Corpus/Videos_Sentence_Level/do not hurt me/do not hurt me (2).mp4,Videos_Sentence_Level/do not hurt me/do not hurt me (2).mp4,do not hurt me (2).mp4,do not hurt me,do_not_hurt_me,class_011,DONOT HURT ME,,50,225,skipped,50,0,0,0,
data/processed/landmarks/000092.npy,data/raw/archive/ISL_CSLRT_Corpus/ISL_CSLRT_Corpus/Videos_Sentence_Level/do not hurt me/do not hurt me.mp4,Videos_Sentence_Level/do not hurt me/do not hurt me.mp4,do not hurt me.mp4,do not hurt me,do_not_hurt_me,class_011,DONOT HURT ME,,75,225,skipped,75,0,0,0,
data/processed/landmarks/000093.npy,data/raw/archive/ISL_CSLRT_Corpus/ISL_CSLRT_Corpus/Videos_Sentence_Level/do not hurt me/hurt me (2).MP4,Videos_Sentence_Level/do not hurt me/hurt me (2).MP4,hurt me (2).MP4,do not hurt me,do_not_hurt_me,class_011,DONOT HURT ME,,107,225,skipped,107,0,0,0,
data/processed/landmarks/000094.npy,data/raw/archive/ISL_CSLRT_Corpus/ISL_CSLRT_Corpus/Videos_Sentence_Level/do not hurt me/hurt me (3).MP4,Videos_Sentence_Level/do not hurt me/hurt me (3).MP4,hurt me (3).MP4,do not hurt me,do_not_hurt_me,class_011,DONOT HURT ME,,84,225,skipped,84,0,0,0,
data/processed/landmarks/000095.npy,data/raw/archive/ISL_CSLRT_Corpus/ISL_CSLRT_Corpus/Videos_Sentence_Level/do not hurt me/hurt me (4).MP4,Videos_Sentence_Level/do not hurt me/hurt me (4).MP4,hurt me (4).MP4,do not hurt me,do_not_hurt_me,class_011,DONOT HURT ME,,127,225,skipped,127,0,0,0,
data/processed/landmarks/000096.npy,data/raw/archive/ISL_CSLRT_Corpus/ISL_CSLRT_Corpus/Videos_Sentence_Level/do not hurt me/hurt me.MP4,Videos_Sentence_Level/do not hurt me/hurt me.MP4,hurt me.MP4,do not hurt me,do_not_hurt_me,class_011,DONOT HURT ME,,109,225,skipped,109,0,0,0,
data/processed/landmarks/000097.npy,data/raw/archive/ISL_CSLRT_Corpus/ISL_CSLRT_Corpus/Videos_Sentence_Level/do not hurt me/hurt.MP4,Videos_Sentence_Level/do not hurt me/hurt.MP4,hurt.MP4,do not hurt me,do_not_hurt_me,class_011,DONOT HURT ME,,89,225,skipped,89,0,0,0,
data/processed/landmarks/000098.npy,data/raw/archive/ISL_CSLRT_Corpus/ISL_CSLRT_Corpus/Videos_Sentence_Level/do not make me angry/do not make me angry (2).mp4,Videos_Sentence_Level/do not make me angry/do not make me angry (2).mp4,do not make me angry (2).mp4,do not make me angry,do_not_make_me_angry,class_012,DO NOT MAKE ME ANGRY,,50,225,skipped,50,0,0,0,
data/processed/landmarks/000099.npy,data/raw/archive/ISL_CSLRT_Corpus/ISL_CSLRT_Corpus/Videos_Sentence_Level/do not make me angry/do not make me angry.mp4,Videos_Sentence_Level/do not make me angry/do not make me angry.mp4,do not make me angry.mp4,do not make me angry,do_not_make_me_angry,class_012,DO NOT MAKE ME ANGRY,,75,225,skipped,75,0,0,0,
data/processed/landmarks/000100.npy,data/raw/archive/ISL_CSLRT_Corpus/ISL_CSLRT_Corpus/Videos_Sentence_Level/do not make me angry/me angry (2).MP4,Videos_Sentence_Level/do not make me angry/me angry (2).MP4,me angry (2).MP4,do not make me angry,do_not_make_me_angry,class_012,DO NOT MAKE ME ANGRY,,97,225,skipped,97,0,0,0,
data/processed/landmarks/000101.npy,data/raw/archive/ISL_CSLRT_Corpus/ISL_CSLRT_Corpus/Videos_Sentence_Level/do not make me angry/me angry (3).MP4,Videos_Sentence_Level/do not make me angry/me angry (3).MP4,me angry (3).MP4,do not make me angry,do_not_make_me_angry,class_012,DO NOT MAKE ME ANGRY,,108,225,skipped,108,0,0,0,
data/processed/landmarks/000102.npy,data/raw/archive/ISL_CSLRT_Corpus/ISL_CSLRT_Corpus/Videos_Sentence_Level/do not make me angry/me angry (4).MP4,Videos_Sentence_Level/do not make me angry/me angry (4).MP4,me angry (4).MP4,do not make me angry,do_not_make_me_angry,class_012,DO NOT MAKE ME ANGRY,,95,225,skipped,95,0,0,0,
data/processed/landmarks/000103.npy,data/raw/archive/ISL_CSLRT_Corpus/ISL_CSLRT_Corpus/Videos_Sentence_Level/do not make me angry/me angry (5).MP4,Videos_Sentence_Level/do not make me angry/me angry (5).MP4,me angry (5).MP4,do not make me angry,do_not_make_me_angry,class_012,DO NOT MAKE ME ANGRY,,91,225,skipped,91,0,0,0,
data/processed/landmarks/000104.npy,data/raw/archive/ISL_CSLRT_Corpus/ISL_CSLRT_Corpus/Videos_Sentence_Level/do not make me angry/me angry.MP4,Videos_Sentence_Level/do not make me angry/me angry.MP4,me angry.MP4,do not make me angry,do_not_make_me_angry,class_012,DO NOT MAKE ME ANGRY,,100,225,skipped,100,0,0,0,
data/processed/landmarks/000105.npy,data/raw/archive/ISL_CSLRT_Corpus/ISL_CSLRT_Corpus/Videos_Sentence_Level/do not take it to the heart/do not take it to the heart (2).mp4,Videos_Sentence_Level/do not take it to the heart/do not take it to the heart (2).mp4,do not take it to the heart (2).mp4,do not take it to the heart,do_not_take_it_to_the_heart,class_013,DO NOT TAKE IT HEART,,50,225,skipped,50,0,0,0,
data/processed/landmarks/000106.npy,data/raw/archive/ISL_CSLRT_Corpus/ISL_CSLRT_Corpus/Videos_Sentence_Level/do not take it to the heart/do not take it to the heart.mp4,Videos_Sentence_Level/do not take it to the heart/do not take it to the heart.mp4,do not take it to the heart.mp4,do not take it to the heart,do_not_take_it_to_the_heart,class_013,DO NOT TAKE IT HEART,,75,225,skipped,75,0,0,0,
data/processed/landmarks/000107.npy,data/raw/archive/ISL_CSLRT_Corpus/ISL_CSLRT_Corpus/Videos_Sentence_Level/do not take it to the heart/heart (2).MP4,Videos_Sentence_Level/do not take it to the heart/heart (2).MP4,heart (2).MP4,do not take it to the heart,do_not_take_it_to_the_heart,class_013,DO NOT TAKE IT HEART,,120,225,skipped,120,0,0,0,
data/processed/landmarks/000108.npy,data/raw/archive/ISL_CSLRT_Corpus/ISL_CSLRT_Corpus/Videos_Sentence_Level/do not take it to the heart/heart (3).MP4,Videos_Sentence_Level/do not take it to the heart/heart (3).MP4,heart (3).MP4,do not take it to the heart,do_not_take_it_to_the_heart,class_013,DO NOT TAKE IT HEART,,122,225,skipped,122,0,0,0,
data/processed/landmarks/000109.npy,data/raw/archive/ISL_CSLRT_Corpus/ISL_CSLRT_Corpus/Videos_Sentence_Level/do not take it to the heart/heart (4).MP4,Videos_Sentence_Level/do not take it to the heart/heart (4).MP4,heart (4).MP4,do not take it to the heart,do_not_take_it_to_the_heart,class_013,DO NOT TAKE IT HEART,,113,225,skipped,113,0,0,0,
data/processed/landmarks/000110.npy,data/raw/archive/ISL_CSLRT_Corpus/ISL_CSLRT_Corpus/Videos_Sentence_Level/do not take it to the heart/heart (5).MP4,Videos_Sentence_Level/do not take it to the heart/heart (5).MP4,heart (5).MP4,do not take it to the heart,do_not_take_it_to_the_heart,class_013,DO NOT TAKE IT HEART,,109,225,skipped,109,0,0,0,
data/processed/landmarks/000111.npy,data/raw/archive/ISL_CSLRT_Corpus/ISL_CSLRT_Corpus/Videos_Sentence_Level/do not take it to the heart/heart.MP4,Videos_Sentence_Level/do not take it to the heart/heart.MP4,heart.MP4,do not take it to the heart,do_not_take_it_to_the_heart,class_013,DO NOT TAKE IT HEART,,119,225,skipped,119,0,0,0,
data/processed/landmarks/000112.npy,data/raw/archive/ISL_CSLRT_Corpus/ISL_CSLRT_Corpus/Videos_Sentence_Level/do not worry/MVI_6633.MP4,Videos_Sentence_Level/do not worry/MVI_6633.MP4,MVI_6633.MP4,do not worry,do_not_worry,class_014,DO NOT WORRY,,105,225,skipped,105,0,0,0,
data/processed/landmarks/000113.npy,data/raw/archive/ISL_CSLRT_Corpus/ISL_CSLRT_Corpus/Videos_Sentence_Level/do not worry/do not worry (2).mp4,Videos_Sentence_Level/do not worry/do not worry (2).mp4,do not worry (2).mp4,do not worry,do_not_worry,class_014,DO NOT WORRY,,75,225,skipped,75,0,0,0,
data/processed/landmarks/000114.npy,data/raw/archive/ISL_CSLRT_Corpus/ISL_CSLRT_Corpus/Videos_Sentence_Level/do not worry/do not worry.mp4,Videos_Sentence_Level/do not worry/do not worry.mp4,do not worry.mp4,do not worry,do_not_worry,class_014,DO NOT WORRY,,75,225,skipped,75,0,0,0,
data/processed/landmarks/000115.npy,data/raw/archive/ISL_CSLRT_Corpus/ISL_CSLRT_Corpus/Videos_Sentence_Level/do not worry/worry (2).MP4,Videos_Sentence_Level/do not worry/worry (2).MP4,worry (2).MP4,do not worry,do_not_worry,class_014,DO NOT WORRY,,98,225,skipped,98,0,0,0,
data/processed/landmarks/000116.npy,data/raw/archive/ISL_CSLRT_Corpus/ISL_CSLRT_Corpus/Videos_Sentence_Level/do not worry/worry (3).MP4,Videos_Sentence_Level/do not worry/worry (3).MP4,worry (3).MP4,do not worry,do_not_worry,class_014,DO NOT WORRY,,88,225,skipped,88,0,0,0,
data/processed/landmarks/000117.npy,data/raw/archive/ISL_CSLRT_Corpus/ISL_CSLRT_Corpus/Videos_Sentence_Level/do not worry/worry (4).MP4,Videos_Sentence_Level/do not worry/worry (4).MP4,worry (4).MP4,do not worry,do_not_worry,class_014,DO NOT WORRY,,104,225,skipped,104,0,0,0,
data/processed/landmarks/000118.npy,data/raw/archive/ISL_CSLRT_Corpus/ISL_CSLRT_Corpus/Videos_Sentence_Level/do not worry/worry.MP4,Videos_Sentence_Level/do not worry/worry.MP4,worry.MP4,do not worry,do_not_worry,class_014,DO NOT WORRY,,97,225,skipped,97,0,0,0,
data/processed/landmarks/000119.npy,data/raw/archive/ISL_CSLRT_Corpus/ISL_CSLRT_Corpus/Videos_Sentence_Level/do you need something/do you need something (2).mp4,Videos_Sentence_Level/do you need something/do you need something (2).mp4,do you need something (2).mp4,do you need something,do_you_need_something,class_015,DO YOU NEED SOMETHING,,50,225,skipped,50,0,0,0,
data/processed/landmarks/000120.npy,data/raw/archive/ISL_CSLRT_Corpus/ISL_CSLRT_Corpus/Videos_Sentence_Level/do you need something/do you need something.mp4,Videos_Sentence_Level/do you need something/do you need something.mp4,do you need something.mp4,do you need something,do_you_need_something,class_015,DO YOU NEED SOMETHING,,50,225,skipped,50,0,0,0,
data/processed/landmarks/000121.npy,data/raw/archive/ISL_CSLRT_Corpus/ISL_CSLRT_Corpus/Videos_Sentence_Level/do you need something/need something (2).MP4,Videos_Sentence_Level/do you need something/need something (2).MP4,need something (2).MP4,do you need something,do_you_need_something,class_015,DO YOU NEED SOMETHING,,144,225,skipped,144,0,0,0,
data/processed/landmarks/000122.npy,data/raw/archive/ISL_CSLRT_Corpus/ISL_CSLRT_Corpus/Videos_Sentence_Level/do you need something/need something.MP4,Videos_Sentence_Level/do you need something/need something.MP4,need something.MP4,do you need something,do_you_need_something,class_015,DO YOU NEED SOMETHING,,157,225,skipped,157,0,0,0,
data/processed/landmarks/000123.npy,data/raw/archive/ISL_CSLRT_Corpus/ISL_CSLRT_Corpus/Videos_Sentence_Level/do you need something/something (2).MP4,Videos_Sentence_Level/do you need something/something (2).MP4,something (2).MP4,do you need something,do_you_need_something,class_015,DO YOU NEED SOMETHING,,101,225,skipped,101,0,0,0,
data/processed/landmarks/000124.npy,data/raw/archive/ISL_CSLRT_Corpus/ISL_CSLRT_Corpus/Videos_Sentence_Level/do you need something/something (3).MP4,Videos_Sentence_Level/do you need something/something (3).MP4,something (3).MP4,do you need something,do_you_need_something,class_015,DO YOU NEED SOMETHING,,140,225,skipped,140,0,0,0,
data/processed/landmarks/000125.npy,data/raw/archive/ISL_CSLRT_Corpus/ISL_CSLRT_Corpus/Videos_Sentence_Level/do you need something/something.MP4,Videos_Sentence_Level/do you need something/something.MP4,something.MP4,do you need something,do_you_need_something,class_015,DO YOU NEED SOMETHING,,113,225,skipped,113,0,0,0,
data/processed/landmarks/000126.npy,data/raw/archive/ISL_CSLRT_Corpus/ISL_CSLRT_Corpus/Videos_Sentence_Level/go and sleep/go and sleep (2).mp4,Videos_Sentence_Level/go and sleep/go and sleep (2).mp4,go and sleep (2).mp4,go and sleep,go_and_sleep,class_016,GO SLEEP,,50,225,skipped,50,0,0,0,
data/processed/landmarks/000127.npy,data/raw/archive/ISL_CSLRT_Corpus/ISL_CSLRT_Corpus/Videos_Sentence_Level/go and sleep/go and sleep.mp4,Videos_Sentence_Level/go and sleep/go and sleep.mp4,go and sleep.mp4,go and sleep,go_and_sleep,class_016,GO SLEEP,,50,225,skipped,50,0,0,0,
data/processed/landmarks/000128.npy,data/raw/archive/ISL_CSLRT_Corpus/ISL_CSLRT_Corpus/Videos_Sentence_Level/go and sleep/sleep (2).MP4,Videos_Sentence_Level/go and sleep/sleep (2).MP4,sleep (2).MP4,go and sleep,go_and_sleep,class_016,GO SLEEP,,143,225,skipped,143,0,0,0,
data/processed/landmarks/000129.npy,data/raw/archive/ISL_CSLRT_Corpus/ISL_CSLRT_Corpus/Videos_Sentence_Level/go and sleep/sleep (3).MP4,Videos_Sentence_Level/go and sleep/sleep (3).MP4,sleep (3).MP4,go and sleep,go_and_sleep,class_016,GO SLEEP,,67,225,skipped,67,0,0,0,
data/processed/landmarks/000130.npy,data/raw/archive/ISL_CSLRT_Corpus/ISL_CSLRT_Corpus/Videos_Sentence_Level/go and sleep/sleep (4).MP4,Videos_Sentence_Level/go and sleep/sleep (4).MP4,sleep (4).MP4,go and sleep,go_and_sleep,class_016,GO SLEEP,,89,225,skipped,89,0,0,0,
data/processed/landmarks/000131.npy,data/raw/archive/ISL_CSLRT_Corpus/ISL_CSLRT_Corpus/Videos_Sentence_Level/go and sleep/sleep (5).MP4,Videos_Sentence_Level/go and sleep/sleep (5).MP4,sleep (5).MP4,go and sleep,go_and_sleep,class_016,GO SLEEP,,99,225,skipped,99,0,0,0,
data/processed/landmarks/000132.npy,data/raw/archive/ISL_CSLRT_Corpus/ISL_CSLRT_Corpus/Videos_Sentence_Level/go and sleep/sleep (6).MP4,Videos_Sentence_Level/go and sleep/sleep (6).MP4,sleep (6).MP4,go and sleep,go_and_sleep,class_016,GO SLEEP,,89,225,skipped,89,0,0,0,
data/processed/landmarks/000133.npy,data/raw/archive/ISL_CSLRT_Corpus/ISL_CSLRT_Corpus/Videos_Sentence_Level/go and sleep/sleep.MP4,Videos_Sentence_Level/go and sleep/sleep.MP4,sleep.MP4,go and sleep,go_and_sleep,class_016,GO SLEEP,,102,225,skipped,102,0,0,0,
data/processed/landmarks/000134.npy,data/raw/archive/ISL_CSLRT_Corpus/ISL_CSLRT_Corpus/Videos_Sentence_Level/had your food/food (2).MP4,Videos_Sentence_Level/had your food/food (2).MP4,food (2).MP4,had your food,had_your_food,class_017,YOUR FOOD,,89,225,skipped,89,0,0,0,
data/processed/landmarks/000135.npy,data/raw/archive/ISL_CSLRT_Corpus/ISL_CSLRT_Corpus/Videos_Sentence_Level/had your food/food (3).MP4,Videos_Sentence_Level/had your food/food (3).MP4,food (3).MP4,had your food,had_your_food,class_017,YOUR FOOD,,87,225,skipped,87,0,0,0,
data/processed/landmarks/000136.npy,data/raw/archive/ISL_CSLRT_Corpus/ISL_CSLRT_Corpus/Videos_Sentence_Level/had your food/food (4).MP4,Videos_Sentence_Level/had your food/food (4).MP4,food (4).MP4,had your food,had_your_food,class_017,YOUR FOOD,,101,225,skipped,101,0,0,0,
data/processed/landmarks/000137.npy,data/raw/archive/ISL_CSLRT_Corpus/ISL_CSLRT_Corpus/Videos_Sentence_Level/had your food/food (5).MP4,Videos_Sentence_Level/had your food/food (5).MP4,food (5).MP4,had your food,had_your_food,class_017,YOUR FOOD,,93,225,skipped,93,0,0,0,
data/processed/landmarks/000138.npy,data/raw/archive/ISL_CSLRT_Corpus/ISL_CSLRT_Corpus/Videos_Sentence_Level/had your food/food.MP4,Videos_Sentence_Level/had your food/food.MP4,food.MP4,had your food,had_your_food,class_017,YOUR FOOD,,91,225,skipped,91,0,0,0,
data/processed/landmarks/000139.npy,data/raw/archive/ISL_CSLRT_Corpus/ISL_CSLRT_Corpus/Videos_Sentence_Level/had your food/had your food (2).mp4,Videos_Sentence_Level/had your food/had your food (2).mp4,had your food (2).mp4,had your food,had_your_food,class_017,YOUR FOOD,,50,225,skipped,50,0,0,0,
data/processed/landmarks/000140.npy,data/raw/archive/ISL_CSLRT_Corpus/ISL_CSLRT_Corpus/Videos_Sentence_Level/had your food/had your food.mp4,Videos_Sentence_Level/had your food/had your food.mp4,had your food.mp4,had your food,had_your_food,class_017,YOUR FOOD,,50,225,skipped,50,0,0,0,
data/processed/landmarks/000141.npy,data/raw/archive/ISL_CSLRT_Corpus/ISL_CSLRT_Corpus/Videos_Sentence_Level/he came by train/he came by train (2).mp4,Videos_Sentence_Level/he came by train/he came by train (2).mp4,he came by train (2).mp4,he came by train,he_came_by_train,class_018,HE CAME TRAIN,,100,225,skipped,100,0,0,0,
data/processed/landmarks/000142.npy,data/raw/archive/ISL_CSLRT_Corpus/ISL_CSLRT_Corpus/Videos_Sentence_Level/he came by train/he came by train.mp4,Videos_Sentence_Level/he came by train/he came by train.mp4,he came by train.mp4,he came by train,he_came_by_train,class_018,HE CAME TRAIN,,50,225,skipped,50,0,0,0,
data/processed/landmarks/000143.npy,data/raw/archive/ISL_CSLRT_Corpus/ISL_CSLRT_Corpus/Videos_Sentence_Level/he came by train/train (2).MP4,Videos_Sentence_Level/he came by train/train (2).MP4,train (2).MP4,he came by train,he_came_by_train,class_018,HE CAME TRAIN,,99,225,skipped,99,0,0,0,
data/processed/landmarks/000144.npy,data/raw/archive/ISL_CSLRT_Corpus/ISL_CSLRT_Corpus/Videos_Sentence_Level/he came by train/train (3).MP4,Videos_Sentence_Level/he came by train/train (3).MP4,train (3).MP4,he came by train,he_came_by_train,class_018,HE CAME TRAIN,,116,225,skipped,116,0,0,0,
data/processed/landmarks/000145.npy,data/raw/archive/ISL_CSLRT_Corpus/ISL_CSLRT_Corpus/Videos_Sentence_Level/he came by train/train (4).MP4,Videos_Sentence_Level/he came by train/train (4).MP4,train (4).MP4,he came by train,he_came_by_train,class_018,HE CAME TRAIN,,106,225,skipped,106,0,0,0,
data/processed/landmarks/000146.npy,data/raw/archive/ISL_CSLRT_Corpus/ISL_CSLRT_Corpus/Videos_Sentence_Level/he came by train/train (5).MP4,Videos_Sentence_Level/he came by train/train (5).MP4,train (5).MP4,he came by train,he_came_by_train,class_018,HE CAME TRAIN,,127,225,skipped,127,0,0,0,
data/processed/landmarks/000147.npy,data/raw/archive/ISL_CSLRT_Corpus/ISL_CSLRT_Corpus/Videos_Sentence_Level/he came by train/train.MP4,Videos_Sentence_Level/he came by train/train.MP4,train.MP4,he came by train,he_came_by_train,class_018,HE CAME TRAIN,,112,225,skipped,112,0,0,0,
data/processed/landmarks/000148.npy,data/raw/archive/ISL_CSLRT_Corpus/ISL_CSLRT_Corpus/Videos_Sentence_Level/he is on the way/he is on the way (2).mp4,Videos_Sentence_Level/he is on the way/he is on the way (2).mp4,he is on the way (2).mp4,he is on the way,he_is_on_the_way,class_020,HE ON WAY,,25,225,skipped,25,0,0,0,
data/processed/landmarks/000149.npy,data/raw/archive/ISL_CSLRT_Corpus/ISL_CSLRT_Corpus/Videos_Sentence_Level/he is on the way/he is on the way.mp4,Videos_Sentence_Level/he is on the way/he is on the way.mp4,he is on the way.mp4,he is on the way,he_is_on_the_way,class_020,HE ON WAY,,25,225,skipped,25,0,0,0,
data/processed/landmarks/000150.npy,data/raw/archive/ISL_CSLRT_Corpus/ISL_CSLRT_Corpus/Videos_Sentence_Level/he is on the way/way (2).MP4,Videos_Sentence_Level/he is on the way/way (2).MP4,way (2).MP4,he is on the way,he_is_on_the_way,class_020,HE ON WAY,,114,225,skipped,114,0,0,0,
data/processed/landmarks/000151.npy,data/raw/archive/ISL_CSLRT_Corpus/ISL_CSLRT_Corpus/Videos_Sentence_Level/he is on the way/way (3).MP4,Videos_Sentence_Level/he is on the way/way (3).MP4,way (3).MP4,he is on the way,he_is_on_the_way,class_020,HE ON WAY,,118,225,skipped,118,0,0,0,
data/processed/landmarks/000152.npy,data/raw/archive/ISL_CSLRT_Corpus/ISL_CSLRT_Corpus/Videos_Sentence_Level/he is on the way/way (4).MP4,Videos_Sentence_Level/he is on the way/way (4).MP4,way (4).MP4,he is on the way,he_is_on_the_way,class_020,HE ON WAY,,91,225,skipped,91,0,0,0,
data/processed/landmarks/000153.npy,data/raw/archive/ISL_CSLRT_Corpus/ISL_CSLRT_Corpus/Videos_Sentence_Level/he is on the way/way.MP4,Videos_Sentence_Level/he is on the way/way.MP4,way.MP4,he is on the way,he_is_on_the_way,class_020,HE ON WAY,,86,225,skipped,86,0,0,0,
data/processed/landmarks/000154.npy,data/raw/archive/ISL_CSLRT_Corpus/ISL_CSLRT_Corpus/Videos_Sentence_Level/he she is my friend/MVI_6500.MP4,Videos_Sentence_Level/he she is my friend/MVI_6500.MP4,MVI_6500.MP4,he she is my friend,he_she_is_my_friend,class_021,HE SHE MY FRIEND,,90,225,skipped,90,0,0,0,
data/processed/landmarks/000155.npy,data/raw/archive/ISL_CSLRT_Corpus/ISL_CSLRT_Corpus/Videos_Sentence_Level/he she is my friend/friend (2).MP4,Videos_Sentence_Level/he she is my friend/friend (2).MP4,friend (2).MP4,he she is my friend,he_she_is_my_friend,class_021,HE SHE MY FRIEND,,83,225,skipped,83,0,0,0,
data/processed/landmarks/000156.npy,data/raw/archive/ISL_CSLRT_Corpus/ISL_CSLRT_Corpus/Videos_Sentence_Level/he she is my friend/friend (3).MP4,Videos_Sentence_Level/he she is my friend/friend (3).MP4,friend (3).MP4,he she is my friend,he_she_is_my_friend,class_021,HE SHE MY FRIEND,,76,225,skipped,76,0,0,0,
data/processed/landmarks/000157.npy,data/raw/archive/ISL_CSLRT_Corpus/ISL_CSLRT_Corpus/Videos_Sentence_Level/he she is my friend/friend (4).MP4,Videos_Sentence_Level/he she is my friend/friend (4).MP4,friend (4).MP4,he she is my friend,he_she_is_my_friend,class_021,HE SHE MY FRIEND,,94,225,skipped,94,0,0,0,
data/processed/landmarks/000158.npy,data/raw/archive/ISL_CSLRT_Corpus/ISL_CSLRT_Corpus/Videos_Sentence_Level/he she is my friend/friend.MP4,Videos_Sentence_Level/he she is my friend/friend.MP4,friend.MP4,he she is my friend,he_she_is_my_friend,class_021,HE SHE MY FRIEND,,78,225,skipped,78,0,0,0,
data/processed/landmarks/000159.npy,data/raw/archive/ISL_CSLRT_Corpus/ISL_CSLRT_Corpus/Videos_Sentence_Level/he she is my friend/heshe is my friend.mp4,Videos_Sentence_Level/he she is my friend/heshe is my friend.mp4,heshe is my friend.mp4,he she is my friend,he_she_is_my_friend,class_021,HE SHE MY FRIEND,,50,225,skipped,50,0,0,0,
data/processed/landmarks/000160.npy,data/raw/archive/ISL_CSLRT_Corpus/ISL_CSLRT_Corpus/Videos_Sentence_Level/he she is my friend/she is my friend.mp4,Videos_Sentence_Level/he she is my friend/she is my friend.mp4,she is my friend.mp4,he she is my friend,he_she_is_my_friend,class_021,HE SHE MY FRIEND,,75,225,skipped,75,0,0,0,
data/processed/landmarks/000161.npy,data/raw/archive/ISL_CSLRT_Corpus/ISL_CSLRT_Corpus/Videos_Sentence_Level/he would be coming today/he would be coming today (2).mp4,Videos_Sentence_Level/he would be coming today/he would be coming today (2).mp4,he would be coming today (2).mp4,he would be coming today,he_would_be_coming_today,class_022,HE COMING TODAY,,75,225,skipped,75,0,0,0,
data/processed/landmarks/000162.npy,data/raw/archive/ISL_CSLRT_Corpus/ISL_CSLRT_Corpus/Videos_Sentence_Level/he would be coming today/he would be coming today.mp4,Videos_Sentence_Level/he would be coming today/he would be coming today.mp4,he would be coming today.mp4,he would be coming today,he_would_be_coming_today,class_022,HE COMING TODAY,,75,225,skipped,75,0,0,0,
data/processed/landmarks/000163.npy,data/raw/archive/ISL_CSLRT_Corpus/ISL_CSLRT_Corpus/Videos_Sentence_Level/he would be coming today/today (2).MP4,Videos_Sentence_Level/he would be coming today/today (2).MP4,today (2).MP4,he would be coming today,he_would_be_coming_today,class_022,HE COMING TODAY,,108,225,skipped,108,0,0,0,
data/processed/landmarks/000164.npy,data/raw/archive/ISL_CSLRT_Corpus/ISL_CSLRT_Corpus/Videos_Sentence_Level/he would be coming today/today (3).MP4,Videos_Sentence_Level/he would be coming today/today (3).MP4,today (3).MP4,he would be coming today,he_would_be_coming_today,class_022,HE COMING TODAY,,138,225,skipped,138,0,0,0,
data/processed/landmarks/000165.npy,data/raw/archive/ISL_CSLRT_Corpus/ISL_CSLRT_Corpus/Videos_Sentence_Level/he would be coming today/today (4).MP4,Videos_Sentence_Level/he would be coming today/today (4).MP4,today (4).MP4,he would be coming today,he_would_be_coming_today,class_022,HE COMING TODAY,,157,225,skipped,157,0,0,0,
data/processed/landmarks/000166.npy,data/raw/archive/ISL_CSLRT_Corpus/ISL_CSLRT_Corpus/Videos_Sentence_Level/he would be coming today/today (5).MP4,Videos_Sentence_Level/he would be coming today/today (5).MP4,today (5).MP4,he would be coming today,he_would_be_coming_today,class_022,HE COMING TODAY,,132,225,skipped,132,0,0,0,
data/processed/landmarks/000167.npy,data/raw/archive/ISL_CSLRT_Corpus/ISL_CSLRT_Corpus/Videos_Sentence_Level/he would be coming today/today.MP4,Videos_Sentence_Level/he would be coming today/today.MP4,today.MP4,he would be coming today,he_would_be_coming_today,class_022,HE COMING TODAY,,110,225,skipped,110,0,0,0,
data/processed/landmarks/000168.npy,data/raw/archive/ISL_CSLRT_Corpus/ISL_CSLRT_Corpus/Videos_Sentence_Level/help me/help me (1).MP4,Videos_Sentence_Level/help me/help me (1).MP4,help me (1).MP4,help me,help_me,class_023,HELP ME,,104,225,skipped,104,0,0,0,
data/processed/landmarks/000169.npy,data/raw/archive/ISL_CSLRT_Corpus/ISL_CSLRT_Corpus/Videos_Sentence_Level/help me/help me (3).MP4,Videos_Sentence_Level/help me/help me (3).MP4,help me (3).MP4,help me,help_me,class_023,HELP ME,,84,225,skipped,84,0,0,0,
data/processed/landmarks/000170.npy,data/raw/archive/ISL_CSLRT_Corpus/ISL_CSLRT_Corpus/Videos_Sentence_Level/help me/help me (4).MP4,Videos_Sentence_Level/help me/help me (4).MP4,help me (4).MP4,help me,help_me,class_023,HELP ME,,76,225,skipped,76,0,0,0,
data/processed/landmarks/000171.npy,data/raw/archive/ISL_CSLRT_Corpus/ISL_CSLRT_Corpus/Videos_Sentence_Level/help me/help me (5).MP4,Videos_Sentence_Level/help me/help me (5).MP4,help me (5).MP4,help me,help_me,class_023,HELP ME,,71,225,skipped,71,0,0,0,
data/processed/landmarks/000172.npy,data/raw/archive/ISL_CSLRT_Corpus/ISL_CSLRT_Corpus/Videos_Sentence_Level/help me/help me (6).mp4,Videos_Sentence_Level/help me/help me (6).mp4,help me (6).mp4,help me,help_me,class_023,HELP ME,,25,225,skipped,25,0,0,0,
data/processed/landmarks/000173.npy,data/raw/archive/ISL_CSLRT_Corpus/ISL_CSLRT_Corpus/Videos_Sentence_Level/help me/help me (7).mp4,Videos_Sentence_Level/help me/help me (7).mp4,help me (7).mp4,help me,help_me,class_023,HELP ME,,25,225,skipped,25,0,0,0,
data/processed/landmarks/000174.npy,data/raw/archive/ISL_CSLRT_Corpus/ISL_CSLRT_Corpus/Videos_Sentence_Level/help me/help me (8).MP4,Videos_Sentence_Level/help me/help me (8).MP4,help me (8).MP4,help me,help_me,class_023,HELP ME,,98,225,skipped,98,0,0,0,
data/processed/landmarks/000175.npy,data/raw/archive/ISL_CSLRT_Corpus/ISL_CSLRT_Corpus/Videos_Sentence_Level/hi how are you/hi how are you (1).mp4,Videos_Sentence_Level/hi how are you/hi how are you (1).mp4,hi how are you (1).mp4,hi how are you,hi_how_are_you,class_024,HI HOW YOU,,75,225,skipped,75,0,0,0,
data/processed/landmarks/000176.npy,data/raw/archive/ISL_CSLRT_Corpus/ISL_CSLRT_Corpus/Videos_Sentence_Level/hi how are you/hi how are you (2).mp4,Videos_Sentence_Level/hi how are you/hi how are you (2).mp4,hi how are you (2).mp4,hi how are you,hi_how_are_you,class_024,HI HOW YOU,,100,225,skipped,100,0,0,0,
data/processed/landmarks/000177.npy,data/raw/archive/ISL_CSLRT_Corpus/ISL_CSLRT_Corpus/Videos_Sentence_Level/hi how are you/hi how are you (3).MP4,Videos_Sentence_Level/hi how are you/hi how are you (3).MP4,hi how are you (3).MP4,hi how are you,hi_how_are_you,class_024,HI HOW YOU,,112,225,skipped,112,0,0,0,
data/processed/landmarks/000178.npy,data/raw/archive/ISL_CSLRT_Corpus/ISL_CSLRT_Corpus/Videos_Sentence_Level/hi how are you/hi how are you (4).MP4,Videos_Sentence_Level/hi how are you/hi how are you (4).MP4,hi how are you (4).MP4,hi how are you,hi_how_are_you,class_024,HI HOW YOU,,156,225,skipped,156,0,0,0,
data/processed/landmarks/000179.npy,data/raw/archive/ISL_CSLRT_Corpus/ISL_CSLRT_Corpus/Videos_Sentence_Level/hi how are you/hi how are you (5).MP4,Videos_Sentence_Level/hi how are you/hi how are you (5).MP4,hi how are you (5).MP4,hi how are you,hi_how_are_you,class_024,HI HOW YOU,,104,225,skipped,104,0,0,0,
data/processed/landmarks/000180.npy,data/raw/archive/ISL_CSLRT_Corpus/ISL_CSLRT_Corpus/Videos_Sentence_Level/hi how are you/hi how are you (6).MP4,Videos_Sentence_Level/hi how are you/hi how are you (6).MP4,hi how are you (6).MP4,hi how are you,hi_how_are_you,class_024,HI HOW YOU,,108,225,skipped,108,0,0,0,
data/processed/landmarks/000181.npy,data/raw/archive/ISL_CSLRT_Corpus/ISL_CSLRT_Corpus/Videos_Sentence_Level/hi how are you/hi how are you (7).MP4,Videos_Sentence_Level/hi how are you/hi how are you (7).MP4,hi how are you (7).MP4,hi how are you,hi_how_are_you,class_024,HI HOW YOU,,92,225,skipped,92,0,0,0,
data/processed/landmarks/000182.npy,data/raw/archive/ISL_CSLRT_Corpus/ISL_CSLRT_Corpus/Videos_Sentence_Level/how are things/how are things (2).mp4,Videos_Sentence_Level/how are things/how are things (2).mp4,how are things (2).mp4,how are things,how_are_things,class_025,HOW THINGS,,25,225,skipped,25,0,0,0,
data/processed/landmarks/000183.npy,data/raw/archive/ISL_CSLRT_Corpus/ISL_CSLRT_Corpus/Videos_Sentence_Level/how are things/how are things.mp4,Videos_Sentence_Level/how are things/how are things.mp4,how are things.mp4,how are things,how_are_things,class_025,HOW THINGS,,100,225,skipped,100,0,0,0,
data/processed/landmarks/000184.npy,data/raw/archive/ISL_CSLRT_Corpus/ISL_CSLRT_Corpus/Videos_Sentence_Level/how are things/things (2).MP4,Videos_Sentence_Level/how are things/things (2).MP4,things (2).MP4,how are things,how_are_things,class_025,HOW THINGS,,150,225,skipped,150,0,0,0,
data/processed/landmarks/000185.npy,data/raw/archive/ISL_CSLRT_Corpus/ISL_CSLRT_Corpus/Videos_Sentence_Level/how are things/things (3).MP4,Videos_Sentence_Level/how are things/things (3).MP4,things (3).MP4,how are things,how_are_things,class_025,HOW THINGS,,165,225,skipped,165,0,0,0,
data/processed/landmarks/000186.npy,data/raw/archive/ISL_CSLRT_Corpus/ISL_CSLRT_Corpus/Videos_Sentence_Level/how are things/things (4).MP4,Videos_Sentence_Level/how are things/things (4).MP4,things (4).MP4,how are things,how_are_things,class_025,HOW THINGS,,186,225,skipped,186,0,0,0,
data/processed/landmarks/000187.npy,data/raw/archive/ISL_CSLRT_Corpus/ISL_CSLRT_Corpus/Videos_Sentence_Level/how are things/things.MP4,Videos_Sentence_Level/how are things/things.MP4,things.MP4,how are things,how_are_things,class_025,HOW THINGS,,190,225,skipped,190,0,0,0,
data/processed/landmarks/000188.npy,data/raw/archive/ISL_CSLRT_Corpus/ISL_CSLRT_Corpus/Videos_Sentence_Level/how can i help you/how can i help you (1).mp4,Videos_Sentence_Level/how can i help you/how can i help you (1).mp4,how can i help you (1).mp4,how can i help you,how_can_i_help_you,class_026,HOW I HELP YOU,,25,225,skipped,25,0,0,0,
data/processed/landmarks/000189.npy,data/raw/archive/ISL_CSLRT_Corpus/ISL_CSLRT_Corpus/Videos_Sentence_Level/how can i help you/how can i help you (2).mp4,Videos_Sentence_Level/how can i help you/how can i help you (2).mp4,how can i help you (2).mp4,how can i help you,how_can_i_help_you,class_026,HOW I HELP YOU,,50,225,skipped,50,0,0,0,
data/processed/landmarks/000190.npy,data/raw/archive/ISL_CSLRT_Corpus/ISL_CSLRT_Corpus/Videos_Sentence_Level/how can i help you/how can i help you (3).MP4,Videos_Sentence_Level/how can i help you/how can i help you (3).MP4,how can i help you (3).MP4,how can i help you,how_can_i_help_you,class_026,HOW I HELP YOU,,135,225,skipped,135,0,0,0,
data/processed/landmarks/000191.npy,data/raw/archive/ISL_CSLRT_Corpus/ISL_CSLRT_Corpus/Videos_Sentence_Level/how can i help you/how can i help you (4).MP4,Videos_Sentence_Level/how can i help you/how can i help you (4).MP4,how can i help you (4).MP4,how can i help you,how_can_i_help_you,class_026,HOW I HELP YOU,,91,225,skipped,91,0,0,0,
data/processed/landmarks/000192.npy,data/raw/archive/ISL_CSLRT_Corpus/ISL_CSLRT_Corpus/Videos_Sentence_Level/how can i help you/how can i help you (5).MP4,Videos_Sentence_Level/how can i help you/how can i help you (5).MP4,how can i help you (5).MP4,how can i help you,how_can_i_help_you,class_026,HOW I HELP YOU,,86,225,skipped,86,0,0,0,
data/processed/landmarks/000193.npy,data/raw/archive/ISL_CSLRT_Corpus/ISL_CSLRT_Corpus/Videos_Sentence_Level/how can i help you/how can i help you (6).MP4,Videos_Sentence_Level/how can i help you/how can i help you (6).MP4,how can i help you (6).MP4,how can i help you,how_can_i_help_you,class_026,HOW I HELP YOU,,97,225,skipped,97,0,0,0,
data/processed/landmarks/000194.npy,data/raw/archive/ISL_CSLRT_Corpus/ISL_CSLRT_Corpus/Videos_Sentence_Level/how can i help you/how can i help you (7).MP4,Videos_Sentence_Level/how can i help you/how can i help you (7).MP4,how can i help you (7).MP4,how can i help you,how_can_i_help_you,class_026,HOW I HELP YOU,,91,225,skipped,91,0,0,0,
data/processed/landmarks/000195.npy,data/raw/archive/ISL_CSLRT_Corpus/ISL_CSLRT_Corpus/Videos_Sentence_Level/how can i trust you/how can i trust you (2).mp4,Videos_Sentence_Level/how can i trust you/how can i trust you (2).mp4,how can i trust you (2).mp4,how can i trust you,how_can_i_trust_you,class_027,HOW I TRUST YOU,,50,225,skipped,50,0,0,0,
data/processed/landmarks/000196.npy,data/raw/archive/ISL_CSLRT_Corpus/ISL_CSLRT_Corpus/Videos_Sentence_Level/how can i trust you/how can i trust you.mp4,Videos_Sentence_Level/how can i trust you/how can i trust you.mp4,how can i trust you.mp4,how can i trust you,how_can_i_trust_you,class_027,HOW I TRUST YOU,,75,225,skipped,75,0,0,0,
data/processed/landmarks/000197.npy,data/raw/archive/ISL_CSLRT_Corpus/ISL_CSLRT_Corpus/Videos_Sentence_Level/how can i trust you/trust (2).MP4,Videos_Sentence_Level/how can i trust you/trust (2).MP4,trust (2).MP4,how can i trust you,how_can_i_trust_you,class_027,HOW I TRUST YOU,,96,225,skipped,96,0,0,0,
data/processed/landmarks/000198.npy,data/raw/archive/ISL_CSLRT_Corpus/ISL_CSLRT_Corpus/Videos_Sentence_Level/how can i trust you/trust (3).MP4,Videos_Sentence_Level/how can i trust you/trust (3).MP4,trust (3).MP4,how can i trust you,how_can_i_trust_you,class_027,HOW I TRUST YOU,,156,225,skipped,156,0,0,0,
data/processed/landmarks/000199.npy,data/raw/archive/ISL_CSLRT_Corpus/ISL_CSLRT_Corpus/Videos_Sentence_Level/how can i trust you/trust (4).MP4,Videos_Sentence_Level/how can i trust you/trust (4).MP4,trust (4).MP4,how can i trust you,how_can_i_trust_you,class_027,HOW I TRUST YOU,,124,225,skipped,124,0,0,0,
data/processed/landmarks/000200.npy,data/raw/archive/ISL_CSLRT_Corpus/ISL_CSLRT_Corpus/Videos_Sentence_Level/how can i trust you/trust (5).MP4,Videos_Sentence_Level/how can i trust you/trust (5).MP4,trust (5).MP4,how can i trust you,how_can_i_trust_you,class_027,HOW I TRUST YOU,,114,225,skipped,114,0,0,0,
data/processed/landmarks/000201.npy,data/raw/archive/ISL_CSLRT_Corpus/ISL_CSLRT_Corpus/Videos_Sentence_Level/how can i trust you/trust.MP4,Videos_Sentence_Level/how can i trust you/trust.MP4,trust.MP4,how can i trust you,how_can_i_trust_you,class_027,HOW I TRUST YOU,,117,225,skipped,117,0,0,0,
data/processed/landmarks/000202.npy,data/raw/archive/ISL_CSLRT_Corpus/ISL_CSLRT_Corpus/Videos_Sentence_Level/how dare you/dare (2).MP4,Videos_Sentence_Level/how dare you/dare (2).MP4,dare (2).MP4,how dare you,how_dare_you,class_028,HOW DARE YOU,,77,225,skipped,77,0,0,0,
data/processed/landmarks/000203.npy,data/raw/archive/ISL_CSLRT_Corpus/ISL_CSLRT_Corpus/Videos_Sentence_Level/how dare you/dare (3).MP4,Videos_Sentence_Level/how dare you/dare (3).MP4,dare (3).MP4,how dare you,how_dare_you,class_028,HOW DARE YOU,,95,225,skipped,95,0,0,0,
data/processed/landmarks/000204.npy,data/raw/archive/ISL_CSLRT_Corpus/ISL_CSLRT_Corpus/Videos_Sentence_Level/how dare you/dare (4).MP4,Videos_Sentence_Level/how dare you/dare (4).MP4,dare (4).MP4,how dare you,how_dare_you,class_028,HOW DARE YOU,,79,225,skipped,79,0,0,0,
data/processed/landmarks/000205.npy,data/raw/archive/ISL_CSLRT_Corpus/ISL_CSLRT_Corpus/Videos_Sentence_Level/how dare you/dare (5).MP4,Videos_Sentence_Level/how dare you/dare (5).MP4,dare (5).MP4,how dare you,how_dare_you,class_028,HOW DARE YOU,,90,225,skipped,90,0,0,0,
data/processed/landmarks/000206.npy,data/raw/archive/ISL_CSLRT_Corpus/ISL_CSLRT_Corpus/Videos_Sentence_Level/how dare you/dare.MP4,Videos_Sentence_Level/how dare you/dare.MP4,dare.MP4,how dare you,how_dare_you,class_028,HOW DARE YOU,,93,225,skipped,93,0,0,0,
data/processed/landmarks/000207.npy,data/raw/archive/ISL_CSLRT_Corpus/ISL_CSLRT_Corpus/Videos_Sentence_Level/how dare you/how dare you (2).mp4,Videos_Sentence_Level/how dare you/how dare you (2).mp4,how dare you (2).mp4,how dare you,how_dare_you,class_028,HOW DARE YOU,,100,225,skipped,100,0,0,0,
data/processed/landmarks/000208.npy,data/raw/archive/ISL_CSLRT_Corpus/ISL_CSLRT_Corpus/Videos_Sentence_Level/how dare you/how dare you.mp4,Videos_Sentence_Level/how dare you/how dare you.mp4,how dare you.mp4,how dare you,how_dare_you,class_028,HOW DARE YOU,,50,225,skipped,50,0,0,0,
data/processed/landmarks/000209.npy,data/raw/archive/ISL_CSLRT_Corpus/ISL_CSLRT_Corpus/Videos_Sentence_Level/how old are you/how old are you (1).mp4,Videos_Sentence_Level/how old are you/how old are you (1).mp4,how old are you (1).mp4,how old are you,how_old_are_you,class_029,HOW OLD YOU,,50,225,skipped,50,0,0,0,
data/processed/landmarks/000210.npy,data/raw/archive/ISL_CSLRT_Corpus/ISL_CSLRT_Corpus/Videos_Sentence_Level/how old are you/how old are you (2).mp4,Videos_Sentence_Level/how old are you/how old are you (2).mp4,how old are you (2).mp4,how old are you,how_old_are_you,class_029,HOW OLD YOU,,50,225,skipped,50,0,0,0,
data/processed/landmarks/000211.npy,data/raw/archive/ISL_CSLRT_Corpus/ISL_CSLRT_Corpus/Videos_Sentence_Level/how old are you/how old are you (3).MP4,Videos_Sentence_Level/how old are you/how old are you (3).MP4,how old are you (3).MP4,how old are you,how_old_are_you,class_029,HOW OLD YOU,,111,225,skipped,111,0,0,0,
data/processed/landmarks/000212.npy,data/raw/archive/ISL_CSLRT_Corpus/ISL_CSLRT_Corpus/Videos_Sentence_Level/how old are you/how old are you (4).MP4,Videos_Sentence_Level/how old are you/how old are you (4).MP4,how old are you (4).MP4,how old are you,how_old_are_you,class_029,HOW OLD YOU,,109,225,skipped,109,0,0,0,
data/processed/landmarks/000213.npy,data/raw/archive/ISL_CSLRT_Corpus/ISL_CSLRT_Corpus/Videos_Sentence_Level/how old are you/how old are you (5).MP4,Videos_Sentence_Level/how old are you/how old are you (5).MP4,how old are you (5).MP4,how old are you,how_old_are_you,class_029,HOW OLD YOU,,97,225,skipped,97,0,0,0,
data/processed/landmarks/000214.npy,data/raw/archive/ISL_CSLRT_Corpus/ISL_CSLRT_Corpus/Videos_Sentence_Level/how old are you/how old are you (6).MP4,Videos_Sentence_Level/how old are you/how old are you (6).MP4,how old are you (6).MP4,how old are you,how_old_are_you,class_029,HOW OLD YOU,,81,225,skipped,81,0,0,0,
data/processed/landmarks/000215.npy,data/raw/archive/ISL_CSLRT_Corpus/ISL_CSLRT_Corpus/Videos_Sentence_Level/how old are you/how old are you (7).MP4,Videos_Sentence_Level/how old are you/how old are you (7).MP4,how old are you (7).MP4,how old are you,how_old_are_you,class_029,HOW OLD YOU,,87,225,skipped,87,0,0,0,
data/processed/landmarks/000216.npy,data/raw/archive/ISL_CSLRT_Corpus/ISL_CSLRT_Corpus/Videos_Sentence_Level/i am (age)/i am (age) (1).MP4,Videos_Sentence_Level/i am (age)/i am (age) (1).MP4,i am (age) (1).MP4,i am (age),i_am_(age),class_030,I (AGE),,86,225,skipped,86,0,0,0,
data/processed/landmarks/000217.npy,data/raw/archive/ISL_CSLRT_Corpus/ISL_CSLRT_Corpus/Videos_Sentence_Level/i am (age)/i am (age) (2).MP4,Videos_Sentence_Level/i am (age)/i am (age) (2).MP4,i am (age) (2).MP4,i am (age),i_am_(age),class_030,I (AGE),,74,225,skipped,74,0,0,0,
data/processed/landmarks/000218.npy,data/raw/archive/ISL_CSLRT_Corpus/ISL_CSLRT_Corpus/Videos_Sentence_Level/i am (age)/i am (age) (3).MP4,Videos_Sentence_Level/i am (age)/i am (age) (3).MP4,i am (age) (3).MP4,i am (age),i_am_(age),class_030,I (AGE),,63,225,skipped,63,0,0,0,
data/processed/landmarks/000219.npy,data/raw/archive/ISL_CSLRT_Corpus/ISL_CSLRT_Corpus/Videos_Sentence_Level/i am (age)/i am (age) (4).MP4,Videos_Sentence_Level/i am (age)/i am (age) (4).MP4,i am (age) (4).MP4,i am (age),i_am_(age),class_030,I (AGE),,72,225,skipped,72,0,0,0,
data/processed/landmarks/000220.npy,data/raw/archive/ISL_CSLRT_Corpus/ISL_CSLRT_Corpus/Videos_Sentence_Level/i am (age)/i am (age) (5).MP4,Videos_Sentence_Level/i am (age)/i am (age) (5).MP4,i am (age) (5).MP4,i am (age),i_am_(age),class_030,I (AGE),,66,225,skipped,66,0,0,0,
data/processed/landmarks/000221.npy,data/raw/archive/ISL_CSLRT_Corpus/ISL_CSLRT_Corpus/Videos_Sentence_Level/i am (age)/i am (age) (6).mp4,Videos_Sentence_Level/i am (age)/i am (age) (6).mp4,i am (age) (6).mp4,i am (age),i_am_(age),class_030,I (AGE),,50,225,skipped,50,0,0,0,
data/processed/landmarks/000222.npy,data/raw/archive/ISL_CSLRT_Corpus/ISL_CSLRT_Corpus/Videos_Sentence_Level/i am afraid of that/afraid (2).MP4,Videos_Sentence_Level/i am afraid of that/afraid (2).MP4,afraid (2).MP4,i am afraid of that,i_am_afraid_of_that,class_031,I AFRAID THAT,,122,225,skipped,122,0,0,0,
data/processed/landmarks/000223.npy,data/raw/archive/ISL_CSLRT_Corpus/ISL_CSLRT_Corpus/Videos_Sentence_Level/i am afraid of that/afraid (3).MP4,Videos_Sentence_Level/i am afraid of that/afraid (3).MP4,afraid (3).MP4,i am afraid of that,i_am_afraid_of_that,class_031,I AFRAID THAT,,151,225,skipped,151,0,0,0,
data/processed/landmarks/000224.npy,data/raw/archive/ISL_CSLRT_Corpus/ISL_CSLRT_Corpus/Videos_Sentence_Level/i am afraid of that/afraid (4).MP4,Videos_Sentence_Level/i am afraid of that/afraid (4).MP4,afraid (4).MP4,i am afraid of that,i_am_afraid_of_that,class_031,I AFRAID THAT,,110,225,skipped,110,0,0,0,
data/processed/landmarks/000225.npy,data/raw/archive/ISL_CSLRT_Corpus/ISL_CSLRT_Corpus/Videos_Sentence_Level/i am afraid of that/afraid (5).MP4,Videos_Sentence_Level/i am afraid of that/afraid (5).MP4,afraid (5).MP4,i am afraid of that,i_am_afraid_of_that,class_031,I AFRAID THAT,,118,225,skipped,118,0,0,0,
data/processed/landmarks/000226.npy,data/raw/archive/ISL_CSLRT_Corpus/ISL_CSLRT_Corpus/Videos_Sentence_Level/i am afraid of that/afraid.MP4,Videos_Sentence_Level/i am afraid of that/afraid.MP4,afraid.MP4,i am afraid of that,i_am_afraid_of_that,class_031,I AFRAID THAT,,124,225,skipped,124,0,0,0,
data/processed/landmarks/000227.npy,data/raw/archive/ISL_CSLRT_Corpus/ISL_CSLRT_Corpus/Videos_Sentence_Level/i am afraid of that/i am afraid of that (2).mp4,Videos_Sentence_Level/i am afraid of that/i am afraid of that (2).mp4,i am afraid of that (2).mp4,i am afraid of that,i_am_afraid_of_that,class_031,I AFRAID THAT,,75,225,skipped,75,0,0,0,
data/processed/landmarks/000228.npy,data/raw/archive/ISL_CSLRT_Corpus/ISL_CSLRT_Corpus/Videos_Sentence_Level/i am afraid of that/i am afraid of that.mp4,Videos_Sentence_Level/i am afraid of that/i am afraid of that.mp4,i am afraid of that.mp4,i am afraid of that,i_am_afraid_of_that,class_031,I AFRAID THAT,,75,225,skipped,75,0,0,0,
data/processed/landmarks/000229.npy,data/raw/archive/ISL_CSLRT_Corpus/ISL_CSLRT_Corpus/Videos_Sentence_Level/i am crying/i am crying (2).mp4,Videos_Sentence_Level/i am crying/i am crying (2).mp4,i am crying (2).mp4,i am crying,i_am_crying,class_032,I CRY,,75,225,skipped,75,0,0,0,
data/processed/landmarks/000230.npy,data/raw/archive/ISL_CSLRT_Corpus/ISL_CSLRT_Corpus/Videos_Sentence_Level/i am crying/i am crying (3).MP4,Videos_Sentence_Level/i am crying/i am crying (3).MP4,i am crying (3).MP4,i am crying,i_am_crying,class_032,I CRY,,96,225,skipped,96,0,0,0,
data/processed/landmarks/000231.npy,data/raw/archive/ISL_CSLRT_Corpus/ISL_CSLRT_Corpus/Videos_Sentence_Level/i am crying/i am crying (4).MP4,Videos_Sentence_Level/i am crying/i am crying (4).MP4,i am crying (4).MP4,i am crying,i_am_crying,class_032,I CRY,,77,225,skipped,77,0,0,0,
data/processed/landmarks/000232.npy,data/raw/archive/ISL_CSLRT_Corpus/ISL_CSLRT_Corpus/Videos_Sentence_Level/i am crying/i am crying (5).MP4,Videos_Sentence_Level/i am crying/i am crying (5).MP4,i am crying (5).MP4,i am crying,i_am_crying,class_032,I CRY,,98,225,skipped,98,0,0,0,
data/processed/landmarks/000233.npy,data/raw/archive/ISL_CSLRT_Corpus/ISL_CSLRT_Corpus/Videos_Sentence_Level/i am crying/i am crying (6).MP4,Videos_Sentence_Level/i am crying/i am crying (6).MP4,i am crying (6).MP4,i am crying,i_am_crying,class_032,I CRY,,111,225,skipped,111,0,0,0,
data/processed/landmarks/000234.npy,data/raw/archive/ISL_CSLRT_Corpus/ISL_CSLRT_Corpus/Videos_Sentence_Level/i am crying/i am crying (7).MP4,Videos_Sentence_Level/i am crying/i am crying (7).MP4,i am crying (7).MP4,i am crying,i_am_crying,class_032,I CRY,,82,225,skipped,82,0,0,0,
data/processed/landmarks/000235.npy,data/raw/archive/ISL_CSLRT_Corpus/ISL_CSLRT_Corpus/Videos_Sentence_Level/i am crying/i am crying.mp4,Videos_Sentence_Level/i am crying/i am crying.mp4,i am crying.mp4,i am crying,i_am_crying,class_032,I CRY,,75,225,skipped,75,0,0,0,
data/processed/landmarks/000236.npy,data/raw/archive/ISL_CSLRT_Corpus/ISL_CSLRT_Corpus/Videos_Sentence_Level/i am feeling bored/bored (2).MP4,Videos_Sentence_Level/i am feeling bored/bored (2).MP4,bored (2).MP4,i am feeling bored,i_am_feeling_bored,class_033,I FEELING BORED,,74,225,skipped,74,0,0,0,
data/processed/landmarks/000237.npy,data/raw/archive/ISL_CSLRT_Corpus/ISL_CSLRT_Corpus/Videos_Sentence_Level/i am feeling bored/bored (3).MP4,Videos_Sentence_Level/i am feeling bored/bored (3).MP4,bored (3).MP4,i am feeling bored,i_am_feeling_bored,class_033,I FEELING BORED,,122,225,skipped,122,0,0,0,
data/processed/landmarks/000238.npy,data/raw/archive/ISL_CSLRT_Corpus/ISL_CSLRT_Corpus/Videos_Sentence_Level/i am feeling bored/bored (4).MP4,Videos_Sentence_Level/i am feeling bored/bored (4).MP4,bored (4).MP4,i am feeling bored,i_am_feeling_bored,class_033,I FEELING BORED,,119,225,skipped,119,0,0,0,
data/processed/landmarks/000239.npy,data/raw/archive/ISL_CSLRT_Corpus/ISL_CSLRT_Corpus/Videos_Sentence_Level/i am feeling bored/bored (5).MP4,Videos_Sentence_Level/i am feeling bored/bored (5).MP4,bored (5).MP4,i am feeling bored,i_am_feeling_bored,class_033,I FEELING BORED,,101,225,skipped,101,0,0,0,
data/processed/landmarks/000240.npy,data/raw/archive/ISL_CSLRT_Corpus/ISL_CSLRT_Corpus/Videos_Sentence_Level/i am feeling bored/bored.MP4,Videos_Sentence_Level/i am feeling bored/bored.MP4,bored.MP4,i am feeling bored,i_am_feeling_bored,class_033,I FEELING BORED,,96,225,skipped,96,0,0,0,
data/processed/landmarks/000241.npy,data/raw/archive/ISL_CSLRT_Corpus/ISL_CSLRT_Corpus/Videos_Sentence_Level/i am feeling bored/i am feeling bored (2).mp4,Videos_Sentence_Level/i am feeling bored/i am feeling bored (2).mp4,i am feeling bored (2).mp4,i am feeling bored,i_am_feeling_bored,class_033,I FEELING BORED,,99,225,skipped,99,0,0,0,
data/processed/landmarks/000242.npy,data/raw/archive/ISL_CSLRT_Corpus/ISL_CSLRT_Corpus/Videos_Sentence_Level/i am feeling bored/i am feeling bored.mp4,Videos_Sentence_Level/i am feeling bored/i am feeling bored.mp4,i am feeling bored.mp4,i am feeling bored,i_am_feeling_bored,class_033,I FEELING BORED,,75,225,skipped,75,0,0,0,
data/processed/landmarks/000243.npy,data/raw/archive/ISL_CSLRT_Corpus/ISL_CSLRT_Corpus/Videos_Sentence_Level/i am feeling cold/cold (2).MP4,Videos_Sentence_Level/i am feeling cold/cold (2).MP4,cold (2).MP4,i am feeling cold,i_am_feeling_cold,class_034,I FEELING COLD,,77,225,skipped,77,0,0,0,
data/processed/landmarks/000244.npy,data/raw/archive/ISL_CSLRT_Corpus/ISL_CSLRT_Corpus/Videos_Sentence_Level/i am feeling cold/cold (3).MP4,Videos_Sentence_Level/i am feeling cold/cold (3).MP4,cold (3).MP4,i am feeling cold,i_am_feeling_cold,class_034,I FEELING COLD,,83,225,skipped,83,0,0,0,
data/processed/landmarks/000245.npy,data/raw/archive/ISL_CSLRT_Corpus/ISL_CSLRT_Corpus/Videos_Sentence_Level/i am feeling cold/cold (4).MP4,Videos_Sentence_Level/i am feeling cold/cold (4).MP4,cold (4).MP4,i am feeling cold,i_am_feeling_cold,class_034,I FEELING COLD,,81,225,skipped,81,0,0,0,
data/processed/landmarks/000246.npy,data/raw/archive/ISL_CSLRT_Corpus/ISL_CSLRT_Corpus/Videos_Sentence_Level/i am feeling cold/cold (5).MP4,Videos_Sentence_Level/i am feeling cold/cold (5).MP4,cold (5).MP4,i am feeling cold,i_am_feeling_cold,class_034,I FEELING COLD,,82,225,skipped,82,0,0,0,
data/processed/landmarks/000247.npy,data/raw/archive/ISL_CSLRT_Corpus/ISL_CSLRT_Corpus/Videos_Sentence_Level/i am feeling cold/cold.MP4,Videos_Sentence_Level/i am feeling cold/cold.MP4,cold.MP4,i am feeling cold,i_am_feeling_cold,class_034,I FEELING COLD,,76,225,skipped,76,0,0,0,
data/processed/landmarks/000248.npy,data/raw/archive/ISL_CSLRT_Corpus/ISL_CSLRT_Corpus/Videos_Sentence_Level/i am feeling cold/i am feeling cold (2).mp4,Videos_Sentence_Level/i am feeling cold/i am feeling cold (2).mp4,i am feeling cold (2).mp4,i am feeling cold,i_am_feeling_cold,class_034,I FEELING COLD,,50,225,skipped,50,0,0,0,
data/processed/landmarks/000249.npy,data/raw/archive/ISL_CSLRT_Corpus/ISL_CSLRT_Corpus/Videos_Sentence_Level/i am feeling cold/i am feeling cold.mp4,Videos_Sentence_Level/i am feeling cold/i am feeling cold.mp4,i am feeling cold.mp4,i am feeling cold,i_am_feeling_cold,class_034,I FEELING COLD,,50,225,skipped,50,0,0,0,
data/processed/landmarks/000250.npy,data/raw/archive/ISL_CSLRT_Corpus/ISL_CSLRT_Corpus/Videos_Sentence_Level/i am fine. thank you sir/fine thank (2).MP4,Videos_Sentence_Level/i am fine. thank you sir/fine thank (2).MP4,fine thank (2).MP4,i am fine. thank you sir,i_am_fine._thank_you_sir,class_035,I FINE. THANK YOU SIR,,109,225,skipped,109,0,0,0,
data/processed/landmarks/000251.npy,data/raw/archive/ISL_CSLRT_Corpus/ISL_CSLRT_Corpus/Videos_Sentence_Level/i am fine. thank you sir/fine thank (3).MP4,Videos_Sentence_Level/i am fine. thank you sir/fine thank (3).MP4,fine thank (3).MP4,i am fine. thank you sir,i_am_fine._thank_you_sir,class_035,I FINE. THANK YOU SIR,,138,225,skipped,138,0,0,0,
data/processed/landmarks/000252.npy,data/raw/archive/ISL_CSLRT_Corpus/ISL_CSLRT_Corpus/Videos_Sentence_Level/i am fine. thank you sir/fine thank (4).MP4,Videos_Sentence_Level/i am fine. thank you sir/fine thank (4).MP4,fine thank (4).MP4,i am fine. thank you sir,i_am_fine._thank_you_sir,class_035,I FINE. THANK YOU SIR,,102,225,skipped,102,0,0,0,
data/processed/landmarks/000253.npy,data/raw/archive/ISL_CSLRT_Corpus/ISL_CSLRT_Corpus/Videos_Sentence_Level/i am fine. thank you sir/fine thank (5).MP4,Videos_Sentence_Level/i am fine. thank you sir/fine thank (5).MP4,fine thank (5).MP4,i am fine. thank you sir,i_am_fine._thank_you_sir,class_035,I FINE. THANK YOU SIR,,129,225,skipped,129,0,0,0,
data/processed/landmarks/000254.npy,data/raw/archive/ISL_CSLRT_Corpus/ISL_CSLRT_Corpus/Videos_Sentence_Level/i am fine. thank you sir/fine thank.MP4,Videos_Sentence_Level/i am fine. thank you sir/fine thank.MP4,fine thank.MP4,i am fine. thank you sir,i_am_fine._thank_you_sir,class_035,I FINE. THANK YOU SIR,,132,225,skipped,132,0,0,0,
data/processed/landmarks/000255.npy,data/raw/archive/ISL_CSLRT_Corpus/ISL_CSLRT_Corpus/Videos_Sentence_Level/i am fine. thank you sir/i am fine. thank you sir (2).mp4,Videos_Sentence_Level/i am fine. thank you sir/i am fine. thank you sir (2).mp4,i am fine. thank you sir (2).mp4,i am fine. thank you sir,i_am_fine._thank_you_sir,class_035,I FINE. THANK YOU SIR,,75,225,skipped,75,0,0,0,
data/processed/landmarks/000256.npy,data/raw/archive/ISL_CSLRT_Corpus/ISL_CSLRT_Corpus/Videos_Sentence_Level/i am fine. thank you sir/i am fine. thank you sir.mp4,Videos_Sentence_Level/i am fine. thank you sir/i am fine. thank you sir.mp4,i am fine. thank you sir.mp4,i am fine. thank you sir,i_am_fine._thank_you_sir,class_035,I FINE. THANK YOU SIR,,50,225,skipped,50,0,0,0,
data/processed/landmarks/000257.npy,data/raw/archive/ISL_CSLRT_Corpus/ISL_CSLRT_Corpus/Videos_Sentence_Level/i am hungry/i am hungry   (1).mp4,Videos_Sentence_Level/i am hungry/i am hungry   (1).mp4,i am hungry   (1).mp4,i am hungry,i_am_hungry,class_036,I HUNGRY,,50,225,skipped,50,0,0,0,
data/processed/landmarks/000258.npy,data/raw/archive/ISL_CSLRT_Corpus/ISL_CSLRT_Corpus/Videos_Sentence_Level/i am hungry/i am hungry   (2).mp4,Videos_Sentence_Level/i am hungry/i am hungry   (2).mp4,i am hungry   (2).mp4,i am hungry,i_am_hungry,class_036,I HUNGRY,,50,225,skipped,50,0,0,0,
data/processed/landmarks/000259.npy,data/raw/archive/ISL_CSLRT_Corpus/ISL_CSLRT_Corpus/Videos_Sentence_Level/i am hungry/i am hungry   (3).MP4,Videos_Sentence_Level/i am hungry/i am hungry   (3).MP4,i am hungry   (3).MP4,i am hungry,i_am_hungry,class_036,I HUNGRY,,103,225,skipped,103,0,0,0,
data/processed/landmarks/000260.npy,data/raw/archive/ISL_CSLRT_Corpus/ISL_CSLRT_Corpus/Videos_Sentence_Level/i am hungry/i am hungry   (4).MP4,Videos_Sentence_Level/i am hungry/i am hungry   (4).MP4,i am hungry   (4).MP4,i am hungry,i_am_hungry,class_036,I HUNGRY,,127,225,skipped,127,0,0,0,
data/processed/landmarks/000261.npy,data/raw/archive/ISL_CSLRT_Corpus/ISL_CSLRT_Corpus/Videos_Sentence_Level/i am hungry/i am hungry   (5).MP4,Videos_Sentence_Level/i am hungry/i am hungry   (5).MP4,i am hungry   (5).MP4,i am hungry,i_am_hungry,class_036,I HUNGRY,,106,225,skipped,106,0,0,0,
data/processed/landmarks/000262.npy,data/raw/archive/ISL_CSLRT_Corpus/ISL_CSLRT_Corpus/Videos_Sentence_Level/i am hungry/i am hungry   (6).MP4,Videos_Sentence_Level/i am hungry/i am hungry   (6).MP4,i am hungry   (6).MP4,i am hungry,i_am_hungry,class_036,I HUNGRY,,100,225,skipped,100,0,0,0,
data/processed/landmarks/000263.npy,data/raw/archive/ISL_CSLRT_Corpus/ISL_CSLRT_Corpus/Videos_Sentence_Level/i am hungry/i am hungry   (7).MP4,Videos_Sentence_Level/i am hungry/i am hungry   (7).MP4,i am hungry   (7).MP4,i am hungry,i_am_hungry,class_036,I HUNGRY,,104,225,skipped,104,0,0,0,
data/processed/landmarks/000264.npy,data/raw/archive/ISL_CSLRT_Corpus/ISL_CSLRT_Corpus/Videos_Sentence_Level/i am in dilemma what to do/dilemma (2).MP4,Videos_Sentence_Level/i am in dilemma what to do/dilemma (2).MP4,dilemma (2).MP4,i am in dilemma what to do,i_am_in_dilemma_what_to_do,class_037,I IN DILEMMA WHAT TO DO,,153,225,skipped,153,0,0,0,
data/processed/landmarks/000265.npy,data/raw/archive/ISL_CSLRT_Corpus/ISL_CSLRT_Corpus/Videos_Sentence_Level/i am in dilemma what to do/dilemma (3).MP4,Videos_Sentence_Level/i am in dilemma what to do/dilemma (3).MP4,dilemma (3).MP4,i am in dilemma what to do,i_am_in_dilemma_what_to_do,class_037,I IN DILEMMA WHAT TO DO,,183,225,skipped,183,0,0,0,
data/processed/landmarks/000266.npy,data/raw/archive/ISL_CSLRT_Corpus/ISL_CSLRT_Corpus/Videos_Sentence_Level/i am in dilemma what to do/dilemma (4).MP4,Videos_Sentence_Level/i am in dilemma what to do/dilemma (4).MP4,dilemma (4).MP4,i am in dilemma what to do,i_am_in_dilemma_what_to_do,class_037,I IN DILEMMA WHAT TO DO,,192,225,skipped,192,0,0,0,
data/processed/landmarks/000267.npy,data/raw/archive/ISL_CSLRT_Corpus/ISL_CSLRT_Corpus/Videos_Sentence_Level/i am in dilemma what to do/dilemma (5).MP4,Videos_Sentence_Level/i am in dilemma what to do/dilemma (5).MP4,dilemma (5).MP4,i am in dilemma what to do,i_am_in_dilemma_what_to_do,class_037,I IN DILEMMA WHAT TO DO,,141,225,skipped,141,0,0,0,
data/processed/landmarks/000268.npy,data/raw/archive/ISL_CSLRT_Corpus/ISL_CSLRT_Corpus/Videos_Sentence_Level/i am in dilemma what to do/dilemma.MP4,Videos_Sentence_Level/i am in dilemma what to do/dilemma.MP4,dilemma.MP4,i am in dilemma what to do,i_am_in_dilemma_what_to_do,class_037,I IN DILEMMA WHAT TO DO,,168,225,skipped,168,0,0,0,
data/processed/landmarks/000269.npy,data/raw/archive/ISL_CSLRT_Corpus/ISL_CSLRT_Corpus/Videos_Sentence_Level/i am in dilemma what to do/i am in dilemma what to do (2).mp4,Videos_Sentence_Level/i am in dilemma what to do/i am in dilemma what to do (2).mp4,i am in dilemma what to do (2).mp4,i am in dilemma what to do,i_am_in_dilemma_what_to_do,class_037,I IN DILEMMA WHAT TO DO,,75,225,skipped,75,0,0,0,
data/processed/landmarks/000270.npy,data/raw/archive/ISL_CSLRT_Corpus/ISL_CSLRT_Corpus/Videos_Sentence_Level/i am in dilemma what to do/i am in dilemma what to do.mp4,Videos_Sentence_Level/i am in dilemma what to do/i am in dilemma what to do.mp4,i am in dilemma what to do.mp4,i am in dilemma what to do,i_am_in_dilemma_what_to_do,class_037,I IN DILEMMA WHAT TO DO,,125,225,skipped,125,0,0,0,
data/processed/landmarks/000271.npy,data/raw/archive/ISL_CSLRT_Corpus/ISL_CSLRT_Corpus/Videos_Sentence_Level/i am not really sure/MVI_6546.MP4,Videos_Sentence_Level/i am not really sure/MVI_6546.MP4,MVI_6546.MP4,i am not really sure,i_am_not_really_sure,class_038,I NOT REALLY SURE,,78,225,skipped,78,0,0,0,
data/processed/landmarks/000272.npy,data/raw/archive/ISL_CSLRT_Corpus/ISL_CSLRT_Corpus/Videos_Sentence_Level/i am not really sure/i am not really sure (2).mp4,Videos_Sentence_Level/i am not really sure/i am not really sure (2).mp4,i am not really sure (2).mp4,i am not really sure,i_am_not_really_sure,class_038,I NOT REALLY SURE,,50,225,skipped,50,0,0,0,
data/processed/landmarks/000273.npy,data/raw/archive/ISL_CSLRT_Corpus/ISL_CSLRT_Corpus/Videos_Sentence_Level/i am not really sure/i am not really sure.mp4,Videos_Sentence_Level/i am not really sure/i am not really sure.mp4,i am not really sure.mp4,i am not really sure,i_am_not_really_sure,class_038,I NOT REALLY SURE,,75,225,skipped,75,0,0,0,
data/processed/landmarks/000274.npy,data/raw/archive/ISL_CSLRT_Corpus/ISL_CSLRT_Corpus/Videos_Sentence_Level/i am not really sure/really sure (2).MP4,Videos_Sentence_Level/i am not really sure/really sure (2).MP4,really sure (2).MP4,i am not really sure,i_am_not_really_sure,class_038,I NOT REALLY SURE,,103,225,skipped,103,0,0,0,
data/processed/landmarks/000275.npy,data/raw/archive/ISL_CSLRT_Corpus/ISL_CSLRT_Corpus/Videos_Sentence_Level/i am not really sure/really sure (3).MP4,Videos_Sentence_Level/i am not really sure/really sure (3).MP4,really sure (3).MP4,i am not really sure,i_am_not_really_sure,class_038,I NOT REALLY SURE,,81,225,skipped,81,0,0,0,
data/processed/landmarks/000276.npy,data/raw/archive/ISL_CSLRT_Corpus/ISL_CSLRT_Corpus/Videos_Sentence_Level/i am not really sure/really sure (4).MP4,Videos_Sentence_Level/i am not really sure/really sure (4).MP4,really sure (4).MP4,i am not really sure,i_am_not_really_sure,class_038,I NOT REALLY SURE,,95,225,skipped,95,0,0,0,
data/processed/landmarks/000277.npy,data/raw/archive/ISL_CSLRT_Corpus/ISL_CSLRT_Corpus/Videos_Sentence_Level/i am not really sure/really sure.MP4,Videos_Sentence_Level/i am not really sure/really sure.MP4,really sure.MP4,i am not really sure,i_am_not_really_sure,class_038,I NOT REALLY SURE,,100,225,skipped,100,0,0,0,
data/processed/landmarks/000278.npy,data/raw/archive/ISL_CSLRT_Corpus/ISL_CSLRT_Corpus/Videos_Sentence_Level/i am really grateful/MVI_6104.MP4,Videos_Sentence_Level/i am really grateful/MVI_6104.MP4,MVI_6104.MP4,i am really grateful,i_am_really_grateful,class_039,I REALLY GRATEFUL,,133,225,skipped,133,0,0,0,
data/processed/landmarks/000279.npy,data/raw/archive/ISL_CSLRT_Corpus/ISL_CSLRT_Corpus/Videos_Sentence_Level/i am really grateful/MVI_6395.MP4,Videos_Sentence_Level/i am really grateful/MVI_6395.MP4,MVI_6395.MP4,i am really grateful,i_am_really_grateful,class_039,I REALLY GRATEFUL,,131,225,skipped,131,0,0,0,
data/processed/landmarks/000280.npy,data/raw/archive/ISL_CSLRT_Corpus/ISL_CSLRT_Corpus/Videos_Sentence_Level/i am really grateful/MVI_6539.MP4,Videos_Sentence_Level/i am really grateful/MVI_6539.MP4,MVI_6539.MP4,i am really grateful,i_am_really_grateful,class_039,I REALLY GRATEFUL,,93,225,skipped,93,0,0,0,
data/processed/landmarks/000281.npy,data/raw/archive/ISL_CSLRT_Corpus/ISL_CSLRT_Corpus/Videos_Sentence_Level/i am really grateful/MVI_6721.MP4,Videos_Sentence_Level/i am really grateful/MVI_6721.MP4,MVI_6721.MP4,i am really grateful,i_am_really_grateful,class_039,I REALLY GRATEFUL,,120,225,skipped,120,0,0,0,
data/processed/landmarks/000282.npy,data/raw/archive/ISL_CSLRT_Corpus/ISL_CSLRT_Corpus/Videos_Sentence_Level/i am really grateful/MVI_6849.MP4,Videos_Sentence_Level/i am really grateful/MVI_6849.MP4,MVI_6849.MP4,i am really grateful,i_am_really_grateful,class_039,I REALLY GRATEFUL,,110,225,skipped,110,0,0,0,
data/processed/landmarks/000283.npy,data/raw/archive/ISL_CSLRT_Corpus/ISL_CSLRT_Corpus/Videos_Sentence_Level/i am really grateful/i am really grateful (2).mp4,Videos_Sentence_Level/i am really grateful/i am really grateful (2).mp4,i am really grateful (2).mp4,i am really grateful,i_am_really_grateful,class_039,I REALLY GRATEFUL,,50,225,skipped,50,0,0,0,
data/processed/landmarks/000284.npy,data/raw/archive/ISL_CSLRT_Corpus/ISL_CSLRT_Corpus/Videos_Sentence_Level/i am really grateful/i am really grateful.mp4,Videos_Sentence_Level/i am really grateful/i am really grateful.mp4,i am really grateful.mp4,i am really grateful,i_am_really_grateful,class_039,I REALLY GRATEFUL,,75,225,skipped,75,0,0,0,
data/processed/landmarks/000285.npy,data/raw/archive/ISL_CSLRT_Corpus/ISL_CSLRT_Corpus/Videos_Sentence_Level/i am sitting in the class/i am sitting in the class (2).mp4,Videos_Sentence_Level/i am sitting in the class/i am sitting in the class (2).mp4,i am sitting in the class (2).mp4,i am sitting in the class,i_am_sitting_in_the_class,class_040,I SITTING IN THE CLASS,,50,225,skipped,50,0,0,0,
data/processed/landmarks/000286.npy,data/raw/archive/ISL_CSLRT_Corpus/ISL_CSLRT_Corpus/Videos_Sentence_Level/i am sitting in the class/i am sitting in the class.mp4,Videos_Sentence_Level/i am sitting in the class/i am sitting in the class.mp4,i am sitting in the class.mp4,i am sitting in the class,i_am_sitting_in_the_class,class_040,I SITTING IN THE CLASS,,100,225,skipped,100,0,0,0,
data/processed/landmarks/000287.npy,data/raw/archive/ISL_CSLRT_Corpus/ISL_CSLRT_Corpus/Videos_Sentence_Level/i am sitting in the class/sitting (2).MP4,Videos_Sentence_Level/i am sitting in the class/sitting (2).MP4,sitting (2).MP4,i am sitting in the class,i_am_sitting_in_the_class,class_040,I SITTING IN THE CLASS,,160,225,skipped,160,0,0,0,
data/processed/landmarks/000288.npy,data/raw/archive/ISL_CSLRT_Corpus/ISL_CSLRT_Corpus/Videos_Sentence_Level/i am sitting in the class/sitting (3).MP4,Videos_Sentence_Level/i am sitting in the class/sitting (3).MP4,sitting (3).MP4,i am sitting in the class,i_am_sitting_in_the_class,class_040,I SITTING IN THE CLASS,,173,225,skipped,173,0,0,0,
data/processed/landmarks/000289.npy,data/raw/archive/ISL_CSLRT_Corpus/ISL_CSLRT_Corpus/Videos_Sentence_Level/i am sitting in the class/sitting (4).MP4,Videos_Sentence_Level/i am sitting in the class/sitting (4).MP4,sitting (4).MP4,i am sitting in the class,i_am_sitting_in_the_class,class_040,I SITTING IN THE CLASS,,177,225,skipped,177,0,0,0,
data/processed/landmarks/000290.npy,data/raw/archive/ISL_CSLRT_Corpus/ISL_CSLRT_Corpus/Videos_Sentence_Level/i am sitting in the class/sitting (5).MP4,Videos_Sentence_Level/i am sitting in the class/sitting (5).MP4,sitting (5).MP4,i am sitting in the class,i_am_sitting_in_the_class,class_040,I SITTING IN THE CLASS,,176,225,skipped,176,0,0,0,
data/processed/landmarks/000291.npy,data/raw/archive/ISL_CSLRT_Corpus/ISL_CSLRT_Corpus/Videos_Sentence_Level/i am sitting in the class/sitting.MP4,Videos_Sentence_Level/i am sitting in the class/sitting.MP4,sitting.MP4,i am sitting in the class,i_am_sitting_in_the_class,class_040,I SITTING IN THE CLASS,,149,225,skipped,149,0,0,0,
data/processed/landmarks/000292.npy,data/raw/archive/ISL_CSLRT_Corpus/ISL_CSLRT_Corpus/Videos_Sentence_Level/i am so sorry to hear that/i am so sorry to hear that (2).mp4,Videos_Sentence_Level/i am so sorry to hear that/i am so sorry to hear that (2).mp4,i am so sorry to hear that (2).mp4,i am so sorry to hear that,i_am_so_sorry_to_hear_that,class_041,I AM SO SORRY TO HEAR THAT,,25,225,skipped,25,0,0,0,
data/processed/landmarks/000293.npy,data/raw/archive/ISL_CSLRT_Corpus/ISL_CSLRT_Corpus/Videos_Sentence_Level/i am so sorry to hear that/i am so sorry to hear that.mp4,Videos_Sentence_Level/i am so sorry to hear that/i am so sorry to hear that.mp4,i am so sorry to hear that.mp4,i am so sorry to hear that,i_am_so_sorry_to_hear_that,class_041,I AM SO SORRY TO HEAR THAT,,75,225,skipped,75,0,0,0,
data/processed/landmarks/000294.npy,data/raw/archive/ISL_CSLRT_Corpus/ISL_CSLRT_Corpus/Videos_Sentence_Level/i am so sorry to hear that/sorry hear (2).MP4,Videos_Sentence_Level/i am so sorry to hear that/sorry hear (2).MP4,sorry hear (2).MP4,i am so sorry to hear that,i_am_so_sorry_to_hear_that,class_041,I AM SO SORRY TO HEAR THAT,,88,225,skipped,88,0,0,0,
data/processed/landmarks/000295.npy,data/raw/archive/ISL_CSLRT_Corpus/ISL_CSLRT_Corpus/Videos_Sentence_Level/i am so sorry to hear that/sorry hear (3).MP4,Videos_Sentence_Level/i am so sorry to hear that/sorry hear (3).MP4,sorry hear (3).MP4,i am so sorry to hear that,i_am_so_sorry_to_hear_that,class_041,I AM SO SORRY TO HEAR THAT,,131,225,skipped,131,0,0,0,
data/processed/landmarks/000296.npy,data/raw/archive/ISL_CSLRT_Corpus/ISL_CSLRT_Corpus/Videos_Sentence_Level/i am so sorry to hear that/sorry hear (4).MP4,Videos_Sentence_Level/i am so sorry to hear that/sorry hear (4).MP4,sorry hear (4).MP4,i am so sorry to hear that,i_am_so_sorry_to_hear_that,class_041,I AM SO SORRY TO HEAR THAT,,115,225,skipped,115,0,0,0,
data/processed/landmarks/000297.npy,data/raw/archive/ISL_CSLRT_Corpus/ISL_CSLRT_Corpus/Videos_Sentence_Level/i am so sorry to hear that/sorry hear (5).MP4,Videos_Sentence_Level/i am so sorry to hear that/sorry hear (5).MP4,sorry hear (5).MP4,i am so sorry to hear that,i_am_so_sorry_to_hear_that,class_041,I AM SO SORRY TO HEAR THAT,,113,225,skipped,113,0,0,0,
data/processed/landmarks/000298.npy,data/raw/archive/ISL_CSLRT_Corpus/ISL_CSLRT_Corpus/Videos_Sentence_Level/i am so sorry to hear that/sorry hear.MP4,Videos_Sentence_Level/i am so sorry to hear that/sorry hear.MP4,sorry hear.MP4,i am so sorry to hear that,i_am_so_sorry_to_hear_that,class_041,I AM SO SORRY TO HEAR THAT,,123,225,skipped,123,0,0,0,
data/processed/landmarks/000299.npy,data/raw/archive/ISL_CSLRT_Corpus/ISL_CSLRT_Corpus/Videos_Sentence_Level/i am suffering from fever/fever (2).MP4,Videos_Sentence_Level/i am suffering from fever/fever (2).MP4,fever (2).MP4,i am suffering from fever,i_am_suffering_from_fever,class_042,I SUFFERING FROM FEVER,,72,225,skipped,72,0,0,0,
data/processed/landmarks/000300.npy,data/raw/archive/ISL_CSLRT_Corpus/ISL_CSLRT_Corpus/Videos_Sentence_Level/i am suffering from fever/fever (3).MP4,Videos_Sentence_Level/i am suffering from fever/fever (3).MP4,fever (3).MP4,i am suffering from fever,i_am_suffering_from_fever,class_042,I SUFFERING FROM FEVER,,100,225,skipped,100,0,0,0,
data/processed/landmarks/000301.npy,data/raw/archive/ISL_CSLRT_Corpus/ISL_CSLRT_Corpus/Videos_Sentence_Level/i am suffering from fever/fever (4).MP4,Videos_Sentence_Level/i am suffering from fever/fever (4).MP4,fever (4).MP4,i am suffering from fever,i_am_suffering_from_fever,class_042,I SUFFERING FROM FEVER,,101,225,skipped,101,0,0,0,
data/processed/landmarks/000302.npy,data/raw/archive/ISL_CSLRT_Corpus/ISL_CSLRT_Corpus/Videos_Sentence_Level/i am suffering from fever/fever (5).MP4,Videos_Sentence_Level/i am suffering from fever/fever (5).MP4,fever (5).MP4,i am suffering from fever,i_am_suffering_from_fever,class_042,I SUFFERING FROM FEVER,,97,225,skipped,97,0,0,0,
data/processed/landmarks/000303.npy,data/raw/archive/ISL_CSLRT_Corpus/ISL_CSLRT_Corpus/Videos_Sentence_Level/i am suffering from fever/fever.MP4,Videos_Sentence_Level/i am suffering from fever/fever.MP4,fever.MP4,i am suffering from fever,i_am_suffering_from_fever,class_042,I SUFFERING FROM FEVER,,98,225,skipped,98,0,0,0,
data/processed/landmarks/000304.npy,data/raw/archive/ISL_CSLRT_Corpus/ISL_CSLRT_Corpus/Videos_Sentence_Level/i am suffering from fever/i am suffering from fever (2).mp4,Videos_Sentence_Level/i am suffering from fever/i am suffering from fever (2).mp4,i am suffering from fever (2).mp4,i am suffering from fever,i_am_suffering_from_fever,class_042,I SUFFERING FROM FEVER,,50,225,skipped,50,0,0,0,
data/processed/landmarks/000305.npy,data/raw/archive/ISL_CSLRT_Corpus/ISL_CSLRT_Corpus/Videos_Sentence_Level/i am suffering from fever/i am suffering from fever.mp4,Videos_Sentence_Level/i am suffering from fever/i am suffering from fever.mp4,i am suffering from fever.mp4,i am suffering from fever,i_am_suffering_from_fever,class_042,I SUFFERING FROM FEVER,,50,225,skipped,50,0,0,0,
data/processed/landmarks/000306.npy,data/raw/archive/ISL_CSLRT_Corpus/ISL_CSLRT_Corpus/Videos_Sentence_Level/i am tired/i am tired (2).mp4,Videos_Sentence_Level/i am tired/i am tired (2).mp4,i am tired (2).mp4,i am tired,i_am_tired,class_043,I TIRED,,75,225,skipped,75,0,0,0,
data/processed/landmarks/000307.npy,data/raw/archive/ISL_CSLRT_Corpus/ISL_CSLRT_Corpus/Videos_Sentence_Level/i am tired/i am tired.mp4,Videos_Sentence_Level/i am tired/i am tired.mp4,i am tired.mp4,i am tired,i_am_tired,class_043,I TIRED,,75,225,skipped,75,0,0,0,
data/processed/landmarks/000308.npy,data/raw/archive/ISL_CSLRT_Corpus/ISL_CSLRT_Corpus/Videos_Sentence_Level/i am tired/tired (2).MP4,Videos_Sentence_Level/i am tired/tired (2).MP4,tired (2).MP4,i am tired,i_am_tired,class_043,I TIRED,,95,225,skipped,95,0,0,0,
data/processed/landmarks/000309.npy,data/raw/archive/ISL_CSLRT_Corpus/ISL_CSLRT_Corpus/Videos_Sentence_Level/i am tired/tired (3).MP4,Videos_Sentence_Level/i am tired/tired (3).MP4,tired (3).MP4,i am tired,i_am_tired,class_043,I TIRED,,102,225,skipped,102,0,0,0,
data/processed/landmarks/000310.npy,data/raw/archive/ISL_CSLRT_Corpus/ISL_CSLRT_Corpus/Videos_Sentence_Level/i am tired/tired (4).MP4,Videos_Sentence_Level/i am tired/tired (4).MP4,tired (4).MP4,i am tired,i_am_tired,class_043,I TIRED,,74,225,skipped,74,0,0,0,
data/processed/landmarks/000311.npy,data/raw/archive/ISL_CSLRT_Corpus/ISL_CSLRT_Corpus/Videos_Sentence_Level/i am tired/tired (5).MP4,Videos_Sentence_Level/i am tired/tired (5).MP4,tired (5).MP4,i am tired,i_am_tired,class_043,I TIRED,,116,225,skipped,116,0,0,0,
data/processed/landmarks/000312.npy,data/raw/archive/ISL_CSLRT_Corpus/ISL_CSLRT_Corpus/Videos_Sentence_Level/i am tired/tired.MP4,Videos_Sentence_Level/i am tired/tired.MP4,tired.MP4,i am tired,i_am_tired,class_043,I TIRED,,105,225,skipped,105,0,0,0,
data/processed/landmarks/000313.npy,data/raw/archive/ISL_CSLRT_Corpus/ISL_CSLRT_Corpus/Videos_Sentence_Level/i am very happy/i am very happy (2).mp4,Videos_Sentence_Level/i am very happy/i am very happy (2).mp4,i am very happy (2).mp4,i am very happy,i_am_very_happy,class_044,I VERY HAPPY,,50,225,skipped,50,0,0,0,
data/processed/landmarks/000314.npy,data/raw/archive/ISL_CSLRT_Corpus/ISL_CSLRT_Corpus/Videos_Sentence_Level/i am very happy/i am very happy.mp4,Videos_Sentence_Level/i am very happy/i am very happy.mp4,i am very happy.mp4,i am very happy,i_am_very_happy,class_044,I VERY HAPPY,,75,225,skipped,75,0,0,0,
data/processed/landmarks/000315.npy,data/raw/archive/ISL_CSLRT_Corpus/ISL_CSLRT_Corpus/Videos_Sentence_Level/i am very happy/very happy (2).MP4,Videos_Sentence_Level/i am very happy/very happy (2).MP4,very happy (2).MP4,i am very happy,i_am_very_happy,class_044,I VERY HAPPY,,87,225,skipped,87,0,0,0,
data/processed/landmarks/000316.npy,data/raw/archive/ISL_CSLRT_Corpus/ISL_CSLRT_Corpus/Videos_Sentence_Level/i am very happy/very happy (3).MP4,Videos_Sentence_Level/i am very happy/very happy (3).MP4,very happy (3).MP4,i am very happy,i_am_very_happy,class_044,I VERY HAPPY,,74,225,skipped,74,0,0,0,
data/processed/landmarks/000317.npy,data/raw/archive/ISL_CSLRT_Corpus/ISL_CSLRT_Corpus/Videos_Sentence_Level/i am very happy/very happy (4).MP4,Videos_Sentence_Level/i am very happy/very happy (4).MP4,very happy (4).MP4,i am very happy,i_am_very_happy,class_044,I VERY HAPPY,,110,225,skipped,110,0,0,0,
data/processed/landmarks/000318.npy,data/raw/archive/ISL_CSLRT_Corpus/ISL_CSLRT_Corpus/Videos_Sentence_Level/i am very happy/very happy.MP4,Videos_Sentence_Level/i am very happy/very happy.MP4,very happy.MP4,i am very happy,i_am_very_happy,class_044,I VERY HAPPY,,89,225,skipped,89,0,0,0,
data/processed/landmarks/000319.npy,data/raw/archive/ISL_CSLRT_Corpus/ISL_CSLRT_Corpus/Videos_Sentence_Level/i can not help you there/MVI_6109.MP4,Videos_Sentence_Level/i can not help you there/MVI_6109.MP4,MVI_6109.MP4,i can not help you there,i_can_not_help_you_there,class_045,I NOT HELP YOU THERE,,128,225,skipped,128,0,0,0,
data/processed/landmarks/000320.npy,data/raw/archive/ISL_CSLRT_Corpus/ISL_CSLRT_Corpus/Videos_Sentence_Level/i can not help you there/MVI_6399.MP4,Videos_Sentence_Level/i can not help you there/MVI_6399.MP4,MVI_6399.MP4,i can not help you there,i_can_not_help_you_there,class_045,I NOT HELP YOU THERE,,109,225,skipped,109,0,0,0,
data/processed/landmarks/000321.npy,data/raw/archive/ISL_CSLRT_Corpus/ISL_CSLRT_Corpus/Videos_Sentence_Level/i can not help you there/MVI_6545.MP4,Videos_Sentence_Level/i can not help you there/MVI_6545.MP4,MVI_6545.MP4,i can not help you there,i_can_not_help_you_there,class_045,I NOT HELP YOU THERE,,94,225,skipped,94,0,0,0,
data/processed/landmarks/000322.npy,data/raw/archive/ISL_CSLRT_Corpus/ISL_CSLRT_Corpus/Videos_Sentence_Level/i can not help you there/MVI_6725.MP4,Videos_Sentence_Level/i can not help you there/MVI_6725.MP4,MVI_6725.MP4,i can not help you there,i_can_not_help_you_there,class_045,I NOT HELP YOU THERE,,101,225,skipped,101,0,0,0,
data/processed/landmarks/000323.npy,data/raw/archive/ISL_CSLRT_Corpus/ISL_CSLRT_Corpus/Videos_Sentence_Level/i can not help you there/MVI_6854.MP4,Videos_Sentence_Level/i can not help you there/MVI_6854.MP4,MVI_6854.MP4,i can not help you there,i_can_not_help_you_there,class_045,I NOT HELP YOU THERE,,86,225,skipped,86,0,0,0,
data/processed/landmarks/000324.npy,data/raw/archive/ISL_CSLRT_Corpus/ISL_CSLRT_Corpus/Videos_Sentence_Level/i can not help you there/i can not help you there (2).mp4,Videos_Sentence_Level/i can not help you there/i can not help you there (2).mp4,i can not help you there (2).mp4,i can not help you there,i_can_not_help_you_there,class_045,I NOT HELP YOU THERE,,50,225,skipped,50,0,0,0,
data/processed/landmarks/000325.npy,data/raw/archive/ISL_CSLRT_Corpus/ISL_CSLRT_Corpus/Videos_Sentence_Level/i can not help you there/i can not help you there.mp4,Videos_Sentence_Level/i can not help you there/i can not help you there.mp4,i can not help you there.mp4,i can not help you there,i_can_not_help_you_there,class_045,I NOT HELP YOU THERE,,100,225,skipped,100,0,0,0,
data/processed/landmarks/000326.npy,data/raw/archive/ISL_CSLRT_Corpus/ISL_CSLRT_Corpus/Videos_Sentence_Level/i do not agree/agree (2).MP4,Videos_Sentence_Level/i do not agree/agree (2).MP4,agree (2).MP4,i do not agree,i_do_not_agree,class_046,I DONOT AGREE,,102,225,skipped,102,0,0,0,
data/processed/landmarks/000327.npy,data/raw/archive/ISL_CSLRT_Corpus/ISL_CSLRT_Corpus/Videos_Sentence_Level/i do not agree/agree (3).MP4,Videos_Sentence_Level/i do not agree/agree (3).MP4,agree (3).MP4,i do not agree,i_do_not_agree,class_046,I DONOT AGREE,,110,225,skipped,110,0,0,0,
data/processed/landmarks/000328.npy,data/raw/archive/ISL_CSLRT_Corpus/ISL_CSLRT_Corpus/Videos_Sentence_Level/i do not agree/agree (4).MP4,Videos_Sentence_Level/i do not agree/agree (4).MP4,agree (4).MP4,i do not agree,i_do_not_agree,class_046,I DONOT AGREE,,110,225,skipped,110,0,0,0,
data/processed/landmarks/000329.npy,data/raw/archive/ISL_CSLRT_Corpus/ISL_CSLRT_Corpus/Videos_Sentence_Level/i do not agree/agree (5).MP4,Videos_Sentence_Level/i do not agree/agree (5).MP4,agree (5).MP4,i do not agree,i_do_not_agree,class_046,I DONOT AGREE,,130,225,skipped,130,0,0,0,
data/processed/landmarks/000330.npy,data/raw/archive/ISL_CSLRT_Corpus/ISL_CSLRT_Corpus/Videos_Sentence_Level/i do not agree/agree.MP4,Videos_Sentence_Level/i do not agree/agree.MP4,agree.MP4,i do not agree,i_do_not_agree,class_046,I DONOT AGREE,,100,225,skipped,100,0,0,0,
data/processed/landmarks/000331.npy,data/raw/archive/ISL_CSLRT_Corpus/ISL_CSLRT_Corpus/Videos_Sentence_Level/i do not agree/i do not agree (2).mp4,Videos_Sentence_Level/i do not agree/i do not agree (2).mp4,i do not agree (2).mp4,i do not agree,i_do_not_agree,class_046,I DONOT AGREE,,50,225,skipped,50,0,0,0,
data/processed/landmarks/000332.npy,data/raw/archive/ISL_CSLRT_Corpus/ISL_CSLRT_Corpus/Videos_Sentence_Level/i do not agree/i do not agree.mp4,Videos_Sentence_Level/i do not agree/i do not agree.mp4,i do not agree.mp4,i do not agree,i_do_not_agree,class_046,I DONOT AGREE,,75,225,skipped,75,0,0,0,
data/processed/landmarks/000333.npy,data/raw/archive/ISL_CSLRT_Corpus/ISL_CSLRT_Corpus/Videos_Sentence_Level/i do not like it/hate (2).MP4,Videos_Sentence_Level/i do not like it/hate (2).MP4,hate (2).MP4,i do not like it,i_do_not_like_it,class_047,I DO NOT LIKE IT,,88,225,skipped,88,0,0,0,
data/processed/landmarks/000334.npy,data/raw/archive/ISL_CSLRT_Corpus/ISL_CSLRT_Corpus/Videos_Sentence_Level/i do not like it/hate (3).MP4,Videos_Sentence_Level/i do not like it/hate (3).MP4,hate (3).MP4,i do not like it,i_do_not_like_it,class_047,I DO NOT LIKE IT,,104,225,skipped,104,0,0,0,
data/processed/landmarks/000335.npy,data/raw/archive/ISL_CSLRT_Corpus/ISL_CSLRT_Corpus/Videos_Sentence_Level/i do not like it/hate (4).MP4,Videos_Sentence_Level/i do not like it/hate (4).MP4,hate (4).MP4,i do not like it,i_do_not_like_it,class_047,I DO NOT LIKE IT,,109,225,skipped,109,0,0,0,
data/processed/landmarks/000336.npy,data/raw/archive/ISL_CSLRT_Corpus/ISL_CSLRT_Corpus/Videos_Sentence_Level/i do not like it/hate it.MP4,Videos_Sentence_Level/i do not like it/hate it.MP4,hate it.MP4,i do not like it,i_do_not_like_it,class_047,I DO NOT LIKE IT,,105,225,skipped,105,0,0,0,
data/processed/landmarks/000337.npy,data/raw/archive/ISL_CSLRT_Corpus/ISL_CSLRT_Corpus/Videos_Sentence_Level/i do not like it/hate.MP4,Videos_Sentence_Level/i do not like it/hate.MP4,hate.MP4,i do not like it,i_do_not_like_it,class_047,I DO NOT LIKE IT,,110,225,skipped,110,0,0,0,
data/processed/landmarks/000338.npy,data/raw/archive/ISL_CSLRT_Corpus/ISL_CSLRT_Corpus/Videos_Sentence_Level/i do not like it/i do not like it (2).mp4,Videos_Sentence_Level/i do not like it/i do not like it (2).mp4,i do not like it (2).mp4,i do not like it,i_do_not_like_it,class_047,I DO NOT LIKE IT,,4500,225,skipped,4500,0,0,0,
data/processed/landmarks/000339.npy,data/raw/archive/ISL_CSLRT_Corpus/ISL_CSLRT_Corpus/Videos_Sentence_Level/i do not like it/i do not like it.mp4,Videos_Sentence_Level/i do not like it/i do not like it.mp4,i do not like it.mp4,i do not like it,i_do_not_like_it,class_047,I DO NOT LIKE IT,,100,225,skipped,100,0,0,0,
data/processed/landmarks/000340.npy,data/raw/archive/ISL_CSLRT_Corpus/ISL_CSLRT_Corpus/Videos_Sentence_Level/i do not mean it/i do not mean it (3).mp4,Videos_Sentence_Level/i do not mean it/i do not mean it (3).mp4,i do not mean it (3).mp4,i do not mean it,i_do_not_mean_it,class_048,I DO NOT MEAN IT,,75,225,skipped,75,0,0,0,
data/processed/landmarks/000341.npy,data/raw/archive/ISL_CSLRT_Corpus/ISL_CSLRT_Corpus/Videos_Sentence_Level/i do not mean it/i do not mean it.mp4,Videos_Sentence_Level/i do not mean it/i do not mean it.mp4,i do not mean it.mp4,i do not mean it,i_do_not_mean_it,class_048,I DO NOT MEAN IT,,100,225,skipped,100,0,0,0,
data/processed/landmarks/000342.npy,data/raw/archive/ISL_CSLRT_Corpus/ISL_CSLRT_Corpus/Videos_Sentence_Level/i do not mean it/mean (2).MP4,Videos_Sentence_Level/i do not mean it/mean (2).MP4,mean (2).MP4,i do not mean it,i_do_not_mean_it,class_048,I DO NOT MEAN IT,,149,225,skipped,149,0,0,0,
data/processed/landmarks/000343.npy,data/raw/archive/ISL_CSLRT_Corpus/ISL_CSLRT_Corpus/Videos_Sentence_Level/i do not mean it/mean (3).MP4,Videos_Sentence_Level/i do not mean it/mean (3).MP4,mean (3).MP4,i do not mean it,i_do_not_mean_it,class_048,I DO NOT MEAN IT,,125,225,skipped,125,0,0,0,
data/processed/landmarks/000344.npy,data/raw/archive/ISL_CSLRT_Corpus/ISL_CSLRT_Corpus/Videos_Sentence_Level/i do not mean it/mean (4).MP4,Videos_Sentence_Level/i do not mean it/mean (4).MP4,mean (4).MP4,i do not mean it,i_do_not_mean_it,class_048,I DO NOT MEAN IT,,107,225,skipped,107,0,0,0,
data/processed/landmarks/000345.npy,data/raw/archive/ISL_CSLRT_Corpus/ISL_CSLRT_Corpus/Videos_Sentence_Level/i do not mean it/mean (5).MP4,Videos_Sentence_Level/i do not mean it/mean (5).MP4,mean (5).MP4,i do not mean it,i_do_not_mean_it,class_048,I DO NOT MEAN IT,,173,225,skipped,173,0,0,0,
data/processed/landmarks/000346.npy,data/raw/archive/ISL_CSLRT_Corpus/ISL_CSLRT_Corpus/Videos_Sentence_Level/i do not mean it/mean.MP4,Videos_Sentence_Level/i do not mean it/mean.MP4,mean.MP4,i do not mean it,i_do_not_mean_it,class_048,I DO NOT MEAN IT,,105,225,skipped,105,0,0,0,
data/processed/landmarks/000347.npy,data/raw/archive/ISL_CSLRT_Corpus/ISL_CSLRT_Corpus/Videos_Sentence_Level/i dont agree/MVI_6494.MP4,Videos_Sentence_Level/i dont agree/MVI_6494.MP4,MVI_6494.MP4,i dont agree,i_dont_agree,class_049,I DONT AGREE,,100,225,skipped,100,0,0,0,
data/processed/landmarks/000348.npy,data/raw/archive/ISL_CSLRT_Corpus/ISL_CSLRT_Corpus/Videos_Sentence_Level/i enjoyed a lot/enjoy (2).MP4,Videos_Sentence_Level/i enjoyed a lot/enjoy (2).MP4,enjoy (2).MP4,i enjoyed a lot,i_enjoyed_a_lot,class_050,I ENJOYED A LOT,,83,225,skipped,83,0,0,0,
data/processed/landmarks/000349.npy,data/raw/archive/ISL_CSLRT_Corpus/ISL_CSLRT_Corpus/Videos_Sentence_Level/i enjoyed a lot/enjoy.MP4,Videos_Sentence_Level/i enjoyed a lot/enjoy.MP4,enjoy.MP4,i enjoyed a lot,i_enjoyed_a_lot,class_050,I ENJOYED A LOT,,71,225,skipped,71,0,0,0,
data/processed/landmarks/000350.npy,data/raw/archive/ISL_CSLRT_Corpus/ISL_CSLRT_Corpus/Videos_Sentence_Level/i enjoyed a lot/enjoyed (2).MP4,Videos_Sentence_Level/i enjoyed a lot/enjoyed (2).MP4,enjoyed (2).MP4,i enjoyed a lot,i_enjoyed_a_lot,class_050,I ENJOYED A LOT,,96,225,skipped,96,0,0,0,
data/processed/landmarks/000351.npy,data/raw/archive/ISL_CSLRT_Corpus/ISL_CSLRT_Corpus/Videos_Sentence_Level/i enjoyed a lot/enjoyed (3).MP4,Videos_Sentence_Level/i enjoyed a lot/enjoyed (3).MP4,enjoyed (3).MP4,i enjoyed a lot,i_enjoyed_a_lot,class_050,I ENJOYED A LOT,,112,225,skipped,112,0,0,0,
data/processed/landmarks/000352.npy,data/raw/archive/ISL_CSLRT_Corpus/ISL_CSLRT_Corpus/Videos_Sentence_Level/i enjoyed a lot/enjoyed (4).MP4,Videos_Sentence_Level/i enjoyed a lot/enjoyed (4).MP4,enjoyed (4).MP4,i enjoyed a lot,i_enjoyed_a_lot,class_050,I ENJOYED A LOT,,99,225,skipped,99,0,0,0,
data/processed/landmarks/000353.npy,data/raw/archive/ISL_CSLRT_Corpus/ISL_CSLRT_Corpus/Videos_Sentence_Level/i enjoyed a lot/enjoyed.MP4,Videos_Sentence_Level/i enjoyed a lot/enjoyed.MP4,enjoyed.MP4,i enjoyed a lot,i_enjoyed_a_lot,class_050,I ENJOYED A LOT,,94,225,skipped,94,0,0,0,
data/processed/landmarks/000354.npy,data/raw/archive/ISL_CSLRT_Corpus/ISL_CSLRT_Corpus/Videos_Sentence_Level/i enjoyed a lot/i enjoyed a lot (2).mp4,Videos_Sentence_Level/i enjoyed a lot/i enjoyed a lot (2).mp4,i enjoyed a lot (2).mp4,i enjoyed a lot,i_enjoyed_a_lot,class_050,I ENJOYED A LOT,,50,225,skipped,50,0,0,0,
data/processed/landmarks/000355.npy,data/raw/archive/ISL_CSLRT_Corpus/ISL_CSLRT_Corpus/Videos_Sentence_Level/i enjoyed a lot/i enjoyed a lot.mp4,Videos_Sentence_Level/i enjoyed a lot/i enjoyed a lot.mp4,i enjoyed a lot.mp4,i enjoyed a lot,i_enjoyed_a_lot,class_050,I ENJOYED A LOT,,75,225,skipped,75,0,0,0,
data/processed/landmarks/000356.npy,data/raw/archive/ISL_CSLRT_Corpus/ISL_CSLRT_Corpus/Videos_Sentence_Level/i got hurt/got hurt (2).MP4,Videos_Sentence_Level/i got hurt/got hurt (2).MP4,got hurt (2).MP4,i got hurt,i_got_hurt,class_051,I GOT HURT,,95,225,skipped,95,0,0,0,
data/processed/landmarks/000357.npy,data/raw/archive/ISL_CSLRT_Corpus/ISL_CSLRT_Corpus/Videos_Sentence_Level/i got hurt/got hurt (3).MP4,Videos_Sentence_Level/i got hurt/got hurt (3).MP4,got hurt (3).MP4,i got hurt,i_got_hurt,class_051,I GOT HURT,,106,225,skipped,106,0,0,0,
data/processed/landmarks/000358.npy,data/raw/archive/ISL_CSLRT_Corpus/ISL_CSLRT_Corpus/Videos_Sentence_Level/i got hurt/got hurt (4).MP4,Videos_Sentence_Level/i got hurt/got hurt (4).MP4,got hurt (4).MP4,i got hurt,i_got_hurt,class_051,I GOT HURT,,95,225,skipped,95,0,0,0,
data/processed/landmarks/000359.npy,data/raw/archive/ISL_CSLRT_Corpus/ISL_CSLRT_Corpus/Videos_Sentence_Level/i got hurt/got hurt (5).MP4,Videos_Sentence_Level/i got hurt/got hurt (5).MP4,got hurt (5).MP4,i got hurt,i_got_hurt,class_051,I GOT HURT,,120,225,skipped,120,0,0,0,
data/processed/landmarks/000360.npy,data/raw/archive/ISL_CSLRT_Corpus/ISL_CSLRT_Corpus/Videos_Sentence_Level/i got hurt/got hurt.MP4,Videos_Sentence_Level/i got hurt/got hurt.MP4,got hurt.MP4,i got hurt,i_got_hurt,class_051,I GOT HURT,,97,225,skipped,97,0,0,0,
data/processed/landmarks/000361.npy,data/raw/archive/ISL_CSLRT_Corpus/ISL_CSLRT_Corpus/Videos_Sentence_Level/i got hurt/i got hurt (2).mp4,Videos_Sentence_Level/i got hurt/i got hurt (2).mp4,i got hurt (2).mp4,i got hurt,i_got_hurt,class_051,I GOT HURT,,75,225,skipped,75,0,0,0,
data/processed/landmarks/000362.npy,data/raw/archive/ISL_CSLRT_Corpus/ISL_CSLRT_Corpus/Videos_Sentence_Level/i got hurt/i got hurt.mp4,Videos_Sentence_Level/i got hurt/i got hurt.mp4,i got hurt.mp4,i got hurt,i_got_hurt,class_051,I GOT HURT,,50,225,skipped,50,0,0,0,
data/processed/landmarks/000363.npy,data/raw/archive/ISL_CSLRT_Corpus/ISL_CSLRT_Corpus/Videos_Sentence_Level/i like you i love you/MVI_6207.MP4,Videos_Sentence_Level/i like you i love you/MVI_6207.MP4,MVI_6207.MP4,i like you i love you,i_like_you_i_love_you,class_052,I LIKE YOU I LOVE YOU,,76,225,skipped,76,0,0,0,
data/processed/landmarks/000364.npy,data/raw/archive/ISL_CSLRT_Corpus/ISL_CSLRT_Corpus/Videos_Sentence_Level/i like you i love you/MVI_6505.MP4,Videos_Sentence_Level/i like you i love you/MVI_6505.MP4,MVI_6505.MP4,i like you i love you,i_like_you_i_love_you,class_052,I LIKE YOU I LOVE YOU,,76,225,skipped,76,0,0,0,
data/processed/landmarks/000365.npy,data/raw/archive/ISL_CSLRT_Corpus/ISL_CSLRT_Corpus/Videos_Sentence_Level/i like you i love you/MVI_6682.MP4,Videos_Sentence_Level/i like you i love you/MVI_6682.MP4,MVI_6682.MP4,i like you i love you,i_like_you_i_love_you,class_052,I LIKE YOU I LOVE YOU,,79,225,skipped,79,0,0,0,
data/processed/landmarks/000366.npy,data/raw/archive/ISL_CSLRT_Corpus/ISL_CSLRT_Corpus/Videos_Sentence_Level/i like you i love you/MVI_6814.MP4,Videos_Sentence_Level/i like you i love you/MVI_6814.MP4,MVI_6814.MP4,i like you i love you,i_like_you_i_love_you,class_052,I LIKE YOU I LOVE YOU,,97,225,skipped,97,0,0,0,
data/processed/landmarks/000367.npy,data/raw/archive/ISL_CSLRT_Corpus/ISL_CSLRT_Corpus/Videos_Sentence_Level/i like you i love you/MVI_6956.MP4,Videos_Sentence_Level/i like you i love you/MVI_6956.MP4,MVI_6956.MP4,i like you i love you,i_like_you_i_love_you,class_052,I LIKE YOU I LOVE YOU,,77,225,skipped,77,0,0,0,
data/processed/landmarks/000368.npy,data/raw/archive/ISL_CSLRT_Corpus/ISL_CSLRT_Corpus/Videos_Sentence_Level/i like you i love you/i love you (2).mp4,Videos_Sentence_Level/i like you i love you/i love you (2).mp4,i love you (2).mp4,i like you i love you,i_like_you_i_love_you,class_052,I LIKE YOU I LOVE YOU,,75,225,skipped,75,0,0,0,
data/processed/landmarks/000369.npy,data/raw/archive/ISL_CSLRT_Corpus/ISL_CSLRT_Corpus/Videos_Sentence_Level/i like you i love you/i love you.mp4,Videos_Sentence_Level/i like you i love you/i love you.mp4,i love you.mp4,i like you i love you,i_like_you_i_love_you,class_052,I LIKE YOU I LOVE YOU,,75,225,skipped,75,0,0,0,
data/processed/landmarks/000370.npy,data/raw/archive/ISL_CSLRT_Corpus/ISL_CSLRT_Corpus/Videos_Sentence_Level/i like you i love you/love.MP4,Videos_Sentence_Level/i like you i love you/love.MP4,love.MP4,i like you i love you,i_like_you_i_love_you,class_052,I LIKE YOU I LOVE YOU,,97,225,skipped,97,0,0,0,
data/processed/landmarks/000371.npy,data/raw/archive/ISL_CSLRT_Corpus/ISL_CSLRT_Corpus/Videos_Sentence_Level/i need water/i need water 1.mp4,Videos_Sentence_Level/i need water/i need water 1.mp4,i need water 1.mp4,i need water,i_need_water,class_053,I NEED WATER,,75,225,skipped,75,0,0,0,
data/processed/landmarks/000372.npy,data/raw/archive/ISL_CSLRT_Corpus/ISL_CSLRT_Corpus/Videos_Sentence_Level/i need water/i need water 2.mp4,Videos_Sentence_Level/i need water/i need water 2.mp4,i need water 2.mp4,i need water,i_need_water,class_053,I NEED WATER,,75,225,skipped,75,0,0,0,
data/processed/landmarks/000373.npy,data/raw/archive/ISL_CSLRT_Corpus/ISL_CSLRT_Corpus/Videos_Sentence_Level/i need water/i need water 3.MP4,Videos_Sentence_Level/i need water/i need water 3.MP4,i need water 3.MP4,i need water,i_need_water,class_053,I NEED WATER,,125,225,skipped,125,0,0,0,
data/processed/landmarks/000374.npy,data/raw/archive/ISL_CSLRT_Corpus/ISL_CSLRT_Corpus/Videos_Sentence_Level/i need water/i need water 4.MP4,Videos_Sentence_Level/i need water/i need water 4.MP4,i need water 4.MP4,i need water,i_need_water,class_053,I NEED WATER,,98,225,skipped,98,0,0,0,
data/processed/landmarks/000375.npy,data/raw/archive/ISL_CSLRT_Corpus/ISL_CSLRT_Corpus/Videos_Sentence_Level/i need water/i need water 5.MP4,Videos_Sentence_Level/i need water/i need water 5.MP4,i need water 5.MP4,i need water,i_need_water,class_053,I NEED WATER,,106,225,skipped,106,0,0,0,
data/processed/landmarks/000376.npy,data/raw/archive/ISL_CSLRT_Corpus/ISL_CSLRT_Corpus/Videos_Sentence_Level/i need water/i need water 6.MP4,Videos_Sentence_Level/i need water/i need water 6.MP4,i need water 6.MP4,i need water,i_need_water,class_053,I NEED WATER,,133,225,skipped,133,0,0,0,
data/processed/landmarks/000377.npy,data/raw/archive/ISL_CSLRT_Corpus/ISL_CSLRT_Corpus/Videos_Sentence_Level/i need water/i need water 7.MP4,Videos_Sentence_Level/i need water/i need water 7.MP4,i need water 7.MP4,i need water,i_need_water,class_053,I NEED WATER,,131,225,skipped,131,0,0,0,
data/processed/landmarks/000378.npy,data/raw/archive/ISL_CSLRT_Corpus/ISL_CSLRT_Corpus/Videos_Sentence_Level/i promise/i promise (2).mp4,Videos_Sentence_Level/i promise/i promise (2).mp4,i promise (2).mp4,i promise,i_promise,class_054,I PROMISE,,50,225,skipped,50,0,0,0,
data/processed/landmarks/000379.npy,data/raw/archive/ISL_CSLRT_Corpus/ISL_CSLRT_Corpus/Videos_Sentence_Level/i promise/i promise.mp4,Videos_Sentence_Level/i promise/i promise.mp4,i promise.mp4,i promise,i_promise,class_054,I PROMISE,,50,225,skipped,50,0,0,0,
data/processed/landmarks/000380.npy,data/raw/archive/ISL_CSLRT_Corpus/ISL_CSLRT_Corpus/Videos_Sentence_Level/i promise/promise (2).MP4,Videos_Sentence_Level/i promise/promise (2).MP4,promise (2).MP4,i promise,i_promise,class_054,I PROMISE,,109,225,skipped,109,0,0,0,
data/processed/landmarks/000381.npy,data/raw/archive/ISL_CSLRT_Corpus/ISL_CSLRT_Corpus/Videos_Sentence_Level/i promise/promise (3).MP4,Videos_Sentence_Level/i promise/promise (3).MP4,promise (3).MP4,i promise,i_promise,class_054,I PROMISE,,94,225,skipped,94,0,0,0,
data/processed/landmarks/000382.npy,data/raw/archive/ISL_CSLRT_Corpus/ISL_CSLRT_Corpus/Videos_Sentence_Level/i promise/promise (4).MP4,Videos_Sentence_Level/i promise/promise (4).MP4,promise (4).MP4,i promise,i_promise,class_054,I PROMISE,,95,225,skipped,95,0,0,0,
data/processed/landmarks/000383.npy,data/raw/archive/ISL_CSLRT_Corpus/ISL_CSLRT_Corpus/Videos_Sentence_Level/i promise/promise (5).MP4,Videos_Sentence_Level/i promise/promise (5).MP4,promise (5).MP4,i promise,i_promise,class_054,I PROMISE,,91,225,skipped,91,0,0,0,
data/processed/landmarks/000384.npy,data/raw/archive/ISL_CSLRT_Corpus/ISL_CSLRT_Corpus/Videos_Sentence_Level/i promise/promise.MP4,Videos_Sentence_Level/i promise/promise.MP4,promise.MP4,i promise,i_promise,class_054,I PROMISE,,88,225,skipped,88,0,0,0,
data/processed/landmarks/000385.npy,data/raw/archive/ISL_CSLRT_Corpus/ISL_CSLRT_Corpus/Videos_Sentence_Level/i really appreciate it/i really appreciate it (1).mp4,Videos_Sentence_Level/i really appreciate it/i really appreciate it (1).mp4,i really appreciate it (1).mp4,i really appreciate it,i_really_appreciate_it,class_055,I REALLY APPRECIATE IT,,50,225,skipped,50,0,0,0,
data/processed/landmarks/000386.npy,data/raw/archive/ISL_CSLRT_Corpus/ISL_CSLRT_Corpus/Videos_Sentence_Level/i really appreciate it/i really appreciate it (2).mp4,Videos_Sentence_Level/i really appreciate it/i really appreciate it (2).mp4,i really appreciate it (2).mp4,i really appreciate it,i_really_appreciate_it,class_055,I REALLY APPRECIATE IT,,75,225,skipped,75,0,0,0,
data/processed/landmarks/000387.npy,data/raw/archive/ISL_CSLRT_Corpus/ISL_CSLRT_Corpus/Videos_Sentence_Level/i really appreciate it/i really appreciate it (3).MP4,Videos_Sentence_Level/i really appreciate it/i really appreciate it (3).MP4,i really appreciate it (3).MP4,i really appreciate it,i_really_appreciate_it,class_055,I REALLY APPRECIATE IT,,105,225,skipped,105,0,0,0,
data/processed/landmarks/000388.npy,data/raw/archive/ISL_CSLRT_Corpus/ISL_CSLRT_Corpus/Videos_Sentence_Level/i really appreciate it/i really appreciate it (4).MP4,Videos_Sentence_Level/i really appreciate it/i really appreciate it (4).MP4,i really appreciate it (4).MP4,i really appreciate it,i_really_appreciate_it,class_055,I REALLY APPRECIATE IT,,116,225,skipped,116,0,0,0,
data/processed/landmarks/000389.npy,data/raw/archive/ISL_CSLRT_Corpus/ISL_CSLRT_Corpus/Videos_Sentence_Level/i really appreciate it/i really appreciate it (5).MP4,Videos_Sentence_Level/i really appreciate it/i really appreciate it (5).MP4,i really appreciate it (5).MP4,i really appreciate it,i_really_appreciate_it,class_055,I REALLY APPRECIATE IT,,99,225,skipped,99,0,0,0,
data/processed/landmarks/000390.npy,data/raw/archive/ISL_CSLRT_Corpus/ISL_CSLRT_Corpus/Videos_Sentence_Level/i really appreciate it/i really appreciate it (6).MP4,Videos_Sentence_Level/i really appreciate it/i really appreciate it (6).MP4,i really appreciate it (6).MP4,i really appreciate it,i_really_appreciate_it,class_055,I REALLY APPRECIATE IT,,93,225,skipped,93,0,0,0,
data/processed/landmarks/000391.npy,data/raw/archive/ISL_CSLRT_Corpus/ISL_CSLRT_Corpus/Videos_Sentence_Level/i really appreciate it/i really appreciate it (7).MP4,Videos_Sentence_Level/i really appreciate it/i really appreciate it (7).MP4,i really appreciate it (7).MP4,i really appreciate it,i_really_appreciate_it,class_055,I REALLY APPRECIATE IT,,90,225,skipped,90,0,0,0,
data/processed/landmarks/000392.npy,data/raw/archive/ISL_CSLRT_Corpus/ISL_CSLRT_Corpus/Videos_Sentence_Level/i somehow got to know about it/i somehow got to know about it..mp4,Videos_Sentence_Level/i somehow got to know about it/i somehow got to know about it..mp4,i somehow got to know about it..mp4,i somehow got to know about it,i_somehow_got_to_know_about_it,class_056,I SOMEHOW GOT KNOW ABOUT IT,,99,225,skipped,99,0,0,0,
data/processed/landmarks/000393.npy,data/raw/archive/ISL_CSLRT_Corpus/ISL_CSLRT_Corpus/Videos_Sentence_Level/i somehow got to know about it/i somehow got to know about it.mp4,Videos_Sentence_Level/i somehow got to know about it/i somehow got to know about it.mp4,i somehow got to know about it.mp4,i somehow got to know about it,i_somehow_got_to_know_about_it,class_056,I SOMEHOW GOT KNOW ABOUT IT,,50,225,skipped,50,0,0,0,
data/processed/landmarks/000394.npy,data/raw/archive/ISL_CSLRT_Corpus/ISL_CSLRT_Corpus/Videos_Sentence_Level/i somehow got to know about it/somehow (2).MP4,Videos_Sentence_Level/i somehow got to know about it/somehow (2).MP4,somehow (2).MP4,i somehow got to know about it,i_somehow_got_to_know_about_it,class_056,I SOMEHOW GOT KNOW ABOUT IT,,104,225,skipped,104,0,0,0,
data/processed/landmarks/000395.npy,data/raw/archive/ISL_CSLRT_Corpus/ISL_CSLRT_Corpus/Videos_Sentence_Level/i somehow got to know about it/somehow (3).MP4,Videos_Sentence_Level/i somehow got to know about it/somehow (3).MP4,somehow (3).MP4,i somehow got to know about it,i_somehow_got_to_know_about_it,class_056,I SOMEHOW GOT KNOW ABOUT IT,,149,225,skipped,149,0,0,0,
data/processed/landmarks/000396.npy,data/raw/archive/ISL_CSLRT_Corpus/ISL_CSLRT_Corpus/Videos_Sentence_Level/i somehow got to know about it/somehow (4).MP4,Videos_Sentence_Level/i somehow got to know about it/somehow (4).MP4,somehow (4).MP4,i somehow got to know about it,i_somehow_got_to_know_about_it,class_056,I SOMEHOW GOT KNOW ABOUT IT,,146,225,skipped,146,0,0,0,
data/processed/landmarks/000397.npy,data/raw/archive/ISL_CSLRT_Corpus/ISL_CSLRT_Corpus/Videos_Sentence_Level/i somehow got to know about it/somehow (5).MP4,Videos_Sentence_Level/i somehow got to know about it/somehow (5).MP4,somehow (5).MP4,i somehow got to know about it,i_somehow_got_to_know_about_it,class_056,I SOMEHOW GOT KNOW ABOUT IT,,122,225,skipped,122,0,0,0,
data/processed/landmarks/000398.npy,data/raw/archive/ISL_CSLRT_Corpus/ISL_CSLRT_Corpus/Videos_Sentence_Level/i somehow got to know about it/somehow.MP4,Videos_Sentence_Level/i somehow got to know about it/somehow.MP4,somehow.MP4,i somehow got to know about it,i_somehow_got_to_know_about_it,class_056,I SOMEHOW GOT KNOW ABOUT IT,,116,225,skipped,116,0,0,0,
data/processed/landmarks/000399.npy,data/raw/archive/ISL_CSLRT_Corpus/ISL_CSLRT_Corpus/Videos_Sentence_Level/i was stopped by some one/MVI_6504.MP4,Videos_Sentence_Level/i was stopped by some one/MVI_6504.MP4,MVI_6504.MP4,i was stopped by some one,i_was_stopped_by_some_one,class_057,I STOPPED BY SOMEONE,,121,225,skipped,121,0,0,0,
data/processed/landmarks/000400.npy,data/raw/archive/ISL_CSLRT_Corpus/ISL_CSLRT_Corpus/Videos_Sentence_Level/i was stopped by some one/MVI_6955.MP4,Videos_Sentence_Level/i was stopped by some one/MVI_6955.MP4,MVI_6955.MP4,i was stopped by some one,i_was_stopped_by_some_one,class_057,I STOPPED BY SOMEONE,,116,225,skipped,116,0,0,0,
data/processed/landmarks/000401.npy,data/raw/archive/ISL_CSLRT_Corpus/ISL_CSLRT_Corpus/Videos_Sentence_Level/i was stopped by some one/i was stopped by someone (2).mp4,Videos_Sentence_Level/i was stopped by some one/i was stopped by someone (2).mp4,i was stopped by someone (2).mp4,i was stopped by some one,i_was_stopped_by_some_one,class_057,I STOPPED BY SOMEONE,,125,225,skipped,125,0,0,0,
data/processed/landmarks/000402.npy,data/raw/archive/ISL_CSLRT_Corpus/ISL_CSLRT_Corpus/Videos_Sentence_Level/i was stopped by some one/i was stopped by someone.mp4,Videos_Sentence_Level/i was stopped by some one/i was stopped by someone.mp4,i was stopped by someone.mp4,i was stopped by some one,i_was_stopped_by_some_one,class_057,I STOPPED BY SOMEONE,,75,225,skipped,75,0,0,0,
data/processed/landmarks/000403.npy,data/raw/archive/ISL_CSLRT_Corpus/ISL_CSLRT_Corpus/Videos_Sentence_Level/i was stopped by some one/stopped (2).MP4,Videos_Sentence_Level/i was stopped by some one/stopped (2).MP4,stopped (2).MP4,i was stopped by some one,i_was_stopped_by_some_one,class_057,I STOPPED BY SOMEONE,,129,225,skipped,129,0,0,0,
data/processed/landmarks/000404.npy,data/raw/archive/ISL_CSLRT_Corpus/ISL_CSLRT_Corpus/Videos_Sentence_Level/i was stopped by some one/stopped (3).MP4,Videos_Sentence_Level/i was stopped by some one/stopped (3).MP4,stopped (3).MP4,i was stopped by some one,i_was_stopped_by_some_one,class_057,I STOPPED BY SOMEONE,,104,225,skipped,104,0,0,0,
data/processed/landmarks/000405.npy,data/raw/archive/ISL_CSLRT_Corpus/ISL_CSLRT_Corpus/Videos_Sentence_Level/i was stopped by some one/stopped.MP4,Videos_Sentence_Level/i was stopped by some one/stopped.MP4,stopped.MP4,i was stopped by some one,i_was_stopped_by_some_one,class_057,I STOPPED BY SOMEONE,,118,225,skipped,118,0,0,0,
data/processed/landmarks/000406.npy,data/raw/archive/ISL_CSLRT_Corpus/ISL_CSLRT_Corpus/Videos_Sentence_Level/it does not make any difference to me/difference (2).MP4,Videos_Sentence_Level/it does not make any difference to me/difference (2).MP4,difference (2).MP4,it does not make any difference to me,it_does_not_make_any_difference_to_me,class_058,IT DO NOT MAKE ANY DIFFERENCE TO ME,,155,225,skipped,155,0,0,0,
data/processed/landmarks/000407.npy,data/raw/archive/ISL_CSLRT_Corpus/ISL_CSLRT_Corpus/Videos_Sentence_Level/it does not make any difference to me/difference (3).MP4,Videos_Sentence_Level/it does not make any difference to me/difference (3).MP4,difference (3).MP4,it does not make any difference to me,it_does_not_make_any_difference_to_me,class_058,IT DO NOT MAKE ANY DIFFERENCE TO ME,,121,225,skipped,121,0,0,0,
data/processed/landmarks/000408.npy,data/raw/archive/ISL_CSLRT_Corpus/ISL_CSLRT_Corpus/Videos_Sentence_Level/it does not make any difference to me/difference (4).MP4,Videos_Sentence_Level/it does not make any difference to me/difference (4).MP4,difference (4).MP4,it does not make any difference to me,it_does_not_make_any_difference_to_me,class_058,IT DO NOT MAKE ANY DIFFERENCE TO ME,,121,225,skipped,121,0,0,0,
data/processed/landmarks/000409.npy,data/raw/archive/ISL_CSLRT_Corpus/ISL_CSLRT_Corpus/Videos_Sentence_Level/it does not make any difference to me/difference (5).MP4,Videos_Sentence_Level/it does not make any difference to me/difference (5).MP4,difference (5).MP4,it does not make any difference to me,it_does_not_make_any_difference_to_me,class_058,IT DO NOT MAKE ANY DIFFERENCE TO ME,,126,225,skipped,126,0,0,0,
data/processed/landmarks/000410.npy,data/raw/archive/ISL_CSLRT_Corpus/ISL_CSLRT_Corpus/Videos_Sentence_Level/it does not make any difference to me/difference.MP4,Videos_Sentence_Level/it does not make any difference to me/difference.MP4,difference.MP4,it does not make any difference to me,it_does_not_make_any_difference_to_me,class_058,IT DO NOT MAKE ANY DIFFERENCE TO ME,,109,225,skipped,109,0,0,0,
data/processed/landmarks/000411.npy,data/raw/archive/ISL_CSLRT_Corpus/ISL_CSLRT_Corpus/Videos_Sentence_Level/it does not make any difference to me/it does not make any difference to me (2).mp4,Videos_Sentence_Level/it does not make any difference to me/it does not make any difference to me (2).mp4,it does not make any difference to me (2).mp4,it does not make any difference to me,it_does_not_make_any_difference_to_me,class_058,IT DO NOT MAKE ANY DIFFERENCE TO ME,,75,225,skipped,75,0,0,0,
data/processed/landmarks/000412.npy,data/raw/archive/ISL_CSLRT_Corpus/ISL_CSLRT_Corpus/Videos_Sentence_Level/it does not make any difference to me/it does not make any difference to me.mp4,Videos_Sentence_Level/it does not make any difference to me/it does not make any difference to me.mp4,it does not make any difference to me.mp4,it does not make any difference to me,it_does_not_make_any_difference_to_me,class_058,IT DO NOT MAKE ANY DIFFERENCE TO ME,,50,225,skipped,50,0,0,0,
data/processed/landmarks/000413.npy,data/raw/archive/ISL_CSLRT_Corpus/ISL_CSLRT_Corpus/Videos_Sentence_Level/it was nice chatting with you/MVI_6107.MP4,Videos_Sentence_Level/it was nice chatting with you/MVI_6107.MP4,MVI_6107.MP4,it was nice chatting with you,it_was_nice_chatting_with_you,class_059,IT NICE CHAT WITH YOU,,135,225,skipped,135,0,0,0,
data/processed/landmarks/000414.npy,data/raw/archive/ISL_CSLRT_Corpus/ISL_CSLRT_Corpus/Videos_Sentence_Level/it was nice chatting with you/MVI_6398.MP4,Videos_Sentence_Level/it was nice chatting with you/MVI_6398.MP4,MVI_6398.MP4,it was nice chatting with you,it_was_nice_chatting_with_you,class_059,IT NICE CHAT WITH YOU,,130,225,skipped,130,0,0,0,
data/processed/landmarks/000415.npy,data/raw/archive/ISL_CSLRT_Corpus/ISL_CSLRT_Corpus/Videos_Sentence_Level/it was nice chatting with you/MVI_6542.MP4,Videos_Sentence_Level/it was nice chatting with you/MVI_6542.MP4,MVI_6542.MP4,it was nice chatting with you,it_was_nice_chatting_with_you,class_059,IT NICE CHAT WITH YOU,,126,225,skipped,126,0,0,0,
data/processed/landmarks/000416.npy,data/raw/archive/ISL_CSLRT_Corpus/ISL_CSLRT_Corpus/Videos_Sentence_Level/it was nice chatting with you/MVI_6724.MP4,Videos_Sentence_Level/it was nice chatting with you/MVI_6724.MP4,MVI_6724.MP4,it was nice chatting with you,it_was_nice_chatting_with_you,class_059,IT NICE CHAT WITH YOU,,127,225,skipped,127,0,0,0,
data/processed/landmarks/000417.npy,data/raw/archive/ISL_CSLRT_Corpus/ISL_CSLRT_Corpus/Videos_Sentence_Level/it was nice chatting with you/MVI_6853.MP4,Videos_Sentence_Level/it was nice chatting with you/MVI_6853.MP4,MVI_6853.MP4,it was nice chatting with you,it_was_nice_chatting_with_you,class_059,IT NICE CHAT WITH YOU,,134,225,skipped,134,0,0,0,
data/processed/landmarks/000418.npy,data/raw/archive/ISL_CSLRT_Corpus/ISL_CSLRT_Corpus/Videos_Sentence_Level/it was nice chatting with you/it was nice chatting with you (2).mp4,Videos_Sentence_Level/it was nice chatting with you/it was nice chatting with you (2).mp4,it was nice chatting with you (2).mp4,it was nice chatting with you,it_was_nice_chatting_with_you,class_059,IT NICE CHAT WITH YOU,,100,225,skipped,100,0,0,0,
data/processed/landmarks/000419.npy,data/raw/archive/ISL_CSLRT_Corpus/ISL_CSLRT_Corpus/Videos_Sentence_Level/it was nice chatting with you/it was nice chatting with you.mp4,Videos_Sentence_Level/it was nice chatting with you/it was nice chatting with you.mp4,it was nice chatting with you.mp4,it was nice chatting with you,it_was_nice_chatting_with_you,class_059,IT NICE CHAT WITH YOU,,75,225,skipped,75,0,0,0,
data/processed/landmarks/000420.npy,data/raw/archive/ISL_CSLRT_Corpus/ISL_CSLRT_Corpus/Videos_Sentence_Level/let him take time/let him take time (2).mp4,Videos_Sentence_Level/let him take time/let him take time (2).mp4,let him take time (2).mp4,let him take time,let_him_take_time,class_060,LET HIM TAKE TIME,,75,225,skipped,75,0,0,0,
data/processed/landmarks/000421.npy,data/raw/archive/ISL_CSLRT_Corpus/ISL_CSLRT_Corpus/Videos_Sentence_Level/let him take time/let him take time.mp4,Videos_Sentence_Level/let him take time/let him take time.mp4,let him take time.mp4,let him take time,let_him_take_time,class_060,LET HIM TAKE TIME,,75,225,skipped,75,0,0,0,
data/processed/landmarks/000422.npy,data/raw/archive/ISL_CSLRT_Corpus/ISL_CSLRT_Corpus/Videos_Sentence_Level/let him take time/time (2).MP4,Videos_Sentence_Level/let him take time/time (2).MP4,time (2).MP4,let him take time,let_him_take_time,class_060,LET HIM TAKE TIME,,86,225,skipped,86,0,0,0,
data/processed/landmarks/000423.npy,data/raw/archive/ISL_CSLRT_Corpus/ISL_CSLRT_Corpus/Videos_Sentence_Level/let him take time/time (3).MP4,Videos_Sentence_Level/let him take time/time (3).MP4,time (3).MP4,let him take time,let_him_take_time,class_060,LET HIM TAKE TIME,,117,225,skipped,117,0,0,0,
data/processed/landmarks/000424.npy,data/raw/archive/ISL_CSLRT_Corpus/ISL_CSLRT_Corpus/Videos_Sentence_Level/let him take time/time (4).MP4,Videos_Sentence_Level/let him take time/time (4).MP4,time (4).MP4,let him take time,let_him_take_time,class_060,LET HIM TAKE TIME,,101,225,skipped,101,0,0,0,
data/processed/landmarks/000425.npy,data/raw/archive/ISL_CSLRT_Corpus/ISL_CSLRT_Corpus/Videos_Sentence_Level/let him take time/time (5).MP4,Videos_Sentence_Level/let him take time/time (5).MP4,time (5).MP4,let him take time,let_him_take_time,class_060,LET HIM TAKE TIME,,90,225,skipped,90,0,0,0,
data/processed/landmarks/000426.npy,data/raw/archive/ISL_CSLRT_Corpus/ISL_CSLRT_Corpus/Videos_Sentence_Level/let him take time/time.MP4,Videos_Sentence_Level/let him take time/time.MP4,time.MP4,let him take time,let_him_take_time,class_060,LET HIM TAKE TIME,,95,225,skipped,95,0,0,0,
data/processed/landmarks/000427.npy,data/raw/archive/ISL_CSLRT_Corpus/ISL_CSLRT_Corpus/Videos_Sentence_Level/my name is xxxxxxxx/my name is xxxxxxxx (1).MP4,Videos_Sentence_Level/my name is xxxxxxxx/my name is xxxxxxxx (1).MP4,my name is xxxxxxxx (1).MP4,my name is xxxxxxxx,my_name_is_xxxxxxxx,class_061,MY NAME XXXXXXXX,,86,225,skipped,86,0,0,0,
data/processed/landmarks/000428.npy,data/raw/archive/ISL_CSLRT_Corpus/ISL_CSLRT_Corpus/Videos_Sentence_Level/my name is xxxxxxxx/my name is xxxxxxxx (2).MP4,Videos_Sentence_Level/my name is xxxxxxxx/my name is xxxxxxxx (2).MP4,my name is xxxxxxxx (2).MP4,my name is xxxxxxxx,my_name_is_xxxxxxxx,class_061,MY NAME XXXXXXXX,,88,225,skipped,88,0,0,0,
data/processed/landmarks/000429.npy,data/raw/archive/ISL_CSLRT_Corpus/ISL_CSLRT_Corpus/Videos_Sentence_Level/my name is xxxxxxxx/my name is xxxxxxxx (3).MP4,Videos_Sentence_Level/my name is xxxxxxxx/my name is xxxxxxxx (3).MP4,my name is xxxxxxxx (3).MP4,my name is xxxxxxxx,my_name_is_xxxxxxxx,class_061,MY NAME XXXXXXXX,,56,225,skipped,56,0,0,0,
data/processed/landmarks/000430.npy,data/raw/archive/ISL_CSLRT_Corpus/ISL_CSLRT_Corpus/Videos_Sentence_Level/my name is xxxxxxxx/my name is xxxxxxxx (4).MP4,Videos_Sentence_Level/my name is xxxxxxxx/my name is xxxxxxxx (4).MP4,my name is xxxxxxxx (4).MP4,my name is xxxxxxxx,my_name_is_xxxxxxxx,class_061,MY NAME XXXXXXXX,,71,225,skipped,71,0,0,0,
data/processed/landmarks/000431.npy,data/raw/archive/ISL_CSLRT_Corpus/ISL_CSLRT_Corpus/Videos_Sentence_Level/my name is xxxxxxxx/my name is xxxxxxxx (5).MP4,Videos_Sentence_Level/my name is xxxxxxxx/my name is xxxxxxxx (5).MP4,my name is xxxxxxxx (5).MP4,my name is xxxxxxxx,my_name_is_xxxxxxxx,class_061,MY NAME XXXXXXXX,,67,225,skipped,67,0,0,0,
data/processed/landmarks/000432.npy,data/raw/archive/ISL_CSLRT_Corpus/ISL_CSLRT_Corpus/Videos_Sentence_Level/my name is xxxxxxxx/my name is xxxxxxxx (6).mp4,Videos_Sentence_Level/my name is xxxxxxxx/my name is xxxxxxxx (6).mp4,my name is xxxxxxxx (6).mp4,my name is xxxxxxxx,my_name_is_xxxxxxxx,class_061,MY NAME XXXXXXXX,,50,225,skipped,50,0,0,0,
data/processed/landmarks/000433.npy,data/raw/archive/ISL_CSLRT_Corpus/ISL_CSLRT_Corpus/Videos_Sentence_Level/my name is xxxxxxxx/my name is xxxxxxxx (7).mp4,Videos_Sentence_Level/my name is xxxxxxxx/my name is xxxxxxxx (7).mp4,my name is xxxxxxxx (7).mp4,my name is xxxxxxxx,my_name_is_xxxxxxxx,class_061,MY NAME XXXXXXXX,,75,225,skipped,75,0,0,0,
data/processed/landmarks/000434.npy,data/raw/archive/ISL_CSLRT_Corpus/ISL_CSLRT_Corpus/Videos_Sentence_Level/nice to meet you/nice to meet you (1).MP4,Videos_Sentence_Level/nice to meet you/nice to meet you (1).MP4,nice to meet you (1).MP4,nice to meet you,nice_to_meet_you,class_062,NICE MEET YOU,,118,225,skipped,118,0,0,0,
data/processed/landmarks/000435.npy,data/raw/archive/ISL_CSLRT_Corpus/ISL_CSLRT_Corpus/Videos_Sentence_Level/nice to meet you/nice to meet you (3).MP4,Videos_Sentence_Level/nice to meet you/nice to meet you (3).MP4,nice to meet you (3).MP4,nice to meet you,nice_to_meet_you,class_062,NICE MEET YOU,,115,225,skipped,115,0,0,0,
data/processed/landmarks/000436.npy,data/raw/archive/ISL_CSLRT_Corpus/ISL_CSLRT_Corpus/Videos_Sentence_Level/nice to meet you/nice to meet you (4).MP4,Videos_Sentence_Level/nice to meet you/nice to meet you (4).MP4,nice to meet you (4).MP4,nice to meet you,nice_to_meet_you,class_062,NICE MEET YOU,,111,225,skipped,111,0,0,0,
data/processed/landmarks/000437.npy,data/raw/archive/ISL_CSLRT_Corpus/ISL_CSLRT_Corpus/Videos_Sentence_Level/nice to meet you/nice to meet you (5).MP4,Videos_Sentence_Level/nice to meet you/nice to meet you (5).MP4,nice to meet you (5).MP4,nice to meet you,nice_to_meet_you,class_062,NICE MEET YOU,,128,225,skipped,128,0,0,0,
data/processed/landmarks/000438.npy,data/raw/archive/ISL_CSLRT_Corpus/ISL_CSLRT_Corpus/Videos_Sentence_Level/nice to meet you/nice to meet you (6).MP4,Videos_Sentence_Level/nice to meet you/nice to meet you (6).MP4,nice to meet you (6).MP4,nice to meet you,nice_to_meet_you,class_062,NICE MEET YOU,,94,225,skipped,94,0,0,0,
data/processed/landmarks/000439.npy,data/raw/archive/ISL_CSLRT_Corpus/ISL_CSLRT_Corpus/Videos_Sentence_Level/nice to meet you/nice to meet you (7).mp4,Videos_Sentence_Level/nice to meet you/nice to meet you (7).mp4,nice to meet you (7).mp4,nice to meet you,nice_to_meet_you,class_062,NICE MEET YOU,,50,225,skipped,50,0,0,0,
data/processed/landmarks/000440.npy,data/raw/archive/ISL_CSLRT_Corpus/ISL_CSLRT_Corpus/Videos_Sentence_Level/nice to meet you/nice to meet you (8).mp4,Videos_Sentence_Level/nice to meet you/nice to meet you (8).mp4,nice to meet you (8).mp4,nice to meet you,nice_to_meet_you,class_062,NICE MEET YOU,,99,225,skipped,99,0,0,0,
data/processed/landmarks/000441.npy,data/raw/archive/ISL_CSLRT_Corpus/ISL_CSLRT_Corpus/Videos_Sentence_Level/now onwards he will never hurt you/never hurt (2).MP4,Videos_Sentence_Level/now onwards he will never hurt you/never hurt (2).MP4,never hurt (2).MP4,now onwards he will never hurt you,now_onwards_he_will_never_hurt_you,class_064,NOW ONWARDS HE NEVER HURT YOU,,131,225,skipped,131,0,0,0,
data/processed/landmarks/000442.npy,data/raw/archive/ISL_CSLRT_Corpus/ISL_CSLRT_Corpus/Videos_Sentence_Level/now onwards he will never hurt you/never hurt (3).MP4,Videos_Sentence_Level/now onwards he will never hurt you/never hurt (3).MP4,never hurt (3).MP4,now onwards he will never hurt you,now_onwards_he_will_never_hurt_you,class_064,NOW ONWARDS HE NEVER HURT YOU,,170,225,skipped,170,0,0,0,
data/processed/landmarks/000443.npy,data/raw/archive/ISL_CSLRT_Corpus/ISL_CSLRT_Corpus/Videos_Sentence_Level/now onwards he will never hurt you/never hurt (4).MP4,Videos_Sentence_Level/now onwards he will never hurt you/never hurt (4).MP4,never hurt (4).MP4,now onwards he will never hurt you,now_onwards_he_will_never_hurt_you,class_064,NOW ONWARDS HE NEVER HURT YOU,,153,225,skipped,153,0,0,0,
data/processed/landmarks/000444.npy,data/raw/archive/ISL_CSLRT_Corpus/ISL_CSLRT_Corpus/Videos_Sentence_Level/now onwards he will never hurt you/never hurt (5).MP4,Videos_Sentence_Level/now onwards he will never hurt you/never hurt (5).MP4,never hurt (5).MP4,now onwards he will never hurt you,now_onwards_he_will_never_hurt_you,class_064,NOW ONWARDS HE NEVER HURT YOU,,179,225,skipped,179,0,0,0,
data/processed/landmarks/000445.npy,data/raw/archive/ISL_CSLRT_Corpus/ISL_CSLRT_Corpus/Videos_Sentence_Level/now onwards he will never hurt you/never hurt.MP4,Videos_Sentence_Level/now onwards he will never hurt you/never hurt.MP4,never hurt.MP4,now onwards he will never hurt you,now_onwards_he_will_never_hurt_you,class_064,NOW ONWARDS HE NEVER HURT YOU,,146,225,skipped,146,0,0,0,
data/processed/landmarks/000446.npy,data/raw/archive/ISL_CSLRT_Corpus/ISL_CSLRT_Corpus/Videos_Sentence_Level/now onwards he will never hurt you/now onwards he will never hurt you.mp4,Videos_Sentence_Level/now onwards he will never hurt you/now onwards he will never hurt you.mp4,now onwards he will never hurt you.mp4,now onwards he will never hurt you,now_onwards_he_will_never_hurt_you,class_064,NOW ONWARDS HE NEVER HURT YOU,,100,225,skipped,100,0,0,0,
data/processed/landmarks/000447.npy,data/raw/archive/ISL_CSLRT_Corpus/ISL_CSLRT_Corpus/Videos_Sentence_Level/pour some more water into the glass/pour (2).MP4,Videos_Sentence_Level/pour some more water into the glass/pour (2).MP4,pour (2).MP4,pour some more water into the glass,pour_some_more_water_into_the_glass,class_065,POUR SOME MORE WATER INTO THE GLASS,,93,225,skipped,93,0,0,0,
data/processed/landmarks/000448.npy,data/raw/archive/ISL_CSLRT_Corpus/ISL_CSLRT_Corpus/Videos_Sentence_Level/pour some more water into the glass/pour (3).MP4,Videos_Sentence_Level/pour some more water into the glass/pour (3).MP4,pour (3).MP4,pour some more water into the glass,pour_some_more_water_into_the_glass,class_065,POUR SOME MORE WATER INTO THE GLASS,,96,225,skipped,96,0,0,0,
data/processed/landmarks/000449.npy,data/raw/archive/ISL_CSLRT_Corpus/ISL_CSLRT_Corpus/Videos_Sentence_Level/pour some more water into the glass/pour (4).MP4,Videos_Sentence_Level/pour some more water into the glass/pour (4).MP4,pour (4).MP4,pour some more water into the glass,pour_some_more_water_into_the_glass,class_065,POUR SOME MORE WATER INTO THE GLASS,,92,225,skipped,92,0,0,0,
data/processed/landmarks/000450.npy,data/raw/archive/ISL_CSLRT_Corpus/ISL_CSLRT_Corpus/Videos_Sentence_Level/pour some more water into the glass/pour (5).MP4,Videos_Sentence_Level/pour some more water into the glass/pour (5).MP4,pour (5).MP4,pour some more water into the glass,pour_some_more_water_into_the_glass,class_065,POUR SOME MORE WATER INTO THE GLASS,,96,225,skipped,96,0,0,0,
data/processed/landmarks/000451.npy,data/raw/archive/ISL_CSLRT_Corpus/ISL_CSLRT_Corpus/Videos_Sentence_Level/pour some more water into the glass/pour some more water into the glass (2).mp4,Videos_Sentence_Level/pour some more water into the glass/pour some more water into the glass (2).mp4,pour some more water into the glass (2).mp4,pour some more water into the glass,pour_some_more_water_into_the_glass,class_065,POUR SOME MORE WATER INTO THE GLASS,,75,225,skipped,75,0,0,0,
data/processed/landmarks/000452.npy,data/raw/archive/ISL_CSLRT_Corpus/ISL_CSLRT_Corpus/Videos_Sentence_Level/pour some more water into the glass/pour some more water into the glass.mp4,Videos_Sentence_Level/pour some more water into the glass/pour some more water into the glass.mp4,pour some more water into the glass.mp4,pour some more water into the glass,pour_some_more_water_into_the_glass,class_065,POUR SOME MORE WATER INTO THE GLASS,,100,225,skipped,100,0,0,0,
data/processed/landmarks/000453.npy,data/raw/archive/ISL_CSLRT_Corpus/ISL_CSLRT_Corpus/Videos_Sentence_Level/pour some more water into the glass/pour.MP4,Videos_Sentence_Level/pour some more water into the glass/pour.MP4,pour.MP4,pour some more water into the glass,pour_some_more_water_into_the_glass,class_065,POUR SOME MORE WATER INTO THE GLASS,,100,225,skipped,100,0,0,0,
data/processed/landmarks/000454.npy,data/raw/archive/ISL_CSLRT_Corpus/ISL_CSLRT_Corpus/Videos_Sentence_Level/prepare the bed/bed (2).MP4,Videos_Sentence_Level/prepare the bed/bed (2).MP4,bed (2).MP4,prepare the bed,prepare_the_bed,class_066,PREPARE BED,,96,225,skipped,96,0,0,0,
data/processed/landmarks/000455.npy,data/raw/archive/ISL_CSLRT_Corpus/ISL_CSLRT_Corpus/Videos_Sentence_Level/prepare the bed/bed (3).MP4,Videos_Sentence_Level/prepare the bed/bed (3).MP4,bed (3).MP4,prepare the bed,prepare_the_bed,class_066,PREPARE BED,,145,225,skipped,145,0,0,0,
data/processed/landmarks/000456.npy,data/raw/archive/ISL_CSLRT_Corpus/ISL_CSLRT_Corpus/Videos_Sentence_Level/prepare the bed/bed (4).MP4,Videos_Sentence_Level/prepare the bed/bed (4).MP4,bed (4).MP4,prepare the bed,prepare_the_bed,class_066,PREPARE BED,,110,225,skipped,110,0,0,0,
data/processed/landmarks/000457.npy,data/raw/archive/ISL_CSLRT_Corpus/ISL_CSLRT_Corpus/Videos_Sentence_Level/prepare the bed/bed (5).MP4,Videos_Sentence_Level/prepare the bed/bed (5).MP4,bed (5).MP4,prepare the bed,prepare_the_bed,class_066,PREPARE BED,,120,225,skipped,120,0,0,0,
data/processed/landmarks/000458.npy,data/raw/archive/ISL_CSLRT_Corpus/ISL_CSLRT_Corpus/Videos_Sentence_Level/prepare the bed/bed.MP4,Videos_Sentence_Level/prepare the bed/bed.MP4,bed.MP4,prepare the bed,prepare_the_bed,class_066,PREPARE BED,,115,225,skipped,115,0,0,0,
data/processed/landmarks/000459.npy,data/raw/archive/ISL_CSLRT_Corpus/ISL_CSLRT_Corpus/Videos_Sentence_Level/prepare the bed/prepare the bed (2).mp4,Videos_Sentence_Level/prepare the bed/prepare the bed (2).mp4,prepare the bed (2).mp4,prepare the bed,prepare_the_bed,class_066,PREPARE BED,,75,225,skipped,75,0,0,0,
data/processed/landmarks/000460.npy,data/raw/archive/ISL_CSLRT_Corpus/ISL_CSLRT_Corpus/Videos_Sentence_Level/prepare the bed/prepare the bed.mp4,Videos_Sentence_Level/prepare the bed/prepare the bed.mp4,prepare the bed.mp4,prepare the bed,prepare_the_bed,class_066,PREPARE BED,,100,225,skipped,100,0,0,0,
data/processed/landmarks/000461.npy,data/raw/archive/ISL_CSLRT_Corpus/ISL_CSLRT_Corpus/Videos_Sentence_Level/serve the food/serve (2).MP4,Videos_Sentence_Level/serve the food/serve (2).MP4,serve (2).MP4,serve the food,serve_the_food,class_067,SERVE FOOD,,113,225,skipped,113,0,0,0,
data/processed/landmarks/000462.npy,data/raw/archive/ISL_CSLRT_Corpus/ISL_CSLRT_Corpus/Videos_Sentence_Level/serve the food/serve (3).MP4,Videos_Sentence_Level/serve the food/serve (3).MP4,serve (3).MP4,serve the food,serve_the_food,class_067,SERVE FOOD,,166,225,skipped,166,0,0,0,
data/processed/landmarks/000463.npy,data/raw/archive/ISL_CSLRT_Corpus/ISL_CSLRT_Corpus/Videos_Sentence_Level/serve the food/serve (4).MP4,Videos_Sentence_Level/serve the food/serve (4).MP4,serve (4).MP4,serve the food,serve_the_food,class_067,SERVE FOOD,,125,225,skipped,125,0,0,0,
data/processed/landmarks/000464.npy,data/raw/archive/ISL_CSLRT_Corpus/ISL_CSLRT_Corpus/Videos_Sentence_Level/serve the food/serve (5).MP4,Videos_Sentence_Level/serve the food/serve (5).MP4,serve (5).MP4,serve the food,serve_the_food,class_067,SERVE FOOD,,112,225,skipped,112,0,0,0,
data/processed/landmarks/000465.npy,data/raw/archive/ISL_CSLRT_Corpus/ISL_CSLRT_Corpus/Videos_Sentence_Level/serve the food/serve 1.MP4,Videos_Sentence_Level/serve the food/serve 1.MP4,serve 1.MP4,serve the food,serve_the_food,class_067,SERVE FOOD,,142,225,skipped,142,0,0,0,
data/processed/landmarks/000466.npy,data/raw/archive/ISL_CSLRT_Corpus/ISL_CSLRT_Corpus/Videos_Sentence_Level/serve the food/serve food.MP4,Videos_Sentence_Level/serve the food/serve food.MP4,serve food.MP4,serve the food,serve_the_food,class_067,SERVE FOOD,,120,225,skipped,120,0,0,0,
data/processed/landmarks/000467.npy,data/raw/archive/ISL_CSLRT_Corpus/ISL_CSLRT_Corpus/Videos_Sentence_Level/serve the food/serve the food (2).mp4,Videos_Sentence_Level/serve the food/serve the food (2).mp4,serve the food (2).mp4,serve the food,serve_the_food,class_067,SERVE FOOD,,75,225,skipped,75,0,0,0,
data/processed/landmarks/000468.npy,data/raw/archive/ISL_CSLRT_Corpus/ISL_CSLRT_Corpus/Videos_Sentence_Level/serve the food/serve the food.mp4,Videos_Sentence_Level/serve the food/serve the food.mp4,serve the food.mp4,serve the food,serve_the_food,class_067,SERVE FOOD,,75,225,skipped,75,0,0,0,
data/processed/landmarks/000469.npy,data/raw/archive/ISL_CSLRT_Corpus/ISL_CSLRT_Corpus/Videos_Sentence_Level/serve the food/serve.MP4,Videos_Sentence_Level/serve the food/serve.MP4,serve.MP4,serve the food,serve_the_food,class_067,SERVE FOOD,,126,225,skipped,126,0,0,0,
data/processed/landmarks/000470.npy,data/raw/archive/ISL_CSLRT_Corpus/ISL_CSLRT_Corpus/Videos_Sentence_Level/shall we go outside/MVI_6498.MP4,Videos_Sentence_Level/shall we go outside/MVI_6498.MP4,MVI_6498.MP4,shall we go outside,shall_we_go_outside,class_068,WE GO OUTSIDE,,92,225,skipped,92,0,0,0,
data/processed/landmarks/000471.npy,data/raw/archive/ISL_CSLRT_Corpus/ISL_CSLRT_Corpus/Videos_Sentence_Level/shall we go outside/outside (2).MP4,Videos_Sentence_Level/shall we go outside/outside (2).MP4,outside (2).MP4,shall we go outside,shall_we_go_outside,class_068,WE GO OUTSIDE,,107,225,skipped,107,0,0,0,
data/processed/landmarks/000472.npy,data/raw/archive/ISL_CSLRT_Corpus/ISL_CSLRT_Corpus/Videos_Sentence_Level/shall we go outside/outside (3).MP4,Videos_Sentence_Level/shall we go outside/outside (3).MP4,outside (3).MP4,shall we go outside,shall_we_go_outside,class_068,WE GO OUTSIDE,,97,225,skipped,97,0,0,0,
data/processed/landmarks/000473.npy,data/raw/archive/ISL_CSLRT_Corpus/ISL_CSLRT_Corpus/Videos_Sentence_Level/shall we go outside/outside (4).MP4,Videos_Sentence_Level/shall we go outside/outside (4).MP4,outside (4).MP4,shall we go outside,shall_we_go_outside,class_068,WE GO OUTSIDE,,122,225,skipped,122,0,0,0,
data/processed/landmarks/000474.npy,data/raw/archive/ISL_CSLRT_Corpus/ISL_CSLRT_Corpus/Videos_Sentence_Level/shall we go outside/outside.MP4,Videos_Sentence_Level/shall we go outside/outside.MP4,outside.MP4,shall we go outside,shall_we_go_outside,class_068,WE GO OUTSIDE,,108,225,skipped,108,0,0,0,
data/processed/landmarks/000475.npy,data/raw/archive/ISL_CSLRT_Corpus/ISL_CSLRT_Corpus/Videos_Sentence_Level/shall we go outside/shall we go outside (2).mp4,Videos_Sentence_Level/shall we go outside/shall we go outside (2).mp4,shall we go outside (2).mp4,shall we go outside,shall_we_go_outside,class_068,WE GO OUTSIDE,,50,225,skipped,50,0,0,0,
data/processed/landmarks/000476.npy,data/raw/archive/ISL_CSLRT_Corpus/ISL_CSLRT_Corpus/Videos_Sentence_Level/shall we go outside/shall we go outside.mp4,Videos_Sentence_Level/shall we go outside/shall we go outside.mp4,shall we go outside.mp4,shall we go outside,shall_we_go_outside,class_068,WE GO OUTSIDE,,75,225,skipped,75,0,0,0,
data/processed/landmarks/000477.npy,data/raw/archive/ISL_CSLRT_Corpus/ISL_CSLRT_Corpus/Videos_Sentence_Level/speak softly/softly (2).MP4,Videos_Sentence_Level/speak softly/softly (2).MP4,softly (2).MP4,speak softly,speak_softly,class_069,SPEAK SOFTLY,,82,225,skipped,82,0,0,0,
data/processed/landmarks/000478.npy,data/raw/archive/ISL_CSLRT_Corpus/ISL_CSLRT_Corpus/Videos_Sentence_Level/speak softly/softly (3).MP4,Videos_Sentence_Level/speak softly/softly (3).MP4,softly (3).MP4,speak softly,speak_softly,class_069,SPEAK SOFTLY,,101,225,skipped,101,0,0,0,
data/processed/landmarks/000479.npy,data/raw/archive/ISL_CSLRT_Corpus/ISL_CSLRT_Corpus/Videos_Sentence_Level/speak softly/softly (4).MP4,Videos_Sentence_Level/speak softly/softly (4).MP4,softly (4).MP4,speak softly,speak_softly,class_069,SPEAK SOFTLY,,84,225,skipped,84,0,0,0,
data/processed/landmarks/000480.npy,data/raw/archive/ISL_CSLRT_Corpus/ISL_CSLRT_Corpus/Videos_Sentence_Level/speak softly/softly (5).MP4,Videos_Sentence_Level/speak softly/softly (5).MP4,softly (5).MP4,speak softly,speak_softly,class_069,SPEAK SOFTLY,,75,225,skipped,75,0,0,0,
data/processed/landmarks/000481.npy,data/raw/archive/ISL_CSLRT_Corpus/ISL_CSLRT_Corpus/Videos_Sentence_Level/speak softly/softly 1.MP4,Videos_Sentence_Level/speak softly/softly 1.MP4,softly 1.MP4,speak softly,speak_softly,class_069,SPEAK SOFTLY,,90,225,skipped,90,0,0,0,
data/processed/landmarks/000482.npy,data/raw/archive/ISL_CSLRT_Corpus/ISL_CSLRT_Corpus/Videos_Sentence_Level/speak softly/softly.MP4,Videos_Sentence_Level/speak softly/softly.MP4,softly.MP4,speak softly,speak_softly,class_069,SPEAK SOFTLY,,89,225,skipped,89,0,0,0,
data/processed/landmarks/000483.npy,data/raw/archive/ISL_CSLRT_Corpus/ISL_CSLRT_Corpus/Videos_Sentence_Level/speak softly/speak softly (2).mp4,Videos_Sentence_Level/speak softly/speak softly (2).mp4,speak softly (2).mp4,speak softly,speak_softly,class_069,SPEAK SOFTLY,,75,225,skipped,75,0,0,0,
data/processed/landmarks/000484.npy,data/raw/archive/ISL_CSLRT_Corpus/ISL_CSLRT_Corpus/Videos_Sentence_Level/speak softly/speak softly.mp4,Videos_Sentence_Level/speak softly/speak softly.mp4,speak softly.mp4,speak softly,speak_softly,class_069,SPEAK SOFTLY,,25,225,skipped,25,0,0,0,
data/processed/landmarks/000485.npy,data/raw/archive/ISL_CSLRT_Corpus/ISL_CSLRT_Corpus/Videos_Sentence_Level/take care of yourself/Take care (2).MP4,Videos_Sentence_Level/take care of yourself/Take care (2).MP4,Take care (2).MP4,take care of yourself,take_care_of_yourself,class_070,TAKE CARE OF YOURSELF,,99,225,skipped,99,0,0,0,
data/processed/landmarks/000486.npy,data/raw/archive/ISL_CSLRT_Corpus/ISL_CSLRT_Corpus/Videos_Sentence_Level/take care of yourself/take care (3).MP4,Videos_Sentence_Level/take care of yourself/take care (3).MP4,take care (3).MP4,take care of yourself,take_care_of_yourself,class_070,TAKE CARE OF YOURSELF,,121,225,skipped,121,0,0,0,
data/processed/landmarks/000487.npy,data/raw/archive/ISL_CSLRT_Corpus/ISL_CSLRT_Corpus/Videos_Sentence_Level/take care of yourself/take care (4).MP4,Videos_Sentence_Level/take care of yourself/take care (4).MP4,take care (4).MP4,take care of yourself,take_care_of_yourself,class_070,TAKE CARE OF YOURSELF,,102,225,skipped,102,0,0,0,
data/processed/landmarks/000488.npy,data/raw/archive/ISL_CSLRT_Corpus/ISL_CSLRT_Corpus/Videos_Sentence_Level/take care of yourself/take care (5).MP4,Videos_Sentence_Level/take care of yourself/take care (5).MP4,take care (5).MP4,take care of yourself,take_care_of_yourself,class_070,TAKE CARE OF YOURSELF,,120,225,skipped,120,0,0,0,
data/processed/landmarks/000489.npy,data/raw/archive/ISL_CSLRT_Corpus/ISL_CSLRT_Corpus/Videos_Sentence_Level/take care of yourself/take care of yourself (2).mp4,Videos_Sentence_Level/take care of yourself/take care of yourself (2).mp4,take care of yourself (2).mp4,take care of yourself,take_care_of_yourself,class_070,TAKE CARE OF YOURSELF,,50,225,skipped,50,0,0,0,
data/processed/landmarks/000490.npy,data/raw/archive/ISL_CSLRT_Corpus/ISL_CSLRT_Corpus/Videos_Sentence_Level/take care of yourself/take care of yourself.mp4,Videos_Sentence_Level/take care of yourself/take care of yourself.mp4,take care of yourself.mp4,take care of yourself,take_care_of_yourself,class_070,TAKE CARE OF YOURSELF,,75,225,skipped,75,0,0,0,
data/processed/landmarks/000491.npy,data/raw/archive/ISL_CSLRT_Corpus/ISL_CSLRT_Corpus/Videos_Sentence_Level/take care of yourself/take care.MP4,Videos_Sentence_Level/take care of yourself/take care.MP4,take care.MP4,take care of yourself,take_care_of_yourself,class_070,TAKE CARE OF YOURSELF,,130,225,skipped,130,0,0,0,
data/processed/landmarks/000492.npy,data/raw/archive/ISL_CSLRT_Corpus/ISL_CSLRT_Corpus/Videos_Sentence_Level/tell me truth/tell me truth (2).mp4,Videos_Sentence_Level/tell me truth/tell me truth (2).mp4,tell me truth (2).mp4,tell me truth,tell_me_truth,class_071,TELL ME TRUTH,,75,225,skipped,75,0,0,0,
data/processed/landmarks/000493.npy,data/raw/archive/ISL_CSLRT_Corpus/ISL_CSLRT_Corpus/Videos_Sentence_Level/tell me truth/tell me truth.mp4,Videos_Sentence_Level/tell me truth/tell me truth.mp4,tell me truth.mp4,tell me truth,tell_me_truth,class_071,TELL ME TRUTH,,50,225,skipped,50,0,0,0,
data/processed/landmarks/000494.npy,data/raw/archive/ISL_CSLRT_Corpus/ISL_CSLRT_Corpus/Videos_Sentence_Level/tell me truth/truth (2).MP4,Videos_Sentence_Level/tell me truth/truth (2).MP4,truth (2).MP4,tell me truth,tell_me_truth,class_071,TELL ME TRUTH,,84,225,skipped,84,0,0,0,
data/processed/landmarks/000495.npy,data/raw/archive/ISL_CSLRT_Corpus/ISL_CSLRT_Corpus/Videos_Sentence_Level/tell me truth/truth (3).MP4,Videos_Sentence_Level/tell me truth/truth (3).MP4,truth (3).MP4,tell me truth,tell_me_truth,class_071,TELL ME TRUTH,,73,225,skipped,73,0,0,0,
data/processed/landmarks/000496.npy,data/raw/archive/ISL_CSLRT_Corpus/ISL_CSLRT_Corpus/Videos_Sentence_Level/tell me truth/truth (4).MP4,Videos_Sentence_Level/tell me truth/truth (4).MP4,truth (4).MP4,tell me truth,tell_me_truth,class_071,TELL ME TRUTH,,81,225,skipped,81,0,0,0,
data/processed/landmarks/000497.npy,data/raw/archive/ISL_CSLRT_Corpus/ISL_CSLRT_Corpus/Videos_Sentence_Level/tell me truth/truth.MP4,Videos_Sentence_Level/tell me truth/truth.MP4,truth.MP4,tell me truth,tell_me_truth,class_071,TELL ME TRUTH,,77,225,skipped,77,0,0,0,
data/processed/landmarks/000498.npy,data/raw/archive/ISL_CSLRT_Corpus/ISL_CSLRT_Corpus/Videos_Sentence_Level/thank you so much/thank you so much (1).MP4,Videos_Sentence_Level/thank you so much/thank you so much (1).MP4,thank you so much (1).MP4,thank you so much,thank_you_so_much,class_072,THANK YOU SO MUCH,,108,225,skipped,108,0,0,0,
data/processed/landmarks/000499.npy,data/raw/archive/ISL_CSLRT_Corpus/ISL_CSLRT_Corpus/Videos_Sentence_Level/thank you so much/thank you so much (3).MP4,Videos_Sentence_Level/thank you so much/thank you so much (3).MP4,thank you so much (3).MP4,thank you so much,thank_you_so_much,class_072,THANK YOU SO MUCH,,98,225,skipped,98,0,0,0,
data/processed/landmarks/000500.npy,data/raw/archive/ISL_CSLRT_Corpus/ISL_CSLRT_Corpus/Videos_Sentence_Level/thank you so much/thank you so much (4).MP4,Videos_Sentence_Level/thank you so much/thank you so much (4).MP4,thank you so much (4).MP4,thank you so much,thank_you_so_much,class_072,THANK YOU SO MUCH,,100,225,skipped,100,0,0,0,
data/processed/landmarks/000501.npy,data/raw/archive/ISL_CSLRT_Corpus/ISL_CSLRT_Corpus/Videos_Sentence_Level/thank you so much/thank you so much (5).MP4,Videos_Sentence_Level/thank you so much/thank you so much (5).MP4,thank you so much (5).MP4,thank you so much,thank_you_so_much,class_072,THANK YOU SO MUCH,,81,225,skipped,81,0,0,0,
data/processed/landmarks/000502.npy,data/raw/archive/ISL_CSLRT_Corpus/ISL_CSLRT_Corpus/Videos_Sentence_Level/thank you so much/thank you so much (6).MP4,Videos_Sentence_Level/thank you so much/thank you so much (6).MP4,thank you so much (6).MP4,thank you so much,thank_you_so_much,class_072,THANK YOU SO MUCH,,77,225,skipped,77,0,0,0,
data/processed/landmarks/000503.npy,data/raw/archive/ISL_CSLRT_Corpus/ISL_CSLRT_Corpus/Videos_Sentence_Level/thank you so much/thank you so much (7).mp4,Videos_Sentence_Level/thank you so much/thank you so much (7).mp4,thank you so much (7).mp4,thank you so much,thank_you_so_much,class_072,THANK YOU SO MUCH,,50,225,skipped,50,0,0,0,
data/processed/landmarks/000504.npy,data/raw/archive/ISL_CSLRT_Corpus/ISL_CSLRT_Corpus/Videos_Sentence_Level/thank you so much/thank you so much (8).mp4,Videos_Sentence_Level/thank you so much/thank you so much (8).mp4,thank you so much (8).mp4,thank you so much,thank_you_so_much,class_072,THANK YOU SO MUCH,,50,225,skipped,50,0,0,0,
data/processed/landmarks/000505.npy,data/raw/archive/ISL_CSLRT_Corpus/ISL_CSLRT_Corpus/Videos_Sentence_Level/that is so kind of you/MVI_6106.MP4,Videos_Sentence_Level/that is so kind of you/MVI_6106.MP4,MVI_6106.MP4,that is so kind of you,that_is_so_kind_of_you,class_073,THAT KIND YOU,,100,225,skipped,100,0,0,0,
data/processed/landmarks/000506.npy,data/raw/archive/ISL_CSLRT_Corpus/ISL_CSLRT_Corpus/Videos_Sentence_Level/that is so kind of you/MVI_6396.MP4,Videos_Sentence_Level/that is so kind of you/MVI_6396.MP4,MVI_6396.MP4,that is so kind of you,that_is_so_kind_of_you,class_073,THAT KIND YOU,,116,225,skipped,116,0,0,0,
data/processed/landmarks/000507.npy,data/raw/archive/ISL_CSLRT_Corpus/ISL_CSLRT_Corpus/Videos_Sentence_Level/that is so kind of you/MVI_6540.MP4,Videos_Sentence_Level/that is so kind of you/MVI_6540.MP4,MVI_6540.MP4,that is so kind of you,that_is_so_kind_of_you,class_073,THAT KIND YOU,,87,225,skipped,87,0,0,0,
data/processed/landmarks/000508.npy,data/raw/archive/ISL_CSLRT_Corpus/ISL_CSLRT_Corpus/Videos_Sentence_Level/that is so kind of you/MVI_6722.MP4,Videos_Sentence_Level/that is so kind of you/MVI_6722.MP4,MVI_6722.MP4,that is so kind of you,that_is_so_kind_of_you,class_073,THAT KIND YOU,,94,225,skipped,94,0,0,0,
data/processed/landmarks/000509.npy,data/raw/archive/ISL_CSLRT_Corpus/ISL_CSLRT_Corpus/Videos_Sentence_Level/that is so kind of you/MVI_6850.MP4,Videos_Sentence_Level/that is so kind of you/MVI_6850.MP4,MVI_6850.MP4,that is so kind of you,that_is_so_kind_of_you,class_073,THAT KIND YOU,,79,225,skipped,79,0,0,0,
data/processed/landmarks/000510.npy,data/raw/archive/ISL_CSLRT_Corpus/ISL_CSLRT_Corpus/Videos_Sentence_Level/that is so kind of you/that is so kind of you (2).mp4,Videos_Sentence_Level/that is so kind of you/that is so kind of you (2).mp4,that is so kind of you (2).mp4,that is so kind of you,that_is_so_kind_of_you,class_073,THAT KIND YOU,,75,225,skipped,75,0,0,0,
data/processed/landmarks/000511.npy,data/raw/archive/ISL_CSLRT_Corpus/ISL_CSLRT_Corpus/Videos_Sentence_Level/that is so kind of you/that is so kind of you.mp4,Videos_Sentence_Level/that is so kind of you/that is so kind of you.mp4,that is so kind of you.mp4,that is so kind of you,that_is_so_kind_of_you,class_073,THAT KIND YOU,,75,225,skipped,75,0,0,0,
data/processed/landmarks/000512.npy,data/raw/archive/ISL_CSLRT_Corpus/ISL_CSLRT_Corpus/Videos_Sentence_Level/try to understand/try to understand (2).mp4,Videos_Sentence_Level/try to understand/try to understand (2).mp4,try to understand (2).mp4,try to understand,try_to_understand,class_075,TRY TO UNDERSTAND,,75,225,skipped,75,0,0,0,
data/processed/landmarks/000513.npy,data/raw/archive/ISL_CSLRT_Corpus/ISL_CSLRT_Corpus/Videos_Sentence_Level/try to understand/try to understand.mp4,Videos_Sentence_Level/try to understand/try to understand.mp4,try to understand.mp4,try to understand,try_to_understand,class_075,TRY TO UNDERSTAND,,75,225,skipped,75,0,0,0,
data/processed/landmarks/000514.npy,data/raw/archive/ISL_CSLRT_Corpus/ISL_CSLRT_Corpus/Videos_Sentence_Level/try to understand/understand (2).MP4,Videos_Sentence_Level/try to understand/understand (2).MP4,understand (2).MP4,try to understand,try_to_understand,class_075,TRY TO UNDERSTAND,,145,225,skipped,145,0,0,0,
data/processed/landmarks/000515.npy,data/raw/archive/ISL_CSLRT_Corpus/ISL_CSLRT_Corpus/Videos_Sentence_Level/try to understand/understand (3).MP4,Videos_Sentence_Level/try to understand/understand (3).MP4,understand (3).MP4,try to understand,try_to_understand,class_075,TRY TO UNDERSTAND,,139,225,skipped,139,0,0,0,
data/processed/landmarks/000516.npy,data/raw/archive/ISL_CSLRT_Corpus/ISL_CSLRT_Corpus/Videos_Sentence_Level/try to understand/understand (4).MP4,Videos_Sentence_Level/try to understand/understand (4).MP4,understand (4).MP4,try to understand,try_to_understand,class_075,TRY TO UNDERSTAND,,130,225,skipped,130,0,0,0,
data/processed/landmarks/000517.npy,data/raw/archive/ISL_CSLRT_Corpus/ISL_CSLRT_Corpus/Videos_Sentence_Level/try to understand/understand (5).MP4,Videos_Sentence_Level/try to understand/understand (5).MP4,understand (5).MP4,try to understand,try_to_understand,class_075,TRY TO UNDERSTAND,,145,225,skipped,145,0,0,0,
data/processed/landmarks/000518.npy,data/raw/archive/ISL_CSLRT_Corpus/ISL_CSLRT_Corpus/Videos_Sentence_Level/try to understand/understand.MP4,Videos_Sentence_Level/try to understand/understand.MP4,understand.MP4,try to understand,try_to_understand,class_075,TRY TO UNDERSTAND,,119,225,skipped,119,0,0,0,
data/processed/landmarks/000519.npy,data/raw/archive/ISL_CSLRT_Corpus/ISL_CSLRT_Corpus/Videos_Sentence_Level/turn on light turn off light/turn on (2).MP4,Videos_Sentence_Level/turn on light turn off light/turn on (2).MP4,turn on (2).MP4,turn on light turn off light,turn_on_light_turn_off_light,class_076,TURN ON LIGHT TURN OFF LIGHT,,74,225,skipped,74,0,0,0,
data/processed/landmarks/000520.npy,data/raw/archive/ISL_CSLRT_Corpus/ISL_CSLRT_Corpus/Videos_Sentence_Level/turn on light turn off light/turn on (3).MP4,Videos_Sentence_Level/turn on light turn off light/turn on (3).MP4,turn on (3).MP4,turn on light turn off light,turn_on_light_turn_off_light,class_076,TURN ON LIGHT TURN OFF LIGHT,,93,225,skipped,93,0,0,0,
data/processed/landmarks/000521.npy,data/raw/archive/ISL_CSLRT_Corpus/ISL_CSLRT_Corpus/Videos_Sentence_Level/turn on light turn off light/turn on (4).MP4,Videos_Sentence_Level/turn on light turn off light/turn on (4).MP4,turn on (4).MP4,turn on light turn off light,turn_on_light_turn_off_light,class_076,TURN ON LIGHT TURN OFF LIGHT,,66,225,skipped,66,0,0,0,
data/processed/landmarks/000522.npy,data/raw/archive/ISL_CSLRT_Corpus/ISL_CSLRT_Corpus/Videos_Sentence_Level/turn on light turn off light/turn on (5).MP4,Videos_Sentence_Level/turn on light turn off light/turn on (5).MP4,turn on (5).MP4,turn on light turn off light,turn_on_light_turn_off_light,class_076,TURN ON LIGHT TURN OFF LIGHT,,81,225,skipped,81,0,0,0,
data/processed/landmarks/000523.npy,data/raw/archive/ISL_CSLRT_Corpus/ISL_CSLRT_Corpus/Videos_Sentence_Level/turn on light turn off light/turn on light turn off light.mp4,Videos_Sentence_Level/turn on light turn off light/turn on light turn off light.mp4,turn on light turn off light.mp4,turn on light turn off light,turn_on_light_turn_off_light,class_076,TURN ON LIGHT TURN OFF LIGHT,,75,225,skipped,75,0,0,0,
data/processed/landmarks/000524.npy,data/raw/archive/ISL_CSLRT_Corpus/ISL_CSLRT_Corpus/Videos_Sentence_Level/turn on light turn off light/turn on lightturn off light.mp4,Videos_Sentence_Level/turn on light turn off light/turn on lightturn off light.mp4,turn on lightturn off light.mp4,turn on light turn off light,turn_on_light_turn_off_light,class_076,TURN ON LIGHT TURN OFF LIGHT,,50,225,skipped,50,0,0,0,
data/processed/landmarks/000525.npy,data/raw/archive/ISL_CSLRT_Corpus/ISL_CSLRT_Corpus/Videos_Sentence_Level/turn on light turn off light/turn on.MP4,Videos_Sentence_Level/turn on light turn off light/turn on.MP4,turn on.MP4,turn on light turn off light,turn_on_light_turn_off_light,class_076,TURN ON LIGHT TURN OFF LIGHT,,65,225,skipped,65,0,0,0,
data/processed/landmarks/000526.npy,data/raw/archive/ISL_CSLRT_Corpus/ISL_CSLRT_Corpus/Videos_Sentence_Level/we are all with you/MVI_6208.MP4,Videos_Sentence_Level/we are all with you/MVI_6208.MP4,MVI_6208.MP4,we are all with you,we_are_all_with_you,class_077,WE ALL WITH YOU,,89,225,skipped,89,0,0,0,
data/processed/landmarks/000527.npy,data/raw/archive/ISL_CSLRT_Corpus/ISL_CSLRT_Corpus/Videos_Sentence_Level/we are all with you/MVI_6506.MP4,Videos_Sentence_Level/we are all with you/MVI_6506.MP4,MVI_6506.MP4,we are all with you,we_are_all_with_you,class_077,WE ALL WITH YOU,,86,225,skipped,86,0,0,0,
data/processed/landmarks/000528.npy,data/raw/archive/ISL_CSLRT_Corpus/ISL_CSLRT_Corpus/Videos_Sentence_Level/we are all with you/MVI_6684.MP4,Videos_Sentence_Level/we are all with you/MVI_6684.MP4,MVI_6684.MP4,we are all with you,we_are_all_with_you,class_077,WE ALL WITH YOU,,80,225,skipped,80,0,0,0,
data/processed/landmarks/000529.npy,data/raw/archive/ISL_CSLRT_Corpus/ISL_CSLRT_Corpus/Videos_Sentence_Level/we are all with you/MVI_6957.MP4,Videos_Sentence_Level/we are all with you/MVI_6957.MP4,MVI_6957.MP4,we are all with you,we_are_all_with_you,class_077,WE ALL WITH YOU,,99,225,skipped,99,0,0,0,
data/processed/landmarks/000530.npy,data/raw/archive/ISL_CSLRT_Corpus/ISL_CSLRT_Corpus/Videos_Sentence_Level/we are all with you/all.MP4,Videos_Sentence_Level/we are all with you/all.MP4,all.MP4,we are all with you,we_are_all_with_you,class_077,WE ALL WITH YOU,,114,225,skipped,114,0,0,0,
data/processed/landmarks/000531.npy,data/raw/archive/ISL_CSLRT_Corpus/ISL_CSLRT_Corpus/Videos_Sentence_Level/we are all with you/we are all with you (2).mp4,Videos_Sentence_Level/we are all with you/we are all with you (2).mp4,we are all with you (2).mp4,we are all with you,we_are_all_with_you,class_077,WE ALL WITH YOU,,50,225,skipped,50,0,0,0,
data/processed/landmarks/000532.npy,data/raw/archive/ISL_CSLRT_Corpus/ISL_CSLRT_Corpus/Videos_Sentence_Level/we are all with you/we are all with you.mp4,Videos_Sentence_Level/we are all with you/we are all with you.mp4,we are all with you.mp4,we are all with you,we_are_all_with_you,class_077,WE ALL WITH YOU,,75,225,skipped,75,0,0,0,
data/processed/landmarks/000533.npy,data/raw/archive/ISL_CSLRT_Corpus/ISL_CSLRT_Corpus/Videos_Sentence_Level/wear the shirt/shirt (2).MP4,Videos_Sentence_Level/wear the shirt/shirt (2).MP4,shirt (2).MP4,wear the shirt,wear_the_shirt,class_078,WEAR SHIRT,,69,225,skipped,69,0,0,0,
data/processed/landmarks/000534.npy,data/raw/archive/ISL_CSLRT_Corpus/ISL_CSLRT_Corpus/Videos_Sentence_Level/wear the shirt/shirt (3).MP4,Videos_Sentence_Level/wear the shirt/shirt (3).MP4,shirt (3).MP4,wear the shirt,wear_the_shirt,class_078,WEAR SHIRT,,94,225,skipped,94,0,0,0,
data/processed/landmarks/000535.npy,data/raw/archive/ISL_CSLRT_Corpus/ISL_CSLRT_Corpus/Videos_Sentence_Level/wear the shirt/shirt (4).MP4,Videos_Sentence_Level/wear the shirt/shirt (4).MP4,shirt (4).MP4,wear the shirt,wear_the_shirt,class_078,WEAR SHIRT,,110,225,skipped,110,0,0,0,
data/processed/landmarks/000536.npy,data/raw/archive/ISL_CSLRT_Corpus/ISL_CSLRT_Corpus/Videos_Sentence_Level/wear the shirt/shirt (5).MP4,Videos_Sentence_Level/wear the shirt/shirt (5).MP4,shirt (5).MP4,wear the shirt,wear_the_shirt,class_078,WEAR SHIRT,,100,225,skipped,100,0,0,0,
data/processed/landmarks/000537.npy,data/raw/archive/ISL_CSLRT_Corpus/ISL_CSLRT_Corpus/Videos_Sentence_Level/wear the shirt/shirt.MP4,Videos_Sentence_Level/wear the shirt/shirt.MP4,shirt.MP4,wear the shirt,wear_the_shirt,class_078,WEAR SHIRT,,82,225,skipped,82,0,0,0,
data/processed/landmarks/000538.npy,data/raw/archive/ISL_CSLRT_Corpus/ISL_CSLRT_Corpus/Videos_Sentence_Level/wear the shirt/wear the shirt (2).mp4,Videos_Sentence_Level/wear the shirt/wear the shirt (2).mp4,wear the shirt (2).mp4,wear the shirt,wear_the_shirt,class_078,WEAR SHIRT,,50,225,skipped,50,0,0,0,
data/processed/landmarks/000539.npy,data/raw/archive/ISL_CSLRT_Corpus/ISL_CSLRT_Corpus/Videos_Sentence_Level/wear the shirt/wear the shirt.mp4,Videos_Sentence_Level/wear the shirt/wear the shirt.mp4,wear the shirt.mp4,wear the shirt,wear_the_shirt,class_078,WEAR SHIRT,,50,225,skipped,50,0,0,0,
data/processed/landmarks/000540.npy,data/raw/archive/ISL_CSLRT_Corpus/ISL_CSLRT_Corpus/Videos_Sentence_Level/what are you doing/what are you doing (1).MP4,Videos_Sentence_Level/what are you doing/what are you doing (1).MP4,what are you doing (1).MP4,what are you doing,what_are_you_doing,class_079,WHAT YOU DO,,93,225,skipped,93,0,0,0,
data/processed/landmarks/000541.npy,data/raw/archive/ISL_CSLRT_Corpus/ISL_CSLRT_Corpus/Videos_Sentence_Level/what are you doing/what are you doing (3).MP4,Videos_Sentence_Level/what are you doing/what are you doing (3).MP4,what are you doing (3).MP4,what are you doing,what_are_you_doing,class_079,WHAT YOU DO,,92,225,skipped,92,0,0,0,
data/processed/landmarks/000542.npy,data/raw/archive/ISL_CSLRT_Corpus/ISL_CSLRT_Corpus/Videos_Sentence_Level/what are you doing/what are you doing (4).MP4,Videos_Sentence_Level/what are you doing/what are you doing (4).MP4,what are you doing (4).MP4,what are you doing,what_are_you_doing,class_079,WHAT YOU DO,,93,225,skipped,93,0,0,0,
data/processed/landmarks/000543.npy,data/raw/archive/ISL_CSLRT_Corpus/ISL_CSLRT_Corpus/Videos_Sentence_Level/what are you doing/what are you doing (5).MP4,Videos_Sentence_Level/what are you doing/what are you doing (5).MP4,what are you doing (5).MP4,what are you doing,what_are_you_doing,class_079,WHAT YOU DO,,112,225,skipped,112,0,0,0,
data/processed/landmarks/000544.npy,data/raw/archive/ISL_CSLRT_Corpus/ISL_CSLRT_Corpus/Videos_Sentence_Level/what are you doing/what are you doing (6).MP4,Videos_Sentence_Level/what are you doing/what are you doing (6).MP4,what are you doing (6).MP4,what are you doing,what_are_you_doing,class_079,WHAT YOU DO,,99,225,skipped,99,0,0,0,
data/processed/landmarks/000545.npy,data/raw/archive/ISL_CSLRT_Corpus/ISL_CSLRT_Corpus/Videos_Sentence_Level/what are you doing/what are you doing (7).mp4,Videos_Sentence_Level/what are you doing/what are you doing (7).mp4,what are you doing (7).mp4,what are you doing,what_are_you_doing,class_079,WHAT YOU DO,,50,225,skipped,50,0,0,0,
data/processed/landmarks/000546.npy,data/raw/archive/ISL_CSLRT_Corpus/ISL_CSLRT_Corpus/Videos_Sentence_Level/what are you doing/what are you doing (8).mp4,Videos_Sentence_Level/what are you doing/what are you doing (8).mp4,what are you doing (8).mp4,what are you doing,what_are_you_doing,class_079,WHAT YOU DO,,75,225,skipped,75,0,0,0,
data/processed/landmarks/000547.npy,data/raw/archive/ISL_CSLRT_Corpus/ISL_CSLRT_Corpus/Videos_Sentence_Level/what did you tell him/MVI_6497.MP4,Videos_Sentence_Level/what did you tell him/MVI_6497.MP4,MVI_6497.MP4,what did you tell him,what_did_you_tell_him,class_080,WHAT YOU TELL HIM,,83,225,skipped,83,0,0,0,
data/processed/landmarks/000548.npy,data/raw/archive/ISL_CSLRT_Corpus/ISL_CSLRT_Corpus/Videos_Sentence_Level/what did you tell him/tell him (2).MP4,Videos_Sentence_Level/what did you tell him/tell him (2).MP4,tell him (2).MP4,what did you tell him,what_did_you_tell_him,class_080,WHAT YOU TELL HIM,,81,225,skipped,81,0,0,0,
data/processed/landmarks/000549.npy,data/raw/archive/ISL_CSLRT_Corpus/ISL_CSLRT_Corpus/Videos_Sentence_Level/what did you tell him/tell him (3).MP4,Videos_Sentence_Level/what did you tell him/tell him (3).MP4,tell him (3).MP4,what did you tell him,what_did_you_tell_him,class_080,WHAT YOU TELL HIM,,106,225,skipped,106,0,0,0,
data/processed/landmarks/000550.npy,data/raw/archive/ISL_CSLRT_Corpus/ISL_CSLRT_Corpus/Videos_Sentence_Level/what did you tell him/tell him (4).MP4,Videos_Sentence_Level/what did you tell him/tell him (4).MP4,tell him (4).MP4,what did you tell him,what_did_you_tell_him,class_080,WHAT YOU TELL HIM,,102,225,skipped,102,0,0,0,
data/processed/landmarks/000551.npy,data/raw/archive/ISL_CSLRT_Corpus/ISL_CSLRT_Corpus/Videos_Sentence_Level/what did you tell him/tell him.MP4,Videos_Sentence_Level/what did you tell him/tell him.MP4,tell him.MP4,what did you tell him,what_did_you_tell_him,class_080,WHAT YOU TELL HIM,,77,225,skipped,77,0,0,0,
data/processed/landmarks/000552.npy,data/raw/archive/ISL_CSLRT_Corpus/ISL_CSLRT_Corpus/Videos_Sentence_Level/what did you tell him/what did you tell him (2).mp4,Videos_Sentence_Level/what did you tell him/what did you tell him (2).mp4,what did you tell him (2).mp4,what did you tell him,what_did_you_tell_him,class_080,WHAT YOU TELL HIM,,75,225,skipped,75,0,0,0,
data/processed/landmarks/000553.npy,data/raw/archive/ISL_CSLRT_Corpus/ISL_CSLRT_Corpus/Videos_Sentence_Level/what did you tell him/what did you tell him.mp4,Videos_Sentence_Level/what did you tell him/what did you tell him.mp4,what did you tell him.mp4,what did you tell him,what_did_you_tell_him,class_080,WHAT YOU TELL HIM,,50,225,skipped,50,0,0,0,
data/processed/landmarks/000554.npy,data/raw/archive/ISL_CSLRT_Corpus/ISL_CSLRT_Corpus/Videos_Sentence_Level/what do you do/what do you do (1).MP4,Videos_Sentence_Level/what do you do/what do you do (1).MP4,what do you do (1).MP4,what do you do,what_do_you_do,class_081,WHAT YOU DO,,92,225,skipped,92,0,0,0,
data/processed/landmarks/000555.npy,data/raw/archive/ISL_CSLRT_Corpus/ISL_CSLRT_Corpus/Videos_Sentence_Level/what do you do/what do you do (3).MP4,Videos_Sentence_Level/what do you do/what do you do (3).MP4,what do you do (3).MP4,what do you do,what_do_you_do,class_081,WHAT YOU DO,,89,225,skipped,89,0,0,0,
data/processed/landmarks/000556.npy,data/raw/archive/ISL_CSLRT_Corpus/ISL_CSLRT_Corpus/Videos_Sentence_Level/what do you do/what do you do (4).MP4,Videos_Sentence_Level/what do you do/what do you do (4).MP4,what do you do (4).MP4,what do you do,what_do_you_do,class_081,WHAT YOU DO,,99,225,skipped,99,0,0,0,
data/processed/landmarks/000557.npy,data/raw/archive/ISL_CSLRT_Corpus/ISL_CSLRT_Corpus/Videos_Sentence_Level/what do you do/what do you do (5).MP4,Videos_Sentence_Level/what do you do/what do you do (5).MP4,what do you do (5).MP4,what do you do,what_do_you_do,class_081,WHAT YOU DO,,89,225,skipped,89,0,0,0,
data/processed/landmarks/000558.npy,data/raw/archive/ISL_CSLRT_Corpus/ISL_CSLRT_Corpus/Videos_Sentence_Level/what do you do/what do you do (6).mp4,Videos_Sentence_Level/what do you do/what do you do (6).mp4,what do you do (6).mp4,what do you do,what_do_you_do,class_081,WHAT YOU DO,,50,225,skipped,50,0,0,0,
data/processed/landmarks/000559.npy,data/raw/archive/ISL_CSLRT_Corpus/ISL_CSLRT_Corpus/Videos_Sentence_Level/what do you do/what do you do (7).mp4,Videos_Sentence_Level/what do you do/what do you do (7).mp4,what do you do (7).mp4,what do you do,what_do_you_do,class_081,WHAT YOU DO,,50,225,skipped,50,0,0,0,
data/processed/landmarks/000560.npy,data/raw/archive/ISL_CSLRT_Corpus/ISL_CSLRT_Corpus/Videos_Sentence_Level/what do you think/what do you think (1).MP4,Videos_Sentence_Level/what do you think/what do you think (1).MP4,what do you think (1).MP4,what do you think,what_do_you_think,class_082,WHAT DO YOU THINK,,99,225,skipped,99,0,0,0,
data/processed/landmarks/000561.npy,data/raw/archive/ISL_CSLRT_Corpus/ISL_CSLRT_Corpus/Videos_Sentence_Level/what do you think/what do you think (3).MP4,Videos_Sentence_Level/what do you think/what do you think (3).MP4,what do you think (3).MP4,what do you think,what_do_you_think,class_082,WHAT DO YOU THINK,,79,225,skipped,79,0,0,0,
data/processed/landmarks/000562.npy,data/raw/archive/ISL_CSLRT_Corpus/ISL_CSLRT_Corpus/Videos_Sentence_Level/what do you think/what do you think (4).MP4,Videos_Sentence_Level/what do you think/what do you think (4).MP4,what do you think (4).MP4,what do you think,what_do_you_think,class_082,WHAT DO YOU THINK,,75,225,skipped,75,0,0,0,
data/processed/landmarks/000563.npy,data/raw/archive/ISL_CSLRT_Corpus/ISL_CSLRT_Corpus/Videos_Sentence_Level/what do you think/what do you think (5).MP4,Videos_Sentence_Level/what do you think/what do you think (5).MP4,what do you think (5).MP4,what do you think,what_do_you_think,class_082,WHAT DO YOU THINK,,100,225,skipped,100,0,0,0,
data/processed/landmarks/000564.npy,data/raw/archive/ISL_CSLRT_Corpus/ISL_CSLRT_Corpus/Videos_Sentence_Level/what do you think/what do you think (6).MP4,Videos_Sentence_Level/what do you think/what do you think (6).MP4,what do you think (6).MP4,what do you think,what_do_you_think,class_082,WHAT DO YOU THINK,,86,225,skipped,86,0,0,0,
data/processed/landmarks/000565.npy,data/raw/archive/ISL_CSLRT_Corpus/ISL_CSLRT_Corpus/Videos_Sentence_Level/what do you think/what do you think (7).mp4,Videos_Sentence_Level/what do you think/what do you think (7).mp4,what do you think (7).mp4,what do you think,what_do_you_think,class_082,WHAT DO YOU THINK,,25,225,skipped,25,0,0,0,
data/processed/landmarks/000566.npy,data/raw/archive/ISL_CSLRT_Corpus/ISL_CSLRT_Corpus/Videos_Sentence_Level/what do you think/what do you think (8).mp4,Videos_Sentence_Level/what do you think/what do you think (8).mp4,what do you think (8).mp4,what do you think,what_do_you_think,class_082,WHAT DO YOU THINK,,100,225,skipped,100,0,0,0,
data/processed/landmarks/000567.npy,data/raw/archive/ISL_CSLRT_Corpus/ISL_CSLRT_Corpus/Videos_Sentence_Level/what do you want to become/become (2).MP4,Videos_Sentence_Level/what do you want to become/become (2).MP4,become (2).MP4,what do you want to become,what_do_you_want_to_become,class_083,WHAT DO YOU WANT BECOME,,85,225,skipped,85,0,0,0,
data/processed/landmarks/000568.npy,data/raw/archive/ISL_CSLRT_Corpus/ISL_CSLRT_Corpus/Videos_Sentence_Level/what do you want to become/become (3).MP4,Videos_Sentence_Level/what do you want to become/become (3).MP4,become (3).MP4,what do you want to become,what_do_you_want_to_become,class_083,WHAT DO YOU WANT BECOME,,113,225,skipped,113,0,0,0,
data/processed/landmarks/000569.npy,data/raw/archive/ISL_CSLRT_Corpus/ISL_CSLRT_Corpus/Videos_Sentence_Level/what do you want to become/become (4).MP4,Videos_Sentence_Level/what do you want to become/become (4).MP4,become (4).MP4,what do you want to become,what_do_you_want_to_become,class_083,WHAT DO YOU WANT BECOME,,92,225,skipped,92,0,0,0,
data/processed/landmarks/000570.npy,data/raw/archive/ISL_CSLRT_Corpus/ISL_CSLRT_Corpus/Videos_Sentence_Level/what do you want to become/become (5).MP4,Videos_Sentence_Level/what do you want to become/become (5).MP4,become (5).MP4,what do you want to become,what_do_you_want_to_become,class_083,WHAT DO YOU WANT BECOME,,104,225,skipped,104,0,0,0,
data/processed/landmarks/000571.npy,data/raw/archive/ISL_CSLRT_Corpus/ISL_CSLRT_Corpus/Videos_Sentence_Level/what do you want to become/become.MP4,Videos_Sentence_Level/what do you want to become/become.MP4,become.MP4,what do you want to become,what_do_you_want_to_become,class_083,WHAT DO YOU WANT BECOME,,96,225,skipped,96,0,0,0,
data/processed/landmarks/000572.npy,data/raw/archive/ISL_CSLRT_Corpus/ISL_CSLRT_Corpus/Videos_Sentence_Level/what do you want to become/what do you want to become (2).mp4,Videos_Sentence_Level/what do you want to become/what do you want to become (2).mp4,what do you want to become (2).mp4,what do you want to become,what_do_you_want_to_become,class_083,WHAT DO YOU WANT BECOME,,50,225,skipped,50,0,0,0,
data/processed/landmarks/000573.npy,data/raw/archive/ISL_CSLRT_Corpus/ISL_CSLRT_Corpus/Videos_Sentence_Level/what do you want to become/what do you want to become.mp4,Videos_Sentence_Level/what do you want to become/what do you want to become.mp4,what do you want to become.mp4,what do you want to become,what_do_you_want_to_become,class_083,WHAT DO YOU WANT BECOME,,100,225,skipped,100,0,0,0,
data/processed/landmarks/000574.npy,data/raw/archive/ISL_CSLRT_Corpus/ISL_CSLRT_Corpus/Videos_Sentence_Level/what happened/MVI_6495.MP4,Videos_Sentence_Level/what happened/MVI_6495.MP4,MVI_6495.MP4,what happened,what_happened,class_084,WHAT HAPPENED,,94,225,skipped,94,0,0,0,
data/processed/landmarks/000575.npy,data/raw/archive/ISL_CSLRT_Corpus/ISL_CSLRT_Corpus/Videos_Sentence_Level/what happened/happen.MP4,Videos_Sentence_Level/what happened/happen.MP4,happen.MP4,what happened,what_happened,class_084,WHAT HAPPENED,,94,225,skipped,94,0,0,0,
data/processed/landmarks/000576.npy,data/raw/archive/ISL_CSLRT_Corpus/ISL_CSLRT_Corpus/Videos_Sentence_Level/what happened/happened (2).MP4,Videos_Sentence_Level/what happened/happened (2).MP4,happened (2).MP4,what happened,what_happened,class_084,WHAT HAPPENED,,89,225,skipped,89,0,0,0,
data/processed/landmarks/000577.npy,data/raw/archive/ISL_CSLRT_Corpus/ISL_CSLRT_Corpus/Videos_Sentence_Level/what happened/happened (3).MP4,Videos_Sentence_Level/what happened/happened (3).MP4,happened (3).MP4,what happened,what_happened,class_084,WHAT HAPPENED,,89,225,skipped,89,0,0,0,
data/processed/landmarks/000578.npy,data/raw/archive/ISL_CSLRT_Corpus/ISL_CSLRT_Corpus/Videos_Sentence_Level/what happened/happened.MP4,Videos_Sentence_Level/what happened/happened.MP4,happened.MP4,what happened,what_happened,class_084,WHAT HAPPENED,,62,225,skipped,62,0,0,0,
data/processed/landmarks/000579.npy,data/raw/archive/ISL_CSLRT_Corpus/ISL_CSLRT_Corpus/Videos_Sentence_Level/what happened/what happened.mp4,Videos_Sentence_Level/what happened/what happened.mp4,what happened.mp4,what happened,what_happened,class_084,WHAT HAPPENED,,75,225,skipped,75,0,0,0,
data/processed/landmarks/000580.npy,data/raw/archive/ISL_CSLRT_Corpus/ISL_CSLRT_Corpus/Videos_Sentence_Level/what have you planned for your career/MVI_6499.MP4,Videos_Sentence_Level/what have you planned for your career/MVI_6499.MP4,MVI_6499.MP4,what have you planned for your career,what_have_you_planned_for_your_career,class_085,WHAT HAVE YOU PLAN YOUR CAREER,,146,225,skipped,146,0,0,0,
data/processed/landmarks/000581.npy,data/raw/archive/ISL_CSLRT_Corpus/ISL_CSLRT_Corpus/Videos_Sentence_Level/what have you planned for your career/what have you planned for your career (2).mp4,Videos_Sentence_Level/what have you planned for your career/what have you planned for your career (2).mp4,what have you planned for your career (2).mp4,what have you planned for your career,what_have_you_planned_for_your_career,class_085,WHAT HAVE YOU PLAN YOUR CAREER,,50,225,skipped,50,0,0,0,
data/processed/landmarks/000582.npy,data/raw/archive/ISL_CSLRT_Corpus/ISL_CSLRT_Corpus/Videos_Sentence_Level/what have you planned for your career/what have you planned for your career.mp4,Videos_Sentence_Level/what have you planned for your career/what have you planned for your career.mp4,what have you planned for your career.mp4,what have you planned for your career,what_have_you_planned_for_your_career,class_085,WHAT HAVE YOU PLAN YOUR CAREER,,99,225,skipped,99,0,0,0,
data/processed/landmarks/000583.npy,data/raw/archive/ISL_CSLRT_Corpus/ISL_CSLRT_Corpus/Videos_Sentence_Level/what is your phone number/what is your phone number (1).MP4,Videos_Sentence_Level/what is your phone number/what is your phone number (1).MP4,what is your phone number (1).MP4,what is your phone number,what_is_your_phone_number,class_086,WHAT YOUR PHONE NUMBER,,147,225,skipped,147,0,0,0,
data/processed/landmarks/000584.npy,data/raw/archive/ISL_CSLRT_Corpus/ISL_CSLRT_Corpus/Videos_Sentence_Level/what is your phone number/what is your phone number (3).MP4,Videos_Sentence_Level/what is your phone number/what is your phone number (3).MP4,what is your phone number (3).MP4,what is your phone number,what_is_your_phone_number,class_086,WHAT YOUR PHONE NUMBER,,116,225,skipped,116,0,0,0,
data/processed/landmarks/000585.npy,data/raw/archive/ISL_CSLRT_Corpus/ISL_CSLRT_Corpus/Videos_Sentence_Level/what is your phone number/what is your phone number (4).MP4,Videos_Sentence_Level/what is your phone number/what is your phone number (4).MP4,what is your phone number (4).MP4,what is your phone number,what_is_your_phone_number,class_086,WHAT YOUR PHONE NUMBER,,138,225,skipped,138,0,0,0,
data/processed/landmarks/000586.npy,data/raw/archive/ISL_CSLRT_Corpus/ISL_CSLRT_Corpus/Videos_Sentence_Level/what is your phone number/what is your phone number (5).MP4,Videos_Sentence_Level/what is your phone number/what is your phone number (5).MP4,what is your phone number (5).MP4,what is your phone number,what_is_your_phone_number,class_086,WHAT YOUR PHONE NUMBER,,134,225,skipped,134,0,0,0,
data/processed/landmarks/000587.npy,data/raw/archive/ISL_CSLRT_Corpus/ISL_CSLRT_Corpus/Videos_Sentence_Level/what is your phone number/what is your phone number (6).MP4,Videos_Sentence_Level/what is your phone number/what is your phone number (6).MP4,what is your phone number (6).MP4,what is your phone number,what_is_your_phone_number,class_086,WHAT YOUR PHONE NUMBER,,112,225,skipped,112,0,0,0,
data/processed/landmarks/000588.npy,data/raw/archive/ISL_CSLRT_Corpus/ISL_CSLRT_Corpus/Videos_Sentence_Level/what is your phone number/what is your phone number (7).mp4,Videos_Sentence_Level/what is your phone number/what is your phone number (7).mp4,what is your phone number (7).mp4,what is your phone number,what_is_your_phone_number,class_086,WHAT YOUR PHONE NUMBER,,50,225,skipped,50,0,0,0,
data/processed/landmarks/000589.npy,data/raw/archive/ISL_CSLRT_Corpus/ISL_CSLRT_Corpus/Videos_Sentence_Level/what is your phone number/what is your phone number (8).mp4,Videos_Sentence_Level/what is your phone number/what is your phone number (8).mp4,what is your phone number (8).mp4,what is your phone number,what_is_your_phone_number,class_086,WHAT YOUR PHONE NUMBER,,75,225,skipped,75,0,0,0,
data/processed/landmarks/000590.npy,data/raw/archive/ISL_CSLRT_Corpus/ISL_CSLRT_Corpus/Videos_Sentence_Level/what you want/what you want (1).MP4,Videos_Sentence_Level/what you want/what you want (1).MP4,what you want (1).MP4,what you want,what_you_want,class_087,WHAT YOU WANT,,88,225,skipped,88,0,0,0,
data/processed/landmarks/000591.npy,data/raw/archive/ISL_CSLRT_Corpus/ISL_CSLRT_Corpus/Videos_Sentence_Level/what you want/what you want (3).MP4,Videos_Sentence_Level/what you want/what you want (3).MP4,what you want (3).MP4,what you want,what_you_want,class_087,WHAT YOU WANT,,92,225,skipped,92,0,0,0,
data/processed/landmarks/000592.npy,data/raw/archive/ISL_CSLRT_Corpus/ISL_CSLRT_Corpus/Videos_Sentence_Level/what you want/what you want (4).MP4,Videos_Sentence_Level/what you want/what you want (4).MP4,what you want (4).MP4,what you want,what_you_want,class_087,WHAT YOU WANT,,105,225,skipped,105,0,0,0,
data/processed/landmarks/000593.npy,data/raw/archive/ISL_CSLRT_Corpus/ISL_CSLRT_Corpus/Videos_Sentence_Level/what you want/what you want (5).MP4,Videos_Sentence_Level/what you want/what you want (5).MP4,what you want (5).MP4,what you want,what_you_want,class_087,WHAT YOU WANT,,94,225,skipped,94,0,0,0,
data/processed/landmarks/000594.npy,data/raw/archive/ISL_CSLRT_Corpus/ISL_CSLRT_Corpus/Videos_Sentence_Level/what you want/what you want (6).MP4,Videos_Sentence_Level/what you want/what you want (6).MP4,what you want (6).MP4,what you want,what_you_want,class_087,WHAT YOU WANT,,93,225,skipped,93,0,0,0,
data/processed/landmarks/000595.npy,data/raw/archive/ISL_CSLRT_Corpus/ISL_CSLRT_Corpus/Videos_Sentence_Level/what you want/what you want (7).mp4,Videos_Sentence_Level/what you want/what you want (7).mp4,what you want (7).mp4,what you want,what_you_want,class_087,WHAT YOU WANT,,25,225,skipped,25,0,0,0,
data/processed/landmarks/000596.npy,data/raw/archive/ISL_CSLRT_Corpus/ISL_CSLRT_Corpus/Videos_Sentence_Level/what you want/what you want (8).mp4,Videos_Sentence_Level/what you want/what you want (8).mp4,what you want (8).mp4,what you want,what_you_want,class_087,WHAT YOU WANT,,100,225,skipped,100,0,0,0,
data/processed/landmarks/000597.npy,data/raw/archive/ISL_CSLRT_Corpus/ISL_CSLRT_Corpus/Videos_Sentence_Level/when will the train leave/leave (2).MP4,Videos_Sentence_Level/when will the train leave/leave (2).MP4,leave (2).MP4,when will the train leave,when_will_the_train_leave,class_088,WHEN TRAIN LEAVE,,119,225,skipped,119,0,0,0,
data/processed/landmarks/000598.npy,data/raw/archive/ISL_CSLRT_Corpus/ISL_CSLRT_Corpus/Videos_Sentence_Level/when will the train leave/leave (3).MP4,Videos_Sentence_Level/when will the train leave/leave (3).MP4,leave (3).MP4,when will the train leave,when_will_the_train_leave,class_088,WHEN TRAIN LEAVE,,110,225,skipped,110,0,0,0,
data/processed/landmarks/000599.npy,data/raw/archive/ISL_CSLRT_Corpus/ISL_CSLRT_Corpus/Videos_Sentence_Level/when will the train leave/leave (4).MP4,Videos_Sentence_Level/when will the train leave/leave (4).MP4,leave (4).MP4,when will the train leave,when_will_the_train_leave,class_088,WHEN TRAIN LEAVE,,107,225,skipped,107,0,0,0,
data/processed/landmarks/000600.npy,data/raw/archive/ISL_CSLRT_Corpus/ISL_CSLRT_Corpus/Videos_Sentence_Level/when will the train leave/leave (5).MP4,Videos_Sentence_Level/when will the train leave/leave (5).MP4,leave (5).MP4,when will the train leave,when_will_the_train_leave,class_088,WHEN TRAIN LEAVE,,117,225,skipped,117,0,0,0,
data/processed/landmarks/000601.npy,data/raw/archive/ISL_CSLRT_Corpus/ISL_CSLRT_Corpus/Videos_Sentence_Level/when will the train leave/leave.MP4,Videos_Sentence_Level/when will the train leave/leave.MP4,leave.MP4,when will the train leave,when_will_the_train_leave,class_088,WHEN TRAIN LEAVE,,121,225,skipped,121,0,0,0,
data/processed/landmarks/000602.npy,data/raw/archive/ISL_CSLRT_Corpus/ISL_CSLRT_Corpus/Videos_Sentence_Level/when will the train leave/when will the train leave (2).mp4,Videos_Sentence_Level/when will the train leave/when will the train leave (2).mp4,when will the train leave (2).mp4,when will the train leave,when_will_the_train_leave,class_088,WHEN TRAIN LEAVE,,50,225,skipped,50,0,0,0,
data/processed/landmarks/000603.npy,data/raw/archive/ISL_CSLRT_Corpus/ISL_CSLRT_Corpus/Videos_Sentence_Level/when will the train leave/when will the train leave.mp4,Videos_Sentence_Level/when will the train leave/when will the train leave.mp4,when will the train leave.mp4,when will the train leave,when_will_the_train_leave,class_088,WHEN TRAIN LEAVE,,100,225,skipped,100,0,0,0,
data/processed/landmarks/000604.npy,data/raw/archive/ISL_CSLRT_Corpus/ISL_CSLRT_Corpus/Videos_Sentence_Level/where are you from/where are you from (1).MP4,Videos_Sentence_Level/where are you from/where are you from (1).MP4,where are you from (1).MP4,where are you from,where_are_you_from,class_089,WHERE YOU FROM,,96,225,skipped,96,0,0,0,
data/processed/landmarks/000605.npy,data/raw/archive/ISL_CSLRT_Corpus/ISL_CSLRT_Corpus/Videos_Sentence_Level/where are you from/where are you from (3).MP4,Videos_Sentence_Level/where are you from/where are you from (3).MP4,where are you from (3).MP4,where are you from,where_are_you_from,class_089,WHERE YOU FROM,,95,225,skipped,95,0,0,0,
data/processed/landmarks/000606.npy,data/raw/archive/ISL_CSLRT_Corpus/ISL_CSLRT_Corpus/Videos_Sentence_Level/where are you from/where are you from (4).MP4,Videos_Sentence_Level/where are you from/where are you from (4).MP4,where are you from (4).MP4,where are you from,where_are_you_from,class_089,WHERE YOU FROM,,95,225,skipped,95,0,0,0,
data/processed/landmarks/000607.npy,data/raw/archive/ISL_CSLRT_Corpus/ISL_CSLRT_Corpus/Videos_Sentence_Level/where are you from/where are you from (5).MP4,Videos_Sentence_Level/where are you from/where are you from (5).MP4,where are you from (5).MP4,where are you from,where_are_you_from,class_089,WHERE YOU FROM,,96,225,skipped,96,0,0,0,
data/processed/landmarks/000608.npy,data/raw/archive/ISL_CSLRT_Corpus/ISL_CSLRT_Corpus/Videos_Sentence_Level/where are you from/where are you from (6).mp4,Videos_Sentence_Level/where are you from/where are you from (6).mp4,where are you from (6).mp4,where are you from,where_are_you_from,class_089,WHERE YOU FROM,,25,225,skipped,25,0,0,0,
data/processed/landmarks/000609.npy,data/raw/archive/ISL_CSLRT_Corpus/ISL_CSLRT_Corpus/Videos_Sentence_Level/where are you from/where are you from (7).mp4,Videos_Sentence_Level/where are you from/where are you from (7).mp4,where are you from (7).mp4,where are you from,where_are_you_from,class_089,WHERE YOU FROM,,50,225,skipped,50,0,0,0,
data/processed/landmarks/000610.npy,data/raw/archive/ISL_CSLRT_Corpus/ISL_CSLRT_Corpus/Videos_Sentence_Level/which collegeschool are you from/college school (2).MP4,Videos_Sentence_Level/which collegeschool are you from/college school (2).MP4,college school (2).MP4,which college school are you from,,,WHICH COLLEGE SCHOOL YOU FROM,,174,225,skipped,174,0,0,0,
data/processed/landmarks/000611.npy,data/raw/archive/ISL_CSLRT_Corpus/ISL_CSLRT_Corpus/Videos_Sentence_Level/which collegeschool are you from/college school (3).MP4,Videos_Sentence_Level/which collegeschool are you from/college school (3).MP4,college school (3).MP4,which college school are you from,,,WHICH COLLEGE SCHOOL YOU FROM,,149,225,skipped,149,0,0,0,
data/processed/landmarks/000612.npy,data/raw/archive/ISL_CSLRT_Corpus/ISL_CSLRT_Corpus/Videos_Sentence_Level/which collegeschool are you from/college school.MP4,Videos_Sentence_Level/which collegeschool are you from/college school.MP4,college school.MP4,which college school are you from,,,WHICH COLLEGE SCHOOL YOU FROM,,141,225,skipped,141,0,0,0,
data/processed/landmarks/000613.npy,data/raw/archive/ISL_CSLRT_Corpus/ISL_CSLRT_Corpus/Videos_Sentence_Level/which collegeschool are you from/school college (2).MP4,Videos_Sentence_Level/which collegeschool are you from/school college (2).MP4,school college (2).MP4,which college school are you from,,,WHICH COLLEGE SCHOOL YOU FROM,,192,225,skipped,192,0,0,0,
data/processed/landmarks/000614.npy,data/raw/archive/ISL_CSLRT_Corpus/ISL_CSLRT_Corpus/Videos_Sentence_Level/which collegeschool are you from/school college.MP4,Videos_Sentence_Level/which collegeschool are you from/school college.MP4,school college.MP4,which college school are you from,,,WHICH COLLEGE SCHOOL YOU FROM,,129,225,skipped,129,0,0,0,
data/processed/landmarks/000615.npy,data/raw/archive/ISL_CSLRT_Corpus/ISL_CSLRT_Corpus/Videos_Sentence_Level/which collegeschool are you from/which collegeschool are you from (2).mp4,Videos_Sentence_Level/which collegeschool are you from/which collegeschool are you from (2).mp4,which collegeschool are you from (2).mp4,which college school are you from,,,WHICH COLLEGE SCHOOL YOU FROM,,50,225,skipped,50,0,0,0,
data/processed/landmarks/000616.npy,data/raw/archive/ISL_CSLRT_Corpus/ISL_CSLRT_Corpus/Videos_Sentence_Level/which collegeschool are you from/which collegeschool are you from.mp4,Videos_Sentence_Level/which collegeschool are you from/which collegeschool are you from.mp4,which collegeschool are you from.mp4,which college school are you from,,,WHICH COLLEGE SCHOOL YOU FROM,,75,225,skipped,75,0,0,0,
data/processed/landmarks/000617.npy,data/raw/archive/ISL_CSLRT_Corpus/ISL_CSLRT_Corpus/Videos_Sentence_Level/who are you/who are you (1).MP4,Videos_Sentence_Level/who are you/who are you (1).MP4,who are you (1).MP4,who are you,who_are_you,class_091,WHO YOU,,106,225,skipped,106,0,0,0,
data/processed/landmarks/000618.npy,data/raw/archive/ISL_CSLRT_Corpus/ISL_CSLRT_Corpus/Videos_Sentence_Level/who are you/who are you (3).MP4,Videos_Sentence_Level/who are you/who are you (3).MP4,who are you (3).MP4,who are you,who_are_you,class_091,WHO YOU,,83,225,skipped,83,0,0,0,
data/processed/landmarks/000619.npy,data/raw/archive/ISL_CSLRT_Corpus/ISL_CSLRT_Corpus/Videos_Sentence_Level/who are you/who are you (4).MP4,Videos_Sentence_Level/who are you/who are you (4).MP4,who are you (4).MP4,who are you,who_are_you,class_091,WHO YOU,,75,225,skipped,75,0,0,0,
data/processed/landmarks/000620.npy,data/raw/archive/ISL_CSLRT_Corpus/ISL_CSLRT_Corpus/Videos_Sentence_Level/who are you/who are you (5).MP4,Videos_Sentence_Level/who are you/who are you (5).MP4,who are you (5).MP4,who are you,who_are_you,class_091,WHO YOU,,70,225,skipped,70,0,0,0,
data/processed/landmarks/000621.npy,data/raw/archive/ISL_CSLRT_Corpus/ISL_CSLRT_Corpus/Videos_Sentence_Level/who are you/who are you (6).MP4,Videos_Sentence_Level/who are you/who are you (6).MP4,who are you (6).MP4,who are you,who_are_you,class_091,WHO YOU,,87,225,skipped,87,0,0,0,
data/processed/landmarks/000622.npy,data/raw/archive/ISL_CSLRT_Corpus/ISL_CSLRT_Corpus/Videos_Sentence_Level/who are you/who are you (7).mp4,Videos_Sentence_Level/who are you/who are you (7).mp4,who are you (7).mp4,who are you,who_are_you,class_091,WHO YOU,,50,225,skipped,50,0,0,0,
data/processed/landmarks/000623.npy,data/raw/archive/ISL_CSLRT_Corpus/ISL_CSLRT_Corpus/Videos_Sentence_Level/who are you/who are you (8).mp4,Videos_Sentence_Level/who are you/who are you (8).mp4,who are you (8).mp4,who are you,who_are_you,class_091,WHO YOU,,50,225,skipped,50,0,0,0,
data/processed/landmarks/000624.npy,data/raw/archive/ISL_CSLRT_Corpus/ISL_CSLRT_Corpus/Videos_Sentence_Level/why are you angry/angry (2).MP4,Videos_Sentence_Level/why are you angry/angry (2).MP4,angry (2).MP4,why are you angry,why_are_you_angry,class_092,WHY YOU ANGRY,,88,225,skipped,88,0,0,0,
data/processed/landmarks/000625.npy,data/raw/archive/ISL_CSLRT_Corpus/ISL_CSLRT_Corpus/Videos_Sentence_Level/why are you angry/angry (3).MP4,Videos_Sentence_Level/why are you angry/angry (3).MP4,angry (3).MP4,why are you angry,why_are_you_angry,class_092,WHY YOU ANGRY,,93,225,skipped,93,0,0,0,
data/processed/landmarks/000626.npy,data/raw/archive/ISL_CSLRT_Corpus/ISL_CSLRT_Corpus/Videos_Sentence_Level/why are you angry/angry (4).MP4,Videos_Sentence_Level/why are you angry/angry (4).MP4,angry (4).MP4,why are you angry,why_are_you_angry,class_092,WHY YOU ANGRY,,99,225,skipped,99,0,0,0,
data/processed/landmarks/000627.npy,data/raw/archive/ISL_CSLRT_Corpus/ISL_CSLRT_Corpus/Videos_Sentence_Level/why are you angry/angry (5).MP4,Videos_Sentence_Level/why are you angry/angry (5).MP4,angry (5).MP4,why are you angry,why_are_you_angry,class_092,WHY YOU ANGRY,,93,225,skipped,93,0,0,0,
data/processed/landmarks/000628.npy,data/raw/archive/ISL_CSLRT_Corpus/ISL_CSLRT_Corpus/Videos_Sentence_Level/why are you angry/angry.MP4,Videos_Sentence_Level/why are you angry/angry.MP4,angry.MP4,why are you angry,why_are_you_angry,class_092,WHY YOU ANGRY,,79,225,skipped,79,0,0,0,
data/processed/landmarks/000629.npy,data/raw/archive/ISL_CSLRT_Corpus/ISL_CSLRT_Corpus/Videos_Sentence_Level/why are you angry/why are you angry (2).mp4,Videos_Sentence_Level/why are you angry/why are you angry (2).mp4,why are you angry (2).mp4,why are you angry,why_are_you_angry,class_092,WHY YOU ANGRY,,50,225,skipped,50,0,0,0,
data/processed/landmarks/000630.npy,data/raw/archive/ISL_CSLRT_Corpus/ISL_CSLRT_Corpus/Videos_Sentence_Level/why are you angry/why are you angry.mp4,Videos_Sentence_Level/why are you angry/why are you angry.mp4,why are you angry.mp4,why are you angry,why_are_you_angry,class_092,WHY YOU ANGRY,,50,225,skipped,50,0,0,0,
data/processed/landmarks/000631.npy,data/raw/archive/ISL_CSLRT_Corpus/ISL_CSLRT_Corpus/Videos_Sentence_Level/why are you crying/crying (2).MP4,Videos_Sentence_Level/why are you crying/crying (2).MP4,crying (2).MP4,why are you crying,why_are_you_crying,class_093,WHY YOU CRY,,100,225,skipped,100,0,0,0,
data/processed/landmarks/000632.npy,data/raw/archive/ISL_CSLRT_Corpus/ISL_CSLRT_Corpus/Videos_Sentence_Level/why are you crying/crying (3).MP4,Videos_Sentence_Level/why are you crying/crying (3).MP4,crying (3).MP4,why are you crying,why_are_you_crying,class_093,WHY YOU CRY,,116,225,skipped,116,0,0,0,
data/processed/landmarks/000633.npy,data/raw/archive/ISL_CSLRT_Corpus/ISL_CSLRT_Corpus/Videos_Sentence_Level/why are you crying/crying (4).MP4,Videos_Sentence_Level/why are you crying/crying (4).MP4,crying (4).MP4,why are you crying,why_are_you_crying,class_093,WHY YOU CRY,,91,225,skipped,91,0,0,0,
data/processed/landmarks/000634.npy,data/raw/archive/ISL_CSLRT_Corpus/ISL_CSLRT_Corpus/Videos_Sentence_Level/why are you crying/crying (5).MP4,Videos_Sentence_Level/why are you crying/crying (5).MP4,crying (5).MP4,why are you crying,why_are_you_crying,class_093,WHY YOU CRY,,100,225,skipped,100,0,0,0,
data/processed/landmarks/000635.npy,data/raw/archive/ISL_CSLRT_Corpus/ISL_CSLRT_Corpus/Videos_Sentence_Level/why are you crying/crying.MP4,Videos_Sentence_Level/why are you crying/crying.MP4,crying.MP4,why are you crying,why_are_you_crying,class_093,WHY YOU CRY,,100,225,skipped,100,0,0,0,
data/processed/landmarks/000636.npy,data/raw/archive/ISL_CSLRT_Corpus/ISL_CSLRT_Corpus/Videos_Sentence_Level/why are you crying/why are you crying (2).mp4,Videos_Sentence_Level/why are you crying/why are you crying (2).mp4,why are you crying (2).mp4,why are you crying,why_are_you_crying,class_093,WHY YOU CRY,,50,225,skipped,50,0,0,0,
data/processed/landmarks/000637.npy,data/raw/archive/ISL_CSLRT_Corpus/ISL_CSLRT_Corpus/Videos_Sentence_Level/why are you crying/why are you crying.mp4,Videos_Sentence_Level/why are you crying/why are you crying.mp4,why are you crying.mp4,why are you crying,why_are_you_crying,class_093,WHY YOU CRY,,75,225,skipped,75,0,0,0,
data/processed/landmarks/000638.npy,data/raw/archive/ISL_CSLRT_Corpus/ISL_CSLRT_Corpus/Videos_Sentence_Level/why are you disappointed/disappointed (2).MP4,Videos_Sentence_Level/why are you disappointed/disappointed (2).MP4,disappointed (2).MP4,why are you disappointed,why_are_you_disappointed,class_094,WHY YOU DISAPPOINTED,,123,225,skipped,123,0,0,0,
data/processed/landmarks/000639.npy,data/raw/archive/ISL_CSLRT_Corpus/ISL_CSLRT_Corpus/Videos_Sentence_Level/why are you disappointed/disappointed (3).MP4,Videos_Sentence_Level/why are you disappointed/disappointed (3).MP4,disappointed (3).MP4,why are you disappointed,why_are_you_disappointed,class_094,WHY YOU DISAPPOINTED,,103,225,skipped,103,0,0,0,
data/processed/landmarks/000640.npy,data/raw/archive/ISL_CSLRT_Corpus/ISL_CSLRT_Corpus/Videos_Sentence_Level/why are you disappointed/disappointed (4).MP4,Videos_Sentence_Level/why are you disappointed/disappointed (4).MP4,disappointed (4).MP4,why are you disappointed,why_are_you_disappointed,class_094,WHY YOU DISAPPOINTED,,99,225,skipped,99,0,0,0,
data/processed/landmarks/000641.npy,data/raw/archive/ISL_CSLRT_Corpus/ISL_CSLRT_Corpus/Videos_Sentence_Level/why are you disappointed/disappointed (5).MP4,Videos_Sentence_Level/why are you disappointed/disappointed (5).MP4,disappointed (5).MP4,why are you disappointed,why_are_you_disappointed,class_094,WHY YOU DISAPPOINTED,,116,225,skipped,116,0,0,0,
data/processed/landmarks/000642.npy,data/raw/archive/ISL_CSLRT_Corpus/ISL_CSLRT_Corpus/Videos_Sentence_Level/why are you disappointed/disappointed.MP4,Videos_Sentence_Level/why are you disappointed/disappointed.MP4,disappointed.MP4,why are you disappointed,why_are_you_disappointed,class_094,WHY YOU DISAPPOINTED,,94,225,skipped,94,0,0,0,
data/processed/landmarks/000643.npy,data/raw/archive/ISL_CSLRT_Corpus/ISL_CSLRT_Corpus/Videos_Sentence_Level/why are you disappointed/why are you disappointed (2).mp4,Videos_Sentence_Level/why are you disappointed/why are you disappointed (2).mp4,why are you disappointed (2).mp4,why are you disappointed,why_are_you_disappointed,class_094,WHY YOU DISAPPOINTED,,75,225,skipped,75,0,0,0,
data/processed/landmarks/000644.npy,data/raw/archive/ISL_CSLRT_Corpus/ISL_CSLRT_Corpus/Videos_Sentence_Level/why are you disappointed/why are you disappointed.mp4,Videos_Sentence_Level/why are you disappointed/why are you disappointed.mp4,why are you disappointed.mp4,why are you disappointed,why_are_you_disappointed,class_094,WHY YOU DISAPPOINTED,,75,225,skipped,75,0,0,0,
data/processed/landmarks/000645.npy,data/raw/archive/ISL_CSLRT_Corpus/ISL_CSLRT_Corpus/Videos_Sentence_Level/you are bad/bad (2).MP4,Videos_Sentence_Level/you are bad/bad (2).MP4,bad (2).MP4,you are bad,you_are_bad,class_095,YOU BAD,,77,225,skipped,77,0,0,0,
data/processed/landmarks/000646.npy,data/raw/archive/ISL_CSLRT_Corpus/ISL_CSLRT_Corpus/Videos_Sentence_Level/you are bad/bad (3).MP4,Videos_Sentence_Level/you are bad/bad (3).MP4,bad (3).MP4,you are bad,you_are_bad,class_095,YOU BAD,,76,225,skipped,76,0,0,0,
data/processed/landmarks/000647.npy,data/raw/archive/ISL_CSLRT_Corpus/ISL_CSLRT_Corpus/Videos_Sentence_Level/you are bad/bad (4).MP4,Videos_Sentence_Level/you are bad/bad (4).MP4,bad (4).MP4,you are bad,you_are_bad,class_095,YOU BAD,,73,225,skipped,73,0,0,0,
data/processed/landmarks/000648.npy,data/raw/archive/ISL_CSLRT_Corpus/ISL_CSLRT_Corpus/Videos_Sentence_Level/you are bad/bad (5).MP4,Videos_Sentence_Level/you are bad/bad (5).MP4,bad (5).MP4,you are bad,you_are_bad,class_095,YOU BAD,,58,225,skipped,58,0,0,0,
data/processed/landmarks/000649.npy,data/raw/archive/ISL_CSLRT_Corpus/ISL_CSLRT_Corpus/Videos_Sentence_Level/you are bad/bad 1.MP4,Videos_Sentence_Level/you are bad/bad 1.MP4,bad 1.MP4,you are bad,you_are_bad,class_095,YOU BAD,,101,225,skipped,101,0,0,0,
data/processed/landmarks/000650.npy,data/raw/archive/ISL_CSLRT_Corpus/ISL_CSLRT_Corpus/Videos_Sentence_Level/you are bad/bad.MP4,Videos_Sentence_Level/you are bad/bad.MP4,bad.MP4,you are bad,you_are_bad,class_095,YOU BAD,,75,225,skipped,75,0,0,0,
data/processed/landmarks/000651.npy,data/raw/archive/ISL_CSLRT_Corpus/ISL_CSLRT_Corpus/Videos_Sentence_Level/you are bad/you are bad (2).mp4,Videos_Sentence_Level/you are bad/you are bad (2).mp4,you are bad (2).mp4,you are bad,you_are_bad,class_095,YOU BAD,,25,225,skipped,25,0,0,0,
data/processed/landmarks/000652.npy,data/raw/archive/ISL_CSLRT_Corpus/ISL_CSLRT_Corpus/Videos_Sentence_Level/you are bad/you are bad.mp4,Videos_Sentence_Level/you are bad/you are bad.mp4,you are bad.mp4,you are bad,you_are_bad,class_095,YOU BAD,,25,225,skipped,25,0,0,0,
data/processed/landmarks/000653.npy,data/raw/archive/ISL_CSLRT_Corpus/ISL_CSLRT_Corpus/Videos_Sentence_Level/you are good/good (2).MP4,Videos_Sentence_Level/you are good/good (2).MP4,good (2).MP4,you are good,you_are_good,class_096,YOU GOOD,,71,225,skipped,71,0,0,0,
data/processed/landmarks/000654.npy,data/raw/archive/ISL_CSLRT_Corpus/ISL_CSLRT_Corpus/Videos_Sentence_Level/you are good/good (3).MP4,Videos_Sentence_Level/you are good/good (3).MP4,good (3).MP4,you are good,you_are_good,class_096,YOU GOOD,,69,225,skipped,69,0,0,0,
data/processed/landmarks/000655.npy,data/raw/archive/ISL_CSLRT_Corpus/ISL_CSLRT_Corpus/Videos_Sentence_Level/you are good/good (4).MP4,Videos_Sentence_Level/you are good/good (4).MP4,good (4).MP4,you are good,you_are_good,class_096,YOU GOOD,,70,225,skipped,70,0,0,0,
data/processed/landmarks/000656.npy,data/raw/archive/ISL_CSLRT_Corpus/ISL_CSLRT_Corpus/Videos_Sentence_Level/you are good/good (5).MP4,Videos_Sentence_Level/you are good/good (5).MP4,good (5).MP4,you are good,you_are_good,class_096,YOU GOOD,,76,225,skipped,76,0,0,0,
data/processed/landmarks/000657.npy,data/raw/archive/ISL_CSLRT_Corpus/ISL_CSLRT_Corpus/Videos_Sentence_Level/you are good/good.MP4,Videos_Sentence_Level/you are good/good.MP4,good.MP4,you are good,you_are_good,class_096,YOU GOOD,,66,225,skipped,66,0,0,0,
data/processed/landmarks/000658.npy,data/raw/archive/ISL_CSLRT_Corpus/ISL_CSLRT_Corpus/Videos_Sentence_Level/you are good/you are good (2).mp4,Videos_Sentence_Level/you are good/you are good (2).mp4,you are good (2).mp4,you are good,you_are_good,class_096,YOU GOOD,,25,225,skipped,25,0,0,0,
data/processed/landmarks/000659.npy,data/raw/archive/ISL_CSLRT_Corpus/ISL_CSLRT_Corpus/Videos_Sentence_Level/you are good/you are good.mp4,Videos_Sentence_Level/you are good/you are good.mp4,you are good.mp4,you are good,you_are_good,class_096,YOU GOOD,,50,225,skipped,50,0,0,0,
data/processed/landmarks/000660.npy,data/raw/archive/ISL_CSLRT_Corpus/ISL_CSLRT_Corpus/Videos_Sentence_Level/you are welcome/welcome (2).MP4,Videos_Sentence_Level/you are welcome/welcome (2).MP4,welcome (2).MP4,you are welcome,you_are_welcome,class_097,YOU WELCOME,,51,225,skipped,51,0,0,0,
data/processed/landmarks/000661.npy,data/raw/archive/ISL_CSLRT_Corpus/ISL_CSLRT_Corpus/Videos_Sentence_Level/you are welcome/welcome (3).MP4,Videos_Sentence_Level/you are welcome/welcome (3).MP4,welcome (3).MP4,you are welcome,you_are_welcome,class_097,YOU WELCOME,,83,225,skipped,83,0,0,0,
data/processed/landmarks/000662.npy,data/raw/archive/ISL_CSLRT_Corpus/ISL_CSLRT_Corpus/Videos_Sentence_Level/you are welcome/welcome (4).MP4,Videos_Sentence_Level/you are welcome/welcome (4).MP4,welcome (4).MP4,you are welcome,you_are_welcome,class_097,YOU WELCOME,,66,225,skipped,66,0,0,0,
data/processed/landmarks/000663.npy,data/raw/archive/ISL_CSLRT_Corpus/ISL_CSLRT_Corpus/Videos_Sentence_Level/you are welcome/welcome (5).MP4,Videos_Sentence_Level/you are welcome/welcome (5).MP4,welcome (5).MP4,you are welcome,you_are_welcome,class_097,YOU WELCOME,,82,225,skipped,82,0,0,0,
data/processed/landmarks/000664.npy,data/raw/archive/ISL_CSLRT_Corpus/ISL_CSLRT_Corpus/Videos_Sentence_Level/you are welcome/welcome.MP4,Videos_Sentence_Level/you are welcome/welcome.MP4,welcome.MP4,you are welcome,you_are_welcome,class_097,YOU WELCOME,,71,225,skipped,71,0,0,0,
data/processed/landmarks/000665.npy,data/raw/archive/ISL_CSLRT_Corpus/ISL_CSLRT_Corpus/Videos_Sentence_Level/you are welcome/you are welcome (2).mp4,Videos_Sentence_Level/you are welcome/you are welcome (2).mp4,you are welcome (2).mp4,you are welcome,you_are_welcome,class_097,YOU WELCOME,,50,225,skipped,50,0,0,0,
data/processed/landmarks/000666.npy,data/raw/archive/ISL_CSLRT_Corpus/ISL_CSLRT_Corpus/Videos_Sentence_Level/you are welcome/you are welcome.mp4,Videos_Sentence_Level/you are welcome/you are welcome.mp4,you are welcome.mp4,you are welcome,you_are_welcome,class_097,YOU WELCOME,,25,225,skipped,25,0,0,0,
data/processed/landmarks/000667.npy,data/raw/archive/ISL_CSLRT_Corpus/ISL_CSLRT_Corpus/Videos_Sentence_Level/you can do it/can do (2).MP4,Videos_Sentence_Level/you can do it/can do (2).MP4,can do (2).MP4,you can do it,you_can_do_it,class_098,YOU DO IT,,95,225,skipped,95,0,0,0,
data/processed/landmarks/000668.npy,data/raw/archive/ISL_CSLRT_Corpus/ISL_CSLRT_Corpus/Videos_Sentence_Level/you can do it/can do (3).MP4,Videos_Sentence_Level/you can do it/can do (3).MP4,can do (3).MP4,you can do it,you_can_do_it,class_098,YOU DO IT,,98,225,skipped,98,0,0,0,
data/processed/landmarks/000669.npy,data/raw/archive/ISL_CSLRT_Corpus/ISL_CSLRT_Corpus/Videos_Sentence_Level/you can do it/can do (4).MP4,Videos_Sentence_Level/you can do it/can do (4).MP4,can do (4).MP4,you can do it,you_can_do_it,class_098,YOU DO IT,,87,225,skipped,87,0,0,0,
data/processed/landmarks/000670.npy,data/raw/archive/ISL_CSLRT_Corpus/ISL_CSLRT_Corpus/Videos_Sentence_Level/you can do it/can do (5).MP4,Videos_Sentence_Level/you can do it/can do (5).MP4,can do (5).MP4,you can do it,you_can_do_it,class_098,YOU DO IT,,85,225,skipped,85,0,0,0,
data/processed/landmarks/000671.npy,data/raw/archive/ISL_CSLRT_Corpus/ISL_CSLRT_Corpus/Videos_Sentence_Level/you can do it/can do.MP4,Videos_Sentence_Level/you can do it/can do.MP4,can do.MP4,you can do it,you_can_do_it,class_098,YOU DO IT,,95,225,skipped,95,0,0,0,
data/processed/landmarks/000672.npy,data/raw/archive/ISL_CSLRT_Corpus/ISL_CSLRT_Corpus/Videos_Sentence_Level/you can do it/you can do it (2).mp4,Videos_Sentence_Level/you can do it/you can do it (2).mp4,you can do it (2).mp4,you can do it,you_can_do_it,class_098,YOU DO IT,,50,225,skipped,50,0,0,0,
data/processed/landmarks/000673.npy,data/raw/archive/ISL_CSLRT_Corpus/ISL_CSLRT_Corpus/Videos_Sentence_Level/you can do it/you can do it.mp4,Videos_Sentence_Level/you can do it/you can do it.mp4,you can do it.mp4,you can do it,you_can_do_it,class_098,YOU DO IT,,75,225,skipped,75,0,0,0,
data/processed/landmarks/000674.npy,"data/raw/archive/ISL_CSLRT_Corpus/ISL_CSLRT_Corpus/Videos_Sentence_Level/you do anything, i do not care/care.MP4","Videos_Sentence_Level/you do anything, i do not care/care.MP4",care.MP4,"you do anything, i do not care","you_do_anything,_i_do_not_care",class_099,"YOU DO ANYTHING, I DO NOT CARE",,169,225,skipped,169,0,0,0,
data/processed/landmarks/000675.npy,"data/raw/archive/ISL_CSLRT_Corpus/ISL_CSLRT_Corpus/Videos_Sentence_Level/you do anything, i do not care/donotcare.MP4","Videos_Sentence_Level/you do anything, i do not care/donotcare.MP4",donotcare.MP4,"you do anything, i do not care","you_do_anything,_i_do_not_care",class_099,"YOU DO ANYTHING, I DO NOT CARE",,133,225,skipped,133,0,0,0,
data/processed/landmarks/000676.npy,"data/raw/archive/ISL_CSLRT_Corpus/ISL_CSLRT_Corpus/Videos_Sentence_Level/you do anything, i do not care/dont care (2).MP4","Videos_Sentence_Level/you do anything, i do not care/dont care (2).MP4",dont care (2).MP4,"you do anything, i do not care","you_do_anything,_i_do_not_care",class_099,"YOU DO ANYTHING, I DO NOT CARE",,150,225,skipped,150,0,0,0,
data/processed/landmarks/000677.npy,"data/raw/archive/ISL_CSLRT_Corpus/ISL_CSLRT_Corpus/Videos_Sentence_Level/you do anything, i do not care/dont care.MP4","Videos_Sentence_Level/you do anything, i do not care/dont care.MP4",dont care.MP4,"you do anything, i do not care","you_do_anything,_i_do_not_care",class_099,"YOU DO ANYTHING, I DO NOT CARE",,186,225,skipped,186,0,0,0,
data/processed/landmarks/000678.npy,"data/raw/archive/ISL_CSLRT_Corpus/ISL_CSLRT_Corpus/Videos_Sentence_Level/you do anything, i do not care/you do anything, i do not care (2).mp4","Videos_Sentence_Level/you do anything, i do not care/you do anything, i do not care (2).mp4","you do anything, i do not care (2).mp4","you do anything, i do not care","you_do_anything,_i_do_not_care",class_099,"YOU DO ANYTHING, I DO NOT CARE",,75,225,skipped,75,0,0,0,
data/processed/landmarks/000679.npy,"data/raw/archive/ISL_CSLRT_Corpus/ISL_CSLRT_Corpus/Videos_Sentence_Level/you do anything, i do not care/you do anything, i do not care.mp4","Videos_Sentence_Level/you do anything, i do not care/you do anything, i do not care.mp4","you do anything, i do not care.mp4","you do anything, i do not care","you_do_anything,_i_do_not_care",class_099,"YOU DO ANYTHING, I DO NOT CARE",,125,225,skipped,125,0,0,0,
data/processed/landmarks/000680.npy,"data/raw/archive/ISL_CSLRT_Corpus/ISL_CSLRT_Corpus/Videos_Sentence_Level/you need a medicine, take this one/medicine (2).MP4","Videos_Sentence_Level/you need a medicine, take this one/medicine (2).MP4",medicine (2).MP4,"you need a medicine, take this one","you_need_a_medicine,_take_this_one",class_100,"YOU NEED A MEDICINE, TAKE THIS ONE",,118,225,skipped,118,0,0,0,
data/processed/landmarks/000681.npy,"data/raw/archive/ISL_CSLRT_Corpus/ISL_CSLRT_Corpus/Videos_Sentence_Level/you need a medicine, take this one/medicine (3).MP4","Videos_Sentence_Level/you need a medicine, take this one/medicine (3).MP4",medicine (3).MP4,"you need a medicine, take this one","you_need_a_medicine,_take_this_one",class_100,"YOU NEED A MEDICINE, TAKE THIS ONE",,155,225,skipped,155,0,0,0,
data/processed/landmarks/000682.npy,"data/raw/archive/ISL_CSLRT_Corpus/ISL_CSLRT_Corpus/Videos_Sentence_Level/you need a medicine, take this one/medicine (4).MP4","Videos_Sentence_Level/you need a medicine, take this one/medicine (4).MP4",medicine (4).MP4,"you need a medicine, take this one","you_need_a_medicine,_take_this_one",class_100,"YOU NEED A MEDICINE, TAKE THIS ONE",,111,225,skipped,111,0,0,0,
data/processed/landmarks/000683.npy,"data/raw/archive/ISL_CSLRT_Corpus/ISL_CSLRT_Corpus/Videos_Sentence_Level/you need a medicine, take this one/medicine (5).MP4","Videos_Sentence_Level/you need a medicine, take this one/medicine (5).MP4",medicine (5).MP4,"you need a medicine, take this one","you_need_a_medicine,_take_this_one",class_100,"YOU NEED A MEDICINE, TAKE THIS ONE",,115,225,skipped,115,0,0,0,
data/processed/landmarks/000684.npy,"data/raw/archive/ISL_CSLRT_Corpus/ISL_CSLRT_Corpus/Videos_Sentence_Level/you need a medicine, take this one/medicine.MP4","Videos_Sentence_Level/you need a medicine, take this one/medicine.MP4",medicine.MP4,"you need a medicine, take this one","you_need_a_medicine,_take_this_one",class_100,"YOU NEED A MEDICINE, TAKE THIS ONE",,118,225,skipped,118,0,0,0,
data/processed/landmarks/000685.npy,"data/raw/archive/ISL_CSLRT_Corpus/ISL_CSLRT_Corpus/Videos_Sentence_Level/you need a medicine, take this one/you need a medicine, take this one..mp4","Videos_Sentence_Level/you need a medicine, take this one/you need a medicine, take this one..mp4","you need a medicine, take this one..mp4","you need a medicine, take this one","you_need_a_medicine,_take_this_one",class_100,"YOU NEED A MEDICINE, TAKE THIS ONE",,50,225,skipped,50,0,0,0,
data/processed/landmarks/000686.npy,"data/raw/archive/ISL_CSLRT_Corpus/ISL_CSLRT_Corpus/Videos_Sentence_Level/you need a medicine, take this one/you need a medicine, take this one.mp4","Videos_Sentence_Level/you need a medicine, take this one/you need a medicine, take this one.mp4","you need a medicine, take this one.mp4","you need a medicine, take this one","you_need_a_medicine,_take_this_one",class_100,"YOU NEED A MEDICINE, TAKE THIS ONE",,75,225,skipped,75,0,0,0,
