video_path,relative_video_path,file_name,sentence_folder,sentence,class_name,label_id,gloss,signer,file_extension,file_size_mb,frame_count,fps,duration_seconds,width,height
data/raw/archive/ISL_CSLRT_Corpus/ISL_CSLRT_Corpus/Videos_Sentence_Level/are you free today/are you free today (2).mp4,Videos_Sentence_Level/are you free today/are you free today (2).mp4,are you free today (2).mp4,are you free today,are you free today,are_you_free_today,class_000,YOU FREE TODAY,,.mp4,0.054949,25,25.0,1.0,240,320
data/raw/archive/ISL_CSLRT_Corpus/ISL_CSLRT_Corpus/Videos_Sentence_Level/are you free today/are you free today.mp4,Videos_Sentence_Level/are you free today/are you free today.mp4,are you free today.mp4,are you free today,are you free today,are_you_free_today,class_000,YOU FREE TODAY,,.mp4,0.605424,50,25.0,2.0,240,320
data/raw/archive/ISL_CSLRT_Corpus/ISL_CSLRT_Corpus/Videos_Sentence_Level/are you free today/free (2).MP4,Videos_Sentence_Level/are you free today/free (2).MP4,free (2).MP4,are you free today,are you free today,are_you_free_today,class_000,YOU FREE TODAY,,.mp4,10.724627,78,25.0,3.12,1920,1080
data/raw/archive/ISL_CSLRT_Corpus/ISL_CSLRT_Corpus/Videos_Sentence_Level/are you free today/free (3).MP4,Videos_Sentence_Level/are you free today/free (3).MP4,free (3).MP4,are you free today,are you free today,are_you_free_today,class_000,YOU FREE TODAY,,.mp4,13.508823,98,25.0,3.92,1920,1080
data/raw/archive/ISL_CSLRT_Corpus/ISL_CSLRT_Corpus/Videos_Sentence_Level/are you free today/free (4).MP4,Videos_Sentence_Level/are you free today/free (4).MP4,free (4).MP4,are you free today,are you free today,are_you_free_today,class_000,YOU FREE TODAY,,.mp4,11.266341,82,25.0,3.28,1920,1080
data/raw/archive/ISL_CSLRT_Corpus/ISL_CSLRT_Corpus/Videos_Sentence_Level/are you free today/free (5).MP4,Videos_Sentence_Level/are you free today/free (5).MP4,free (5).MP4,are you free today,are you free today,are_you_free_today,class_000,YOU FREE TODAY,,.mp4,15.566298,117,25.0,4.68,1920,1080
data/raw/archive/ISL_CSLRT_Corpus/ISL_CSLRT_Corpus/Videos_Sentence_Level/are you free today/free.MP4,Videos_Sentence_Level/are you free today/free.MP4,free.MP4,are you free today,are you free today,are_you_free_today,class_000,YOU FREE TODAY,,.mp4,14.136656,101,25.0,4.04,1920,1080
data/raw/archive/ISL_CSLRT_Corpus/ISL_CSLRT_Corpus/Videos_Sentence_Level/are you hiding something/are you hiding something (2).mp4,Videos_Sentence_Level/are you hiding something/are you hiding something (2).mp4,are you hiding something (2).mp4,are you hiding something,are you hiding something,are_you_hiding_something,class_001,YOU HIDE SOMETHING,,.mp4,0.11767,50,25.0,2.0,240,320
data/raw/archive/ISL_CSLRT_Corpus/ISL_CSLRT_Corpus/Videos_Sentence_Level/are you hiding something/are you hiding something.mp4,Videos_Sentence_Level/are you hiding something/are you hiding something.mp4,are you hiding something.mp4,are you hiding something,are you hiding something,are_you_hiding_something,class_001,YOU HIDE SOMETHING,,.mp4,0.613873,50,25.0,2.0,240,320
data/raw/archive/ISL_CSLRT_Corpus/ISL_CSLRT_Corpus/Videos_Sentence_Level/are you hiding something/MVI_6209.MP4,Videos_Sentence_Level/are you hiding something/MVI_6209.MP4,MVI_6209.MP4,are you hiding something,are you hiding something,are_you_hiding_something,class_001,YOU HIDE SOMETHING,,.mp4,13.285535,95,25.0,3.8,1920,1080
data/raw/archive/ISL_CSLRT_Corpus/ISL_CSLRT_Corpus/Videos_Sentence_Level/are you hiding something/MVI_6507.MP4,Videos_Sentence_Level/are you hiding something/MVI_6507.MP4,MVI_6507.MP4,are you hiding something,are you hiding something,are_you_hiding_something,class_001,YOU HIDE SOMETHING,,.mp4,11.617764,83,25.0,3.32,1920,1080
data/raw/archive/ISL_CSLRT_Corpus/ISL_CSLRT_Corpus/Videos_Sentence_Level/are you hiding something/MVI_6685.MP4,Videos_Sentence_Level/are you hiding something/MVI_6685.MP4,MVI_6685.MP4,are you hiding something,are you hiding something,are_you_hiding_something,class_001,YOU HIDE SOMETHING,,.mp4,11.788368,87,25.0,3.48,1920,1080
data/raw/archive/ISL_CSLRT_Corpus/ISL_CSLRT_Corpus/Videos_Sentence_Level/are you hiding something/MVI_6817.MP4,Videos_Sentence_Level/are you hiding something/MVI_6817.MP4,MVI_6817.MP4,are you hiding something,are you hiding something,are_you_hiding_something,class_001,YOU HIDE SOMETHING,,.mp4,13.809909,101,25.0,4.04,1920,1080
data/raw/archive/ISL_CSLRT_Corpus/ISL_CSLRT_Corpus/Videos_Sentence_Level/are you hiding something/MVI_6958.MP4,Videos_Sentence_Level/are you hiding something/MVI_6958.MP4,MVI_6958.MP4,are you hiding something,are you hiding something,are_you_hiding_something,class_001,YOU HIDE SOMETHING,,.mp4,14.417073,106,25.0,4.24,1920,1080
data/raw/archive/ISL_CSLRT_Corpus/ISL_CSLRT_Corpus/Videos_Sentence_Level/bring water for me/bring water for me (1).MP4,Videos_Sentence_Level/bring water for me/bring water for me (1).MP4,bring water for me (1).MP4,bring water for me,bring water for me,bring_water_for_me,class_002,BRING WATER ME,,.mp4,16.163325,116,25.0,4.64,1920,1080
data/raw/archive/ISL_CSLRT_Corpus/ISL_CSLRT_Corpus/Videos_Sentence_Level/bring water for me/bring water for me (3).MP4,Videos_Sentence_Level/bring water for me/bring water for me (3).MP4,bring water for me (3).MP4,bring water for me,bring water for me,bring_water_for_me,class_002,BRING WATER ME,,.mp4,12.638164,91,25.0,3.64,1920,1080
data/raw/archive/ISL_CSLRT_Corpus/ISL_CSLRT_Corpus/Videos_Sentence_Level/bring water for me/bring water for me (4).MP4,Videos_Sentence_Level/bring water for me/bring water for me (4).MP4,bring water for me (4).MP4,bring water for me,bring water for me,bring_water_for_me,class_002,BRING WATER ME,,.mp4,12.233083,90,25.0,3.6,1920,1080
data/raw/archive/ISL_CSLRT_Corpus/ISL_CSLRT_Corpus/Videos_Sentence_Level/bring water for me/bring water for me (5).MP4,Videos_Sentence_Level/bring water for me/bring water for me (5).MP4,bring water for me (5).MP4,bring water for me,bring water for me,bring_water_for_me,class_002,BRING WATER ME,,.mp4,13.38045,98,25.0,3.92,1920,1080
data/raw/archive/ISL_CSLRT_Corpus/ISL_CSLRT_Corpus/Videos_Sentence_Level/bring water for me/bring water for me (6).mp4,Videos_Sentence_Level/bring water for me/bring water for me (6).mp4,bring water for me (6).mp4,bring water for me,bring water for me,bring_water_for_me,class_002,BRING WATER ME,,.mp4,0.115236,50,25.0,2.0,240,320
data/raw/archive/ISL_CSLRT_Corpus/ISL_CSLRT_Corpus/Videos_Sentence_Level/bring water for me/bring water for me (7).mp4,Videos_Sentence_Level/bring water for me/bring water for me (7).mp4,bring water for me (7).mp4,bring water for me,bring water for me,bring_water_for_me,class_002,BRING WATER ME,,.mp4,0.642033,50,25.0,2.0,240,320
data/raw/archive/ISL_CSLRT_Corpus/ISL_CSLRT_Corpus/Videos_Sentence_Level/bring water for me/bring water for me (8).MP4,Videos_Sentence_Level/bring water for me/bring water for me (8).MP4,bring water for me (8).MP4,bring water for me,bring water for me,bring_water_for_me,class_002,BRING WATER ME,,.mp4,14.120409,97,25.0,3.88,1920,1080
data/raw/archive/ISL_CSLRT_Corpus/ISL_CSLRT_Corpus/Videos_Sentence_Level/can i help you/can i help you (2).mp4,Videos_Sentence_Level/can i help you/can i help you (2).mp4,can i help you (2).mp4,can i help you,can i help you,can_i_help_you,class_003,I HELP YOU,,.mp4,0.103219,50,25.0,2.0,240,320
data/raw/archive/ISL_CSLRT_Corpus/ISL_CSLRT_Corpus/Videos_Sentence_Level/can i help you/can i help you.mp4,Videos_Sentence_Level/can i help you/can i help you.mp4,can i help you.mp4,can i help you,can i help you,can_i_help_you,class_003,I HELP YOU,,.mp4,0.937988,75,25.0,3.0,240,320
data/raw/archive/ISL_CSLRT_Corpus/ISL_CSLRT_Corpus/Videos_Sentence_Level/can i help you/cannot help.MP4,Videos_Sentence_Level/can i help you/cannot help.MP4,cannot help.MP4,can i help you,can i help you,can_i_help_you,class_003,I HELP YOU,,.mp4,13.176744,95,25.0,3.8,1920,1080
data/raw/archive/ISL_CSLRT_Corpus/ISL_CSLRT_Corpus/Videos_Sentence_Level/can i help you/help (2).MP4,Videos_Sentence_Level/can i help you/help (2).MP4,help (2).MP4,can i help you,can i help you,can_i_help_you,class_003,I HELP YOU,,.mp4,10.584724,76,25.0,3.04,1920,1080
data/raw/archive/ISL_CSLRT_Corpus/ISL_CSLRT_Corpus/Videos_Sentence_Level/can i help you/help (3).MP4,Videos_Sentence_Level/can i help you/help (3).MP4,help (3).MP4,can i help you,can i help you,can_i_help_you,class_003,I HELP YOU,,.mp4,14.070738,105,25.0,4.2,1920,1080
data/raw/archive/ISL_CSLRT_Corpus/ISL_CSLRT_Corpus/Videos_Sentence_Level/can i help you/help (4).MP4,Videos_Sentence_Level/can i help you/help (4).MP4,help (4).MP4,can i help you,can i help you,can_i_help_you,class_003,I HELP YOU,,.mp4,12.836399,92,25.0,3.68,1920,1080
data/raw/archive/ISL_CSLRT_Corpus/ISL_CSLRT_Corpus/Videos_Sentence_Level/can i help you/help (5).MP4,Videos_Sentence_Level/can i help you/help (5).MP4,help (5).MP4,can i help you,can i help you,can_i_help_you,class_003,I HELP YOU,,.mp4,13.422604,99,25.0,3.96,1920,1080
data/raw/archive/ISL_CSLRT_Corpus/ISL_CSLRT_Corpus/Videos_Sentence_Level/can i help you/help.MP4,Videos_Sentence_Level/can i help you/help.MP4,help.MP4,can i help you,can i help you,can_i_help_you,class_003,I HELP YOU,,.mp4,15.603521,110,25.0,4.4,1920,1080
data/raw/archive/ISL_CSLRT_Corpus/ISL_CSLRT_Corpus/Videos_Sentence_Level/can you repeat that please/can you repeat that please (1).MP4,Videos_Sentence_Level/can you repeat that please/can you repeat that please (1).MP4,can you repeat that please (1).MP4,can you repeat that please,can you repeat that please,can_you_repeat_that_please,class_004,YOU REPEAT PLEASE,,.mp4,16.000852,110,25.0,4.4,1920,1080
data/raw/archive/ISL_CSLRT_Corpus/ISL_CSLRT_Corpus/Videos_Sentence_Level/can you repeat that please/can you repeat that please (3).MP4,Videos_Sentence_Level/can you repeat that please/can you repeat that please (3).MP4,can you repeat that please (3).MP4,can you repeat that please,can you repeat that please,can_you_repeat_that_please,class_004,YOU REPEAT PLEASE,,.mp4,15.086764,109,25.0,4.36,1920,1080
data/raw/archive/ISL_CSLRT_Corpus/ISL_CSLRT_Corpus/Videos_Sentence_Level/can you repeat that please/can you repeat that please (4).MP4,Videos_Sentence_Level/can you repeat that please/can you repeat that please (4).MP4,can you repeat that please (4).MP4,can you repeat that please,can you repeat that please,can_you_repeat_that_please,class_004,YOU REPEAT PLEASE,,.mp4,12.820865,92,25.0,3.68,1920,1080
data/raw/archive/ISL_CSLRT_Corpus/ISL_CSLRT_Corpus/Videos_Sentence_Level/can you repeat that please/can you repeat that please (5).MP4,Videos_Sentence_Level/can you repeat that please/can you repeat that please (5).MP4,can you repeat that please (5).MP4,can you repeat that please,can you repeat that please,can_you_repeat_that_please,class_004,YOU REPEAT PLEASE,,.mp4,13.679961,100,25.0,4.0,1920,1080
data/raw/archive/ISL_CSLRT_Corpus/ISL_CSLRT_Corpus/Videos_Sentence_Level/can you repeat that please/can you repeat that please (6).MP4,Videos_Sentence_Level/can you repeat that please/can you repeat that please (6).MP4,can you repeat that please (6).MP4,can you repeat that please,can you repeat that please,can_you_repeat_that_please,class_004,YOU REPEAT PLEASE,,.mp4,13.899397,101,25.0,4.04,1920,1080
data/raw/archive/ISL_CSLRT_Corpus/ISL_CSLRT_Corpus/Videos_Sentence_Level/can you repeat that please/can you repeat that please (7).mp4,Videos_Sentence_Level/can you repeat that please/can you repeat that please (7).mp4,can you repeat that please (7).mp4,can you repeat that please,can you repeat that please,can_you_repeat_that_please,class_004,YOU REPEAT PLEASE,,.mp4,0.056132,25,25.0,1.0,240,320
data/raw/archive/ISL_CSLRT_Corpus/ISL_CSLRT_Corpus/Videos_Sentence_Level/can you repeat that please/can you repeat that please (8).mp4,Videos_Sentence_Level/can you repeat that please/can you repeat that please (8).mp4,can you repeat that please (8).mp4,can you repeat that please,can you repeat that please,can_you_repeat_that_please,class_004,YOU REPEAT PLEASE,,.mp4,1.242094,99,25.0,3.96,240,320
data/raw/archive/ISL_CSLRT_Corpus/ISL_CSLRT_Corpus/Videos_Sentence_Level/comb your hair/comb (2).MP4,Videos_Sentence_Level/comb your hair/comb (2).MP4,comb (2).MP4,comb your hair,comb your hair,comb_your_hair,class_005,COMB YOU HAIR,,.mp4,12.560246,91,25.0,3.64,1920,1080
data/raw/archive/ISL_CSLRT_Corpus/ISL_CSLRT_Corpus/Videos_Sentence_Level/comb your hair/comb (3).MP4,Videos_Sentence_Level/comb your hair/comb (3).MP4,comb (3).MP4,comb your hair,comb your hair,comb_your_hair,class_005,COMB YOU HAIR,,.mp4,19.170316,140,25.0,5.6,1920,1080
data/raw/archive/ISL_CSLRT_Corpus/ISL_CSLRT_Corpus/Videos_Sentence_Level/comb your hair/comb (4).MP4,Videos_Sentence_Level/comb your hair/comb (4).MP4,comb (4).MP4,comb your hair,comb your hair,comb_your_hair,class_005,COMB YOU HAIR,,.mp4,13.775027,98,25.0,3.92,1920,1080
data/raw/archive/ISL_CSLRT_Corpus/ISL_CSLRT_Corpus/Videos_Sentence_Level/comb your hair/comb (5).MP4,Videos_Sentence_Level/comb your hair/comb (5).MP4,comb (5).MP4,comb your hair,comb your hair,comb_your_hair,class_005,COMB YOU HAIR,,.mp4,13.642848,98,25.0,3.92,1920,1080
data/raw/archive/ISL_CSLRT_Corpus/ISL_CSLRT_Corpus/Videos_Sentence_Level/comb your hair/comb your hair (2).mp4,Videos_Sentence_Level/comb your hair/comb your hair (2).mp4,comb your hair (2).mp4,comb your hair,comb your hair,comb_your_hair,class_005,COMB YOU HAIR,,.mp4,0.123694,50,25.0,2.0,240,320
data/raw/archive/ISL_CSLRT_Corpus/ISL_CSLRT_Corpus/Videos_Sentence_Level/comb your hair/comb your hair.mp4,Videos_Sentence_Level/comb your hair/comb your hair.mp4,comb your hair.mp4,comb your hair,comb your hair,comb_your_hair,class_005,COMB YOU HAIR,,.mp4,1.02597,75,25.0,3.0,240,320
data/raw/archive/ISL_CSLRT_Corpus/ISL_CSLRT_Corpus/Videos_Sentence_Level/comb your hair/comb.MP4,Videos_Sentence_Level/comb your hair/comb.MP4,comb.MP4,comb your hair,comb your hair,comb_your_hair,class_005,COMB YOU HAIR,,.mp4,17.904881,128,25.0,5.12,1920,1080
data/raw/archive/ISL_CSLRT_Corpus/ISL_CSLRT_Corpus/Videos_Sentence_Level/congratulations/congratulations (2).mp4,Videos_Sentence_Level/congratulations/congratulations (2).mp4,congratulations (2).mp4,congratulations,congratulations,congratulations,class_006,CONGRATULATIIONS,,.mp4,0.610811,50,25.0,2.0,240,320
data/raw/archive/ISL_CSLRT_Corpus/ISL_CSLRT_Corpus/Videos_Sentence_Level/congratulations/congratulations (3).MP4,Videos_Sentence_Level/congratulations/congratulations (3).MP4,congratulations (3).MP4,congratulations,congratulations,congratulations,class_006,CONGRATULATIIONS,,.mp4,10.85337,81,25.0,3.24,1920,1080
data/raw/archive/ISL_CSLRT_Corpus/ISL_CSLRT_Corpus/Videos_Sentence_Level/congratulations/congratulations (4).MP4,Videos_Sentence_Level/congratulations/congratulations (4).MP4,congratulations (4).MP4,congratulations,congratulations,congratulations,class_006,CONGRATULATIIONS,,.mp4,8.797997,62,25.0,2.48,1920,1080
data/raw/archive/ISL_CSLRT_Corpus/ISL_CSLRT_Corpus/Videos_Sentence_Level/congratulations/congratulations (5).MP4,Videos_Sentence_Level/congratulations/congratulations (5).MP4,congratulations (5).MP4,congratulations,congratulations,congratulations,class_006,CONGRATULATIIONS,,.mp4,12.239644,90,25.0,3.6,1920,1080
data/raw/archive/ISL_CSLRT_Corpus/ISL_CSLRT_Corpus/Videos_Sentence_Level/congratulations/congratulations (6).MP4,Videos_Sentence_Level/congratulations/congratulations (6).MP4,congratulations (6).MP4,congratulations,congratulations,congratulations,class_006,CONGRATULATIIONS,,.mp4,8.548176,63,25.0,2.52,1920,1080
data/raw/archive/ISL_CSLRT_Corpus/ISL_CSLRT_Corpus/Videos_Sentence_Level/congratulations/congratulations (7).MP4,Videos_Sentence_Level/congratulations/congratulations (7).MP4,congratulations (7).MP4,congratulations,congratulations,congratulations,class_006,CONGRATULATIIONS,,.mp4,7.669575,54,25.0,2.16,1920,1080
data/raw/archive/ISL_CSLRT_Corpus/ISL_CSLRT_Corpus/Videos_Sentence_Level/congratulations/congratulations.mp4,Videos_Sentence_Level/congratulations/congratulations.mp4,congratulations.mp4,congratulations,congratulations,congratulations,class_006,CONGRATULATIIONS,,.mp4,0.108276,50,25.0,2.0,240,320
data/raw/archive/ISL_CSLRT_Corpus/ISL_CSLRT_Corpus/Videos_Sentence_Level/could you please talk slower/could you please talk slower (1).mp4,Videos_Sentence_Level/could you please talk slower/could you please talk slower (1).mp4,could you please talk slower (1).mp4,could you please talk slower,could you please talk slower,could_you_please_talk_slower,class_007,YOU PLEASE TALK SLOWER,,.mp4,0.120242,50,25.0,2.0,240,320
data/raw/archive/ISL_CSLRT_Corpus/ISL_CSLRT_Corpus/Videos_Sentence_Level/could you please talk slower/could you please talk slower (2).mp4,Videos_Sentence_Level/could you please talk slower/could you please talk slower (2).mp4,could you please talk slower (2).mp4,could you please talk slower,could you please talk slower,could_you_please_talk_slower,class_007,YOU PLEASE TALK SLOWER,,.mp4,0.938808,75,25.0,3.0,240,320
data/raw/archive/ISL_CSLRT_Corpus/ISL_CSLRT_Corpus/Videos_Sentence_Level/could you please talk slower/could you please talk slower (3).MP4,Videos_Sentence_Level/could you please talk slower/could you please talk slower (3).MP4,could you please talk slower (3).MP4,could you please talk slower,could you please talk slower,could_you_please_talk_slower,class_007,YOU PLEASE TALK SLOWER,,.mp4,19.993231,141,25.0,5.64,1920,1080
data/raw/archive/ISL_CSLRT_Corpus/ISL_CSLRT_Corpus/Videos_Sentence_Level/could you please talk slower/could you please talk slower (4).MP4,Videos_Sentence_Level/could you please talk slower/could you please talk slower (4).MP4,could you please talk slower (4).MP4,could you please talk slower,could you please talk slower,could_you_please_talk_slower,class_007,YOU PLEASE TALK SLOWER,,.mp4,16.368094,119,25.0,4.76,1920,1080
data/raw/archive/ISL_CSLRT_Corpus/ISL_CSLRT_Corpus/Videos_Sentence_Level/could you please talk slower/could you please talk slower (5).MP4,Videos_Sentence_Level/could you please talk slower/could you please talk slower (5).MP4,could you please talk slower (5).MP4,could you please talk slower,could you please talk slower,could_you_please_talk_slower,class_007,YOU PLEASE TALK SLOWER,,.mp4,14.420025,105,25.0,4.2,1920,1080
data/raw/archive/ISL_CSLRT_Corpus/ISL_CSLRT_Corpus/Videos_Sentence_Level/could you please talk slower/could you please talk slower (6).MP4,Videos_Sentence_Level/could you please talk slower/could you please talk slower (6).MP4,could you please talk slower (6).MP4,could you please talk slower,could you please talk slower,could_you_please_talk_slower,class_007,YOU PLEASE TALK SLOWER,,.mp4,16.07484,120,25.0,4.8,1920,1080
data/raw/archive/ISL_CSLRT_Corpus/ISL_CSLRT_Corpus/Videos_Sentence_Level/could you please talk slower/could you please talk slower (7).MP4,Videos_Sentence_Level/could you please talk slower/could you please talk slower (7).MP4,could you please talk slower (7).MP4,could you please talk slower,could you please talk slower,could_you_please_talk_slower,class_007,YOU PLEASE TALK SLOWER,,.mp4,15.884157,115,25.0,4.6,1920,1080
data/raw/archive/ISL_CSLRT_Corpus/ISL_CSLRT_Corpus/Videos_Sentence_Level/do me a favour/do me a favour (2).mp4,Videos_Sentence_Level/do me a favour/do me a favour (2).mp4,do me a favour (2).mp4,do me a favour,do me a favour,do_me_a_favour,class_008,DO ME FAVOUR,,.mp4,0.950235,75,25.0,3.0,240,320
data/raw/archive/ISL_CSLRT_Corpus/ISL_CSLRT_Corpus/Videos_Sentence_Level/do me a favour/do me a favour.mp4,Videos_Sentence_Level/do me a favour/do me a favour.mp4,do me a favour.mp4,do me a favour,do me a favour,do_me_a_favour,class_008,DO ME FAVOUR,,.mp4,0.109958,50,25.0,2.0,240,320
data/raw/archive/ISL_CSLRT_Corpus/ISL_CSLRT_Corpus/Videos_Sentence_Level/do me a favour/favour (2).MP4,Videos_Sentence_Level/do me a favour/favour (2).MP4,favour (2).MP4,do me a favour,do me a favour,do_me_a_favour,class_008,DO ME FAVOUR,,.mp4,10.821743,79,25.0,3.16,1920,1080
data/raw/archive/ISL_CSLRT_Corpus/ISL_CSLRT_Corpus/Videos_Sentence_Level/do me a favour/favour (3).MP4,Videos_Sentence_Level/do me a favour/favour (3).MP4,favour (3).MP4,do me a favour,do me a favour,do_me_a_favour,class_008,DO ME FAVOUR,,.mp4,15.241566,110,25.0,4.4,1920,1080
data/raw/archive/ISL_CSLRT_Corpus/ISL_CSLRT_Corpus/Videos_Sentence_Level/do me a favour/favour (4).MP4,Videos_Sentence_Level/do me a favour/favour (4).MP4,favour (4).MP4,do me a favour,do me a favour,do_me_a_favour,class_008,DO ME FAVOUR,,.mp4,12.112909,87,25.0,3.48,1920,1080
data/raw/archive/ISL_CSLRT_Corpus/ISL_CSLRT_Corpus/Videos_Sentence_Level/do me a favour/favour (5).MP4,Videos_Sentence_Level/do me a favour/favour (5).MP4,favour (5).MP4,do me a favour,do me a favour,do_me_a_favour,class_008,DO ME FAVOUR,,.mp4,13.62972,98,25.0,3.92,1920,1080
data/raw/archive/ISL_CSLRT_Corpus/ISL_CSLRT_Corpus/Videos_Sentence_Level/do me a favour/favour.MP4,Videos_Sentence_Level/do me a favour/favour.MP4,favour.MP4,do me a favour,do me a favour,do_me_a_favour,class_008,DO ME FAVOUR,,.mp4,13.413884,95,25.0,3.8,1920,1080
data/raw/archive/ISL_CSLRT_Corpus/ISL_CSLRT_Corpus/Videos_Sentence_Level/do not abuse him/abuse (2).MP4,Videos_Sentence_Level/do not abuse him/abuse (2).MP4,abuse (2).MP4,do not abuse him,do not abuse him,do_not_abuse_him,class_009,DONOT ABUSE HIM,,.mp4,24.344629,182,25.0,7.28,1920,1080
data/raw/archive/ISL_CSLRT_Corpus/ISL_CSLRT_Corpus/Videos_Sentence_Level/do not abuse him/abuse (3).MP4,Videos_Sentence_Level/do not abuse him/abuse (3).MP4,abuse (3).MP4,do not abuse him,do not abuse him,do_not_abuse_him,class_009,DONOT ABUSE HIM,,.mp4,17.716557,128,25.0,5.12,1920,1080
data/raw/archive/ISL_CSLRT_Corpus/ISL_CSLRT_Corpus/Videos_Sentence_Level/do not abuse him/abuse (4).MP4,Videos_Sentence_Level/do not abuse him/abuse (4).MP4,abuse (4).MP4,do not abuse him,do not abuse him,do_not_abuse_him,class_009,DONOT ABUSE HIM,,.mp4,20.156893,146,25.0,5.84,1920,1080
data/raw/archive/ISL_CSLRT_Corpus/ISL_CSLRT_Corpus/Videos_Sentence_Level/do not abuse him/abuse.MP4,Videos_Sentence_Level/do not abuse him/abuse.MP4,abuse.MP4,do not abuse him,do not abuse him,do_not_abuse_him,class_009,DONOT ABUSE HIM,,.mp4,19.702838,140,25.0,5.6,1920,1080
data/raw/archive/ISL_CSLRT_Corpus/ISL_CSLRT_Corpus/Videos_Sentence_Level/do not abuse him/do not abuse him (2).mp4,Videos_Sentence_Level/do not abuse him/do not abuse him (2).mp4,do not abuse him (2).mp4,do not abuse him,do not abuse him,do_not_abuse_him,class_009,DONOT ABUSE HIM,,.mp4,0.128341,50,25.0,2.0,240,320
data/raw/archive/ISL_CSLRT_Corpus/ISL_CSLRT_Corpus/Videos_Sentence_Level/do not abuse him/do not abuse him.mp4,Videos_Sentence_Level/do not abuse him/do not abuse him.mp4,do not abuse him.mp4,do not abuse him,do not abuse him,do_not_abuse_him,class_009,DONOT ABUSE HIM,,.mp4,1.927505,150,25.0,6.0,240,320
data/raw/archive/ISL_CSLRT_Corpus/ISL_CSLRT_Corpus/Videos_Sentence_Level/do not be stubborn/do not be stubborn (2).mp4,Videos_Sentence_Level/do not be stubborn/do not be stubborn (2).mp4,do not be stubborn (2).mp4,do not be stubborn,do not be stubborn,do_not_be_stubborn,class_010,DONOT BE STUBBORN,,.mp4,0.165453,75,25.0,3.0,240,320
data/raw/archive/ISL_CSLRT_Corpus/ISL_CSLRT_Corpus/Videos_Sentence_Level/do not be stubborn/do not be stubborn.mp4,Videos_Sentence_Level/do not be stubborn/do not be stubborn.mp4,do not be stubborn.mp4,do not be stubborn,do not be stubborn,do_not_be_stubborn,class_010,DONOT BE STUBBORN,,.mp4,1.316024,100,25.0,4.0,240,320
data/raw/archive/ISL_CSLRT_Corpus/ISL_CSLRT_Corpus/Videos_Sentence_Level/do not be stubborn/stubborn (2).MP4,Videos_Sentence_Level/do not be stubborn/stubborn (2).MP4,stubborn (2).MP4,do not be stubborn,do not be stubborn,do_not_be_stubborn,class_010,DONOT BE STUBBORN,,.mp4,17.434048,130,25.0,5.2,1920,1080
data/raw/archive/ISL_CSLRT_Corpus/ISL_CSLRT_Corpus/Videos_Sentence_Level/do not be stubborn/stubborn (3).MP4,Videos_Sentence_Level/do not be stubborn/stubborn (3).MP4,stubborn (3).MP4,do not be stubborn,do not be stubborn,do_not_be_stubborn,class_010,DONOT BE STUBBORN,,.mp4,21.607571,158,25.0,6.32,1920,1080
data/raw/archive/ISL_CSLRT_Corpus/ISL_CSLRT_Corpus/Videos_Sentence_Level/do not be stubborn/stubborn (4).MP4,Videos_Sentence_Level/do not be stubborn/stubborn (4).MP4,stubborn (4).MP4,do not be stubborn,do not be stubborn,do_not_be_stubborn,class_010,DONOT BE STUBBORN,,.mp4,16.795783,122,25.0,4.88,1920,1080
data/raw/archive/ISL_CSLRT_Corpus/ISL_CSLRT_Corpus/Videos_Sentence_Level/do not be stubborn/stubborn.MP4,Videos_Sentence_Level/do not be stubborn/stubborn.MP4,stubborn.MP4,do not be stubborn,do not be stubborn,do_not_be_stubborn,class_010,DONOT BE STUBBORN,,.mp4,16.169747,115,25.0,4.6,1920,1080
data/raw/archive/ISL_CSLRT_Corpus/ISL_CSLRT_Corpus/Videos_Sentence_Level/do not hurt me/do not hurt me (2).mp4,Videos_Sentence_Level/do not hurt me/do not hurt me (2).mp4,do not hurt me (2).mp4,do not hurt me,do not hurt me,do_not_hurt_me,class_011,DONOT HURT ME,,.mp4,0.10848,50,25.0,2.0,240,320
data/raw/archive/ISL_CSLRT_Corpus/ISL_CSLRT_Corpus/Videos_Sentence_Level/do not hurt me/do not hurt me.mp4,Videos_Sentence_Level/do not hurt me/do not hurt me.mp4,do not hurt me.mp4,do not hurt me,do not hurt me,do_not_hurt_me,class_011,DONOT HURT ME,,.mp4,0.944043,75,25.0,3.0,240,320
data/raw/archive/ISL_CSLRT_Corpus/ISL_CSLRT_Corpus/Videos_Sentence_Level/do not hurt me/hurt me (2).MP4,Videos_Sentence_Level/do not hurt me/hurt me (2).MP4,hurt me (2).MP4,do not hurt me,do not hurt me,do_not_hurt_me,class_011,DONOT HURT ME,,.mp4,14.408624,107,25.0,4.28,1920,1080
data/raw/archive/ISL_CSLRT_Corpus/ISL_CSLRT_Corpus/Videos_Sentence_Level/do not hurt me/hurt me (3).MP4,Videos_Sentence_Level/do not hurt me/hurt me (3).MP4,hurt me (3).MP4,do not hurt me,do not hurt me,do_not_hurt_me,class_011,DONOT HURT ME,,.mp4,11.379622,84,25.0,3.36,1920,1080
data/raw/archive/ISL_CSLRT_Corpus/ISL_CSLRT_Corpus/Videos_Sentence_Level/do not hurt me/hurt me (4).MP4,Videos_Sentence_Level/do not hurt me/hurt me (4).MP4,hurt me (4).MP4,do not hurt me,do not hurt me,do_not_hurt_me,class_011,DONOT HURT ME,,.mp4,16.992249,127,25.0,5.08,1920,1080
data/raw/archive/ISL_CSLRT_Corpus/ISL_CSLRT_Corpus/Videos_Sentence_Level/do not hurt me/hurt me.MP4,Videos_Sentence_Level/do not hurt me/hurt me.MP4,hurt me.MP4,do not hurt me,do not hurt me,do_not_hurt_me,class_011,DONOT HURT ME,,.mp4,15.299457,109,25.0,4.36,1920,1080
data/raw/archive/ISL_CSLRT_Corpus/ISL_CSLRT_Corpus/Videos_Sentence_Level/do not hurt me/hurt.MP4,Videos_Sentence_Level/do not hurt me/hurt.MP4,hurt.MP4,do not hurt me,do not hurt me,do_not_hurt_me,class_011,DONOT HURT ME,,.mp4,12.252226,89,25.0,3.56,1920,1080
data/raw/archive/ISL_CSLRT_Corpus/ISL_CSLRT_Corpus/Videos_Sentence_Level/do not make me angry/do not make me angry (2).mp4,Videos_Sentence_Level/do not make me angry/do not make me angry (2).mp4,do not make me angry (2).mp4,do not make me angry,do not make me angry,do_not_make_me_angry,class_012,DO NOT MAKE ME ANGRY,,.mp4,0.115569,50,25.0,2.0,240,320
data/raw/archive/ISL_CSLRT_Corpus/ISL_CSLRT_Corpus/Videos_Sentence_Level/do not make me angry/do not make me angry.mp4,Videos_Sentence_Level/do not make me angry/do not make me angry.mp4,do not make me angry.mp4,do not make me angry,do not make me angry,do_not_make_me_angry,class_012,DO NOT MAKE ME ANGRY,,.mp4,0.989056,75,25.0,3.0,240,320
data/raw/archive/ISL_CSLRT_Corpus/ISL_CSLRT_Corpus/Videos_Sentence_Level/do not make me angry/me angry (2).MP4,Videos_Sentence_Level/do not make me angry/me angry (2).MP4,me angry (2).MP4,do not make me angry,do not make me angry,do_not_make_me_angry,class_012,DO NOT MAKE ME ANGRY,,.mp4,13.25493,97,25.0,3.88,1920,1080
data/raw/archive/ISL_CSLRT_Corpus/ISL_CSLRT_Corpus/Videos_Sentence_Level/do not make me angry/me angry (3).MP4,Videos_Sentence_Level/do not make me angry/me angry (3).MP4,me angry (3).MP4,do not make me angry,do not make me angry,do_not_make_me_angry,class_012,DO NOT MAKE ME ANGRY,,.mp4,14.604093,108,25.0,4.32,1920,1080
data/raw/archive/ISL_CSLRT_Corpus/ISL_CSLRT_Corpus/Videos_Sentence_Level/do not make me angry/me angry (4).MP4,Videos_Sentence_Level/do not make me angry/me angry (4).MP4,me angry (4).MP4,do not make me angry,do not make me angry,do_not_make_me_angry,class_012,DO NOT MAKE ME ANGRY,,.mp4,13.196064,95,25.0,3.8,1920,1080
data/raw/archive/ISL_CSLRT_Corpus/ISL_CSLRT_Corpus/Videos_Sentence_Level/do not make me angry/me angry (5).MP4,Videos_Sentence_Level/do not make me angry/me angry (5).MP4,me angry (5).MP4,do not make me angry,do not make me angry,do_not_make_me_angry,class_012,DO NOT MAKE ME ANGRY,,.mp4,12.677956,91,25.0,3.64,1920,1080
data/raw/archive/ISL_CSLRT_Corpus/ISL_CSLRT_Corpus/Videos_Sentence_Level/do not make me angry/me angry.MP4,Videos_Sentence_Level/do not make me angry/me angry.MP4,me angry.MP4,do not make me angry,do not make me angry,do_not_make_me_angry,class_012,DO NOT MAKE ME ANGRY,,.mp4,13.955715,100,25.0,4.0,1920,1080
data/raw/archive/ISL_CSLRT_Corpus/ISL_CSLRT_Corpus/Videos_Sentence_Level/do not take it to the heart/do not take it to the heart (2).mp4,Videos_Sentence_Level/do not take it to the heart/do not take it to the heart (2).mp4,do not take it to the heart (2).mp4,do not take it to the heart,do not take it to the heart,do_not_take_it_to_the_heart,class_013,DO NOT TAKE IT HEART,,.mp4,0.140077,50,25.0,2.0,240,320
data/raw/archive/ISL_CSLRT_Corpus/ISL_CSLRT_Corpus/Videos_Sentence_Level/do not take it to the heart/do not take it to the heart.mp4,Videos_Sentence_Level/do not take it to the heart/do not take it to the heart.mp4,do not take it to the heart.mp4,do not take it to the heart,do not take it to the heart,do_not_take_it_to_the_heart,class_013,DO NOT TAKE IT HEART,,.mp4,0.994707,75,25.0,3.0,240,320
data/raw/archive/ISL_CSLRT_Corpus/ISL_CSLRT_Corpus/Videos_Sentence_Level/do not take it to the heart/heart (2).MP4,Videos_Sentence_Level/do not take it to the heart/heart (2).MP4,heart (2).MP4,do not take it to the heart,do not take it to the heart,do_not_take_it_to_the_heart,class_013,DO NOT TAKE IT HEART,,.mp4,16.029995,120,25.0,4.8,1920,1080
data/raw/archive/ISL_CSLRT_Corpus/ISL_CSLRT_Corpus/Videos_Sentence_Level/do not take it to the heart/heart (3).MP4,Videos_Sentence_Level/do not take it to the heart/heart (3).MP4,heart (3).MP4,do not take it to the heart,do not take it to the heart,do_not_take_it_to_the_heart,class_013,DO NOT TAKE IT HEART,,.mp4,16.416645,122,25.0,4.88,1920,1080
data/raw/archive/ISL_CSLRT_Corpus/ISL_CSLRT_Corpus/Videos_Sentence_Level/do not take it to the heart/heart (4).MP4,Videos_Sentence_Level/do not take it to the heart/heart (4).MP4,heart (4).MP4,do not take it to the heart,do not take it to the heart,do_not_take_it_to_the_heart,class_013,DO NOT TAKE IT HEART,,.mp4,15.514228,113,25.0,4.52,1920,1080
data/raw/archive/ISL_CSLRT_Corpus/ISL_CSLRT_Corpus/Videos_Sentence_Level/do not take it to the heart/heart (5).MP4,Videos_Sentence_Level/do not take it to the heart/heart (5).MP4,heart (5).MP4,do not take it to the heart,do not take it to the heart,do_not_take_it_to_the_heart,class_013,DO NOT TAKE IT HEART,,.mp4,14.936632,109,25.0,4.36,1920,1080
data/raw/archive/ISL_CSLRT_Corpus/ISL_CSLRT_Corpus/Videos_Sentence_Level/do not take it to the heart/heart.MP4,Videos_Sentence_Level/do not take it to the heart/heart.MP4,heart.MP4,do not take it to the heart,do not take it to the heart,do_not_take_it_to_the_heart,class_013,DO NOT TAKE IT HEART,,.mp4,16.626684,119,25.0,4.76,1920,1080
data/raw/archive/ISL_CSLRT_Corpus/ISL_CSLRT_Corpus/Videos_Sentence_Level/do not worry/do not worry (2).mp4,Videos_Sentence_Level/do not worry/do not worry (2).mp4,do not worry (2).mp4,do not worry,do not worry,do_not_worry,class_014,DO NOT WORRY,,.mp4,0.167931,75,25.0,3.0,240,320
data/raw/archive/ISL_CSLRT_Corpus/ISL_CSLRT_Corpus/Videos_Sentence_Level/do not worry/do not worry.mp4,Videos_Sentence_Level/do not worry/do not worry.mp4,do not worry.mp4,do not worry,do not worry,do_not_worry,class_014,DO NOT WORRY,,.mp4,0.906535,75,25.0,3.0,240,320
data/raw/archive/ISL_CSLRT_Corpus/ISL_CSLRT_Corpus/Videos_Sentence_Level/do not worry/MVI_6633.MP4,Videos_Sentence_Level/do not worry/MVI_6633.MP4,MVI_6633.MP4,do not worry,do not worry,do_not_worry,class_014,DO NOT WORRY,,.mp4,14.056406,105,25.0,4.2,1920,1080
data/raw/archive/ISL_CSLRT_Corpus/ISL_CSLRT_Corpus/Videos_Sentence_Level/do not worry/worry (2).MP4,Videos_Sentence_Level/do not worry/worry (2).MP4,worry (2).MP4,do not worry,do not worry,do_not_worry,class_014,DO NOT WORRY,,.mp4,13.355815,98,25.0,3.92,1920,1080
data/raw/archive/ISL_CSLRT_Corpus/ISL_CSLRT_Corpus/Videos_Sentence_Level/do not worry/worry (3).MP4,Videos_Sentence_Level/do not worry/worry (3).MP4,worry (3).MP4,do not worry,do not worry,do_not_worry,class_014,DO NOT WORRY,,.mp4,12.078423,88,25.0,3.52,1920,1080
data/raw/archive/ISL_CSLRT_Corpus/ISL_CSLRT_Corpus/Videos_Sentence_Level/do not worry/worry (4).MP4,Videos_Sentence_Level/do not worry/worry (4).MP4,worry (4).MP4,do not worry,do not worry,do_not_worry,class_014,DO NOT WORRY,,.mp4,14.425703,104,25.0,4.16,1920,1080
data/raw/archive/ISL_CSLRT_Corpus/ISL_CSLRT_Corpus/Videos_Sentence_Level/do not worry/worry.MP4,Videos_Sentence_Level/do not worry/worry.MP4,worry.MP4,do not worry,do not worry,do_not_worry,class_014,DO NOT WORRY,,.mp4,13.388239,97,25.0,3.88,1920,1080
data/raw/archive/ISL_CSLRT_Corpus/ISL_CSLRT_Corpus/Videos_Sentence_Level/do you need something/do you need something (2).mp4,Videos_Sentence_Level/do you need something/do you need something (2).mp4,do you need something (2).mp4,do you need something,do you need something,do_you_need_something,class_015,DO YOU NEED SOMETHING,,.mp4,0.116731,50,25.0,2.0,240,320
data/raw/archive/ISL_CSLRT_Corpus/ISL_CSLRT_Corpus/Videos_Sentence_Level/do you need something/do you need something.mp4,Videos_Sentence_Level/do you need something/do you need something.mp4,do you need something.mp4,do you need something,do you need something,do_you_need_something,class_015,DO YOU NEED SOMETHING,,.mp4,0.628882,50,25.0,2.0,240,320
data/raw/archive/ISL_CSLRT_Corpus/ISL_CSLRT_Corpus/Videos_Sentence_Level/do you need something/need something (2).MP4,Videos_Sentence_Level/do you need something/need something (2).MP4,need something (2).MP4,do you need something,do you need something,do_you_need_something,class_015,DO YOU NEED SOMETHING,,.mp4,19.379796,144,25.0,5.76,1920,1080
data/raw/archive/ISL_CSLRT_Corpus/ISL_CSLRT_Corpus/Videos_Sentence_Level/do you need something/need something.MP4,Videos_Sentence_Level/do you need something/need something.MP4,need something.MP4,do you need something,do you need something,do_you_need_something,class_015,DO YOU NEED SOMETHING,,.mp4,21.365487,157,25.0,6.28,1920,1080
data/raw/archive/ISL_CSLRT_Corpus/ISL_CSLRT_Corpus/Videos_Sentence_Level/do you need something/something (2).MP4,Videos_Sentence_Level/do you need something/something (2).MP4,something (2).MP4,do you need something,do you need something,do_you_need_something,class_015,DO YOU NEED SOMETHING,,.mp4,13.809909,101,25.0,4.04,1920,1080
data/raw/archive/ISL_CSLRT_Corpus/ISL_CSLRT_Corpus/Videos_Sentence_Level/do you need something/something (3).MP4,Videos_Sentence_Level/do you need something/something (3).MP4,something (3).MP4,do you need something,do you need something,do_you_need_something,class_015,DO YOU NEED SOMETHING,,.mp4,19.203541,140,25.0,5.6,1920,1080
data/raw/archive/ISL_CSLRT_Corpus/ISL_CSLRT_Corpus/Videos_Sentence_Level/do you need something/something.MP4,Videos_Sentence_Level/do you need something/something.MP4,something.MP4,do you need something,do you need something,do_you_need_something,class_015,DO YOU NEED SOMETHING,,.mp4,15.919514,113,25.0,4.52,1920,1080
data/raw/archive/ISL_CSLRT_Corpus/ISL_CSLRT_Corpus/Videos_Sentence_Level/go and sleep/go and sleep (2).mp4,Videos_Sentence_Level/go and sleep/go and sleep (2).mp4,go and sleep (2).mp4,go and sleep,go and sleep,go_and_sleep,class_016,GO SLEEP,,.mp4,0.123953,50,25.0,2.0,240,320
data/raw/archive/ISL_CSLRT_Corpus/ISL_CSLRT_Corpus/Videos_Sentence_Level/go and sleep/go and sleep.mp4,Videos_Sentence_Level/go and sleep/go and sleep.mp4,go and sleep.mp4,go and sleep,go and sleep,go_and_sleep,class_016,GO SLEEP,,.mp4,0.62191,50,25.0,2.0,240,320
data/raw/archive/ISL_CSLRT_Corpus/ISL_CSLRT_Corpus/Videos_Sentence_Level/go and sleep/sleep (2).MP4,Videos_Sentence_Level/go and sleep/sleep (2).MP4,sleep (2).MP4,go and sleep,go and sleep,go_and_sleep,class_016,GO SLEEP,,.mp4,19.217607,143,25.0,5.72,1920,1080
data/raw/archive/ISL_CSLRT_Corpus/ISL_CSLRT_Corpus/Videos_Sentence_Level/go and sleep/sleep (3).MP4,Videos_Sentence_Level/go and sleep/sleep (3).MP4,sleep (3).MP4,go and sleep,go and sleep,go_and_sleep,class_016,GO SLEEP,,.mp4,9.18001,67,25.0,2.68,1920,1080
data/raw/archive/ISL_CSLRT_Corpus/ISL_CSLRT_Corpus/Videos_Sentence_Level/go and sleep/sleep (4).MP4,Videos_Sentence_Level/go and sleep/sleep (4).MP4,sleep (4).MP4,go and sleep,go and sleep,go_and_sleep,class_016,GO SLEEP,,.mp4,12.288361,89,25.0,3.56,1920,1080
data/raw/archive/ISL_CSLRT_Corpus/ISL_CSLRT_Corpus/Videos_Sentence_Level/go and sleep/sleep (5).MP4,Videos_Sentence_Level/go and sleep/sleep (5).MP4,sleep (5).MP4,go and sleep,go and sleep,go_and_sleep,class_016,GO SLEEP,,.mp4,13.51792,99,25.0,3.96,1920,1080
data/raw/archive/ISL_CSLRT_Corpus/ISL_CSLRT_Corpus/Videos_Sentence_Level/go and sleep/sleep (6).MP4,Videos_Sentence_Level/go and sleep/sleep (6).MP4,sleep (6).MP4,go and sleep,go and sleep,go_and_sleep,class_016,GO SLEEP,,.mp4,12.560234,89,25.0,3.56,1920,1080
data/raw/archive/ISL_CSLRT_Corpus/ISL_CSLRT_Corpus/Videos_Sentence_Level/go and sleep/sleep.MP4,Videos_Sentence_Level/go and sleep/sleep.MP4,sleep.MP4,go and sleep,go and sleep,go_and_sleep,class_016,GO SLEEP,,.mp4,14.098396,102,25.0,4.08,1920,1080
data/raw/archive/ISL_CSLRT_Corpus/ISL_CSLRT_Corpus/Videos_Sentence_Level/had your food/food (2).MP4,Videos_Sentence_Level/had your food/food (2).MP4,food (2).MP4,had your food,had your food,had_your_food,class_017,YOUR FOOD,,.mp4,12.367139,89,25.0,3.56,1920,1080
data/raw/archive/ISL_CSLRT_Corpus/ISL_CSLRT_Corpus/Videos_Sentence_Level/had your food/food (3).MP4,Videos_Sentence_Level/had your food/food (3).MP4,food (3).MP4,had your food,had your food,had_your_food,class_017,YOUR FOOD,,.mp4,11.808853,87,25.0,3.48,1920,1080
data/raw/archive/ISL_CSLRT_Corpus/ISL_CSLRT_Corpus/Videos_Sentence_Level/had your food/food (4).MP4,Videos_Sentence_Level/had your food/food (4).MP4,food (4).MP4,had your food,had your food,had_your_food,class_017,YOUR FOOD,,.mp4,13.799282,101,25.0,4.04,1920,1080
data/raw/archive/ISL_CSLRT_Corpus/ISL_CSLRT_Corpus/Videos_Sentence_Level/had your food/food (5).MP4,Videos_Sentence_Level/had your food/food (5).MP4,food (5).MP4,had your food,had your food,had_your_food,class_017,YOUR FOOD,,.mp4,12.465035,93,25.0,3.72,1920,1080
data/raw/archive/ISL_CSLRT_Corpus/ISL_CSLRT_Corpus/Videos_Sentence_Level/had your food/food.MP4,Videos_Sentence_Level/had your food/food.MP4,food.MP4,had your food,had your food,had_your_food,class_017,YOUR FOOD,,.mp4,12.287137,91,25.0,3.64,1920,1080
data/raw/archive/ISL_CSLRT_Corpus/ISL_CSLRT_Corpus/Videos_Sentence_Level/had your food/had your food (2).mp4,Videos_Sentence_Level/had your food/had your food (2).mp4,had your food (2).mp4,had your food,had your food,had_your_food,class_017,YOUR FOOD,,.mp4,0.10189,50,25.0,2.0,240,320
data/raw/archive/ISL_CSLRT_Corpus/ISL_CSLRT_Corpus/Videos_Sentence_Level/had your food/had your food.mp4,Videos_Sentence_Level/had your food/had your food.mp4,had your food.mp4,had your food,had your food,had_your_food,class_017,YOUR FOOD,,.mp4,0.617875,50,25.0,2.0,240,320
data/raw/archive/ISL_CSLRT_Corpus/ISL_CSLRT_Corpus/Videos_Sentence_Level/he came by train/he came by train (2).mp4,Videos_Sentence_Level/he came by train/he came by train (2).mp4,he came by train (2).mp4,he came by train,he came by train,he_came_by_train,class_018,HE CAME TRAIN,,.mp4,1.305259,100,25.0,4.0,240,320
data/raw/archive/ISL_CSLRT_Corpus/ISL_CSLRT_Corpus/Videos_Sentence_Level/he came by train/he came by train.mp4,Videos_Sentence_Level/he came by train/he came by train.mp4,he came by train.mp4,he came by train,he came by train,he_came_by_train,class_018,HE CAME TRAIN,,.mp4,0.119024,50,25.0,2.0,240,320
data/raw/archive/ISL_CSLRT_Corpus/ISL_CSLRT_Corpus/Videos_Sentence_Level/he came by train/train (2).MP4,Videos_Sentence_Level/he came by train/train (2).MP4,train (2).MP4,he came by train,he came by train,he_came_by_train,class_018,HE CAME TRAIN,,.mp4,13.528481,99,25.0,3.96,1920,1080
data/raw/archive/ISL_CSLRT_Corpus/ISL_CSLRT_Corpus/Videos_Sentence_Level/he came by train/train (3).MP4,Videos_Sentence_Level/he came by train/train (3).MP4,train (3).MP4,he came by train,he came by train,he_came_by_train,class_018,HE CAME TRAIN,,.mp4,15.907472,116,25.0,4.64,1920,1080
data/raw/archive/ISL_CSLRT_Corpus/ISL_CSLRT_Corpus/Videos_Sentence_Level/he came by train/train (4).MP4,Videos_Sentence_Level/he came by train/train (4).MP4,train (4).MP4,he came by train,he came by train,he_came_by_train,class_018,HE CAME TRAIN,,.mp4,14.752533,106,25.0,4.24,1920,1080
data/raw/archive/ISL_CSLRT_Corpus/ISL_CSLRT_Corpus/Videos_Sentence_Level/he came by train/train (5).MP4,Videos_Sentence_Level/he came by train/train (5).MP4,train (5).MP4,he came by train,he came by train,he_came_by_train,class_018,HE CAME TRAIN,,.mp4,17.480802,127,25.0,5.08,1920,1080
data/raw/archive/ISL_CSLRT_Corpus/ISL_CSLRT_Corpus/Videos_Sentence_Level/he came by train/train.MP4,Videos_Sentence_Level/he came by train/train.MP4,train.MP4,he came by train,he came by train,he_came_by_train,class_018,HE CAME TRAIN,,.mp4,15.793418,112,25.0,4.48,1920,1080
data/raw/archive/ISL_CSLRT_Corpus/ISL_CSLRT_Corpus/Videos_Sentence_Level/He is going into the room/he is going into the room (2).mp4,Videos_Sentence_Level/He is going into the room/he is going into the room (2).mp4,he is going into the room (2).mp4,He is going into the room,He is going into the room,he_is_going_into_the_room,class_019,HE GO  INTO  ROOM,,.mp4,0.231437,100,25.0,4.0,240,320
data/raw/archive/ISL_CSLRT_Corpus/ISL_CSLRT_Corpus/Videos_Sentence_Level/He is going into the room/he is going into the room.mp4,Videos_Sentence_Level/He is going into the room/he is going into the room.mp4,he is going into the room.mp4,He is going into the room,He is going into the room,he_is_going_into_the_room,class_019,HE GO  INTO  ROOM,,.mp4,0.970961,75,25.0,3.0,240,320
data/raw/archive/ISL_CSLRT_Corpus/ISL_CSLRT_Corpus/Videos_Sentence_Level/He is going into the room/MVI_6503.MP4,Videos_Sentence_Level/He is going into the room/MVI_6503.MP4,MVI_6503.MP4,He is going into the room,He is going into the room,he_is_going_into_the_room,class_019,HE GO  INTO  ROOM,,.mp4,18.220902,130,25.0,5.2,1920,1080
data/raw/archive/ISL_CSLRT_Corpus/ISL_CSLRT_Corpus/Videos_Sentence_Level/He is going into the room/room (2).MP4,Videos_Sentence_Level/He is going into the room/room (2).MP4,room (2).MP4,He is going into the room,He is going into the room,he_is_going_into_the_room,class_019,HE GO  INTO  ROOM,,.mp4,20.043186,146,25.0,5.84,1920,1080
data/raw/archive/ISL_CSLRT_Corpus/ISL_CSLRT_Corpus/Videos_Sentence_Level/He is going into the room/room (3).MP4,Videos_Sentence_Level/He is going into the room/room (3).MP4,room (3).MP4,He is going into the room,He is going into the room,he_is_going_into_the_room,class_019,HE GO  INTO  ROOM,,.mp4,15.681013,114,25.0,4.56,1920,1080
data/raw/archive/ISL_CSLRT_Corpus/ISL_CSLRT_Corpus/Videos_Sentence_Level/He is going into the room/room (4).MP4,Videos_Sentence_Level/He is going into the room/room (4).MP4,room (4).MP4,He is going into the room,He is going into the room,he_is_going_into_the_room,class_019,HE GO  INTO  ROOM,,.mp4,17.822209,128,25.0,5.12,1920,1080
data/raw/archive/ISL_CSLRT_Corpus/ISL_CSLRT_Corpus/Videos_Sentence_Level/He is going into the room/room.MP4,Videos_Sentence_Level/He is going into the room/room.MP4,room.MP4,He is going into the room,He is going into the room,he_is_going_into_the_room,class_019,HE GO  INTO  ROOM,,.mp4,15.536924,113,25.0,4.52,1920,1080
data/raw/archive/ISL_CSLRT_Corpus/ISL_CSLRT_Corpus/Videos_Sentence_Level/he is on the way/he is on the way (2).mp4,Videos_Sentence_Level/he is on the way/he is on the way (2).mp4,he is on the way (2).mp4,he is on the way,he is on the way,he_is_on_the_way,class_020,HE ON WAY,,.mp4,0.062786,25,25.0,1.0,240,320
data/raw/archive/ISL_CSLRT_Corpus/ISL_CSLRT_Corpus/Videos_Sentence_Level/he is on the way/he is on the way.mp4,Videos_Sentence_Level/he is on the way/he is on the way.mp4,he is on the way.mp4,he is on the way,he is on the way,he_is_on_the_way,class_020,HE ON WAY,,.mp4,0.306597,25,25.0,1.0,240,320
data/raw/archive/ISL_CSLRT_Corpus/ISL_CSLRT_Corpus/Videos_Sentence_Level/he is on the way/way (2).MP4,Videos_Sentence_Level/he is on the way/way (2).MP4,way (2).MP4,he is on the way,he is on the way,he_is_on_the_way,class_020,HE ON WAY,,.mp4,15.213288,114,25.0,4.56,1920,1080
data/raw/archive/ISL_CSLRT_Corpus/ISL_CSLRT_Corpus/Videos_Sentence_Level/he is on the way/way (3).MP4,Videos_Sentence_Level/he is on the way/way (3).MP4,way (3).MP4,he is on the way,he is on the way,he_is_on_the_way,class_020,HE ON WAY,,.mp4,15.96077,118,25.0,4.72,1920,1080
data/raw/archive/ISL_CSLRT_Corpus/ISL_CSLRT_Corpus/Videos_Sentence_Level/he is on the way/way (4).MP4,Videos_Sentence_Level/he is on the way/way (4).MP4,way (4).MP4,he is on the way,he is on the way,he_is_on_the_way,class_020,HE ON WAY,,.mp4,12.584496,91,25.0,3.64,1920,1080
data/raw/archive/ISL_CSLRT_Corpus/ISL_CSLRT_Corpus/Videos_Sentence_Level/he is on the way/way.MP4,Videos_Sentence_Level/he is on the way/way.MP4,way.MP4,he is on the way,he is on the way,he_is_on_the_way,class_020,HE ON WAY,,.mp4,12.081081,86,25.0,3.44,1920,1080
data/raw/archive/ISL_CSLRT_Corpus/ISL_CSLRT_Corpus/Videos_Sentence_Level/he she is my friend/friend (2).MP4,Videos_Sentence_Level/he she is my friend/friend (2).MP4,friend (2).MP4,he she is my friend,he she is my friend,he_she_is_my_friend,class_021,HE SHE MY FRIEND,,.mp4,11.398516,83,25.0,3.32,1920,1080
data/raw/archive/ISL_CSLRT_Corpus/ISL_CSLRT_Corpus/Videos_Sentence_Level/he she is my friend/friend (3).MP4,Videos_Sentence_Level/he she is my friend/friend (3).MP4,friend (3).MP4,he she is my friend,he she is my friend,he_she_is_my_friend,class_021,HE SHE MY FRIEND,,.mp4,10.542801,76,25.0,3.04,1920,1080
data/raw/archive/ISL_CSLRT_Corpus/ISL_CSLRT_Corpus/Videos_Sentence_Level/he she is my friend/friend (4).MP4,Videos_Sentence_Level/he she is my friend/friend (4).MP4,friend (4).MP4,he she is my friend,he she is my friend,he_she_is_my_friend,class_021,HE SHE MY FRIEND,,.mp4,12.863406,94,25.0,3.76,1920,1080
data/raw/archive/ISL_CSLRT_Corpus/ISL_CSLRT_Corpus/Videos_Sentence_Level/he she is my friend/friend.MP4,Videos_Sentence_Level/he she is my friend/friend.MP4,friend.MP4,he she is my friend,he she is my friend,he_she_is_my_friend,class_021,HE SHE MY FRIEND,,.mp4,10.573582,78,25.0,3.12,1920,1080
data/raw/archive/ISL_CSLRT_Corpus/ISL_CSLRT_Corpus/Videos_Sentence_Level/he she is my friend/heshe is my friend.mp4,Videos_Sentence_Level/he she is my friend/heshe is my friend.mp4,heshe is my friend.mp4,he she is my friend,he she is my friend,he_she_is_my_friend,class_021,HE SHE MY FRIEND,,.mp4,0.123428,50,25.0,2.0,240,320
data/raw/archive/ISL_CSLRT_Corpus/ISL_CSLRT_Corpus/Videos_Sentence_Level/he she is my friend/MVI_6500.MP4,Videos_Sentence_Level/he she is my friend/MVI_6500.MP4,MVI_6500.MP4,he she is my friend,he she is my friend,he_she_is_my_friend,class_021,HE SHE MY FRIEND,,.mp4,12.480248,90,25.0,3.6,1920,1080
data/raw/archive/ISL_CSLRT_Corpus/ISL_CSLRT_Corpus/Videos_Sentence_Level/he she is my friend/she is my friend.mp4,Videos_Sentence_Level/he she is my friend/she is my friend.mp4,she is my friend.mp4,he she is my friend,he she is my friend,he_she_is_my_friend,class_021,HE SHE MY FRIEND,,.mp4,0.929279,75,25.0,3.0,240,320
data/raw/archive/ISL_CSLRT_Corpus/ISL_CSLRT_Corpus/Videos_Sentence_Level/he would be coming today/he would be coming today (2).mp4,Videos_Sentence_Level/he would be coming today/he would be coming today (2).mp4,he would be coming today (2).mp4,he would be coming today,he would be coming today,he_would_be_coming_today,class_022,HE COMING TODAY,,.mp4,0.185364,75,25.0,3.0,240,320
data/raw/archive/ISL_CSLRT_Corpus/ISL_CSLRT_Corpus/Videos_Sentence_Level/he would be coming today/he would be coming today.mp4,Videos_Sentence_Level/he would be coming today/he would be coming today.mp4,he would be coming today.mp4,he would be coming today,he would be coming today,he_would_be_coming_today,class_022,HE COMING TODAY,,.mp4,0.937941,75,25.0,3.0,240,320
data/raw/archive/ISL_CSLRT_Corpus/ISL_CSLRT_Corpus/Videos_Sentence_Level/he would be coming today/today (2).MP4,Videos_Sentence_Level/he would be coming today/today (2).MP4,today (2).MP4,he would be coming today,he would be coming today,he_would_be_coming_today,class_022,HE COMING TODAY,,.mp4,14.560729,108,25.0,4.32,1920,1080
data/raw/archive/ISL_CSLRT_Corpus/ISL_CSLRT_Corpus/Videos_Sentence_Level/he would be coming today/today (3).MP4,Videos_Sentence_Level/he would be coming today/today (3).MP4,today (3).MP4,he would be coming today,he would be coming today,he_would_be_coming_today,class_022,HE COMING TODAY,,.mp4,18.599828,138,25.0,5.52,1920,1080
data/raw/archive/ISL_CSLRT_Corpus/ISL_CSLRT_Corpus/Videos_Sentence_Level/he would be coming today/today (4).MP4,Videos_Sentence_Level/he would be coming today/today (4).MP4,today (4).MP4,he would be coming today,he would be coming today,he_would_be_coming_today,class_022,HE COMING TODAY,,.mp4,21.505469,157,25.0,6.28,1920,1080
data/raw/archive/ISL_CSLRT_Corpus/ISL_CSLRT_Corpus/Videos_Sentence_Level/he would be coming today/today (5).MP4,Videos_Sentence_Level/he would be coming today/today (5).MP4,today (5).MP4,he would be coming today,he would be coming today,he_would_be_coming_today,class_022,HE COMING TODAY,,.mp4,17.942021,132,25.0,5.28,1920,1080
data/raw/archive/ISL_CSLRT_Corpus/ISL_CSLRT_Corpus/Videos_Sentence_Level/he would be coming today/today.MP4,Videos_Sentence_Level/he would be coming today/today.MP4,today.MP4,he would be coming today,he would be coming today,he_would_be_coming_today,class_022,HE COMING TODAY,,.mp4,15.530365,110,25.0,4.4,1920,1080
data/raw/archive/ISL_CSLRT_Corpus/ISL_CSLRT_Corpus/Videos_Sentence_Level/help me/help me (1).MP4,Videos_Sentence_Level/help me/help me (1).MP4,help me (1).MP4,help me,help me,help_me,class_023,HELP ME,,.mp4,14.582813,104,25.0,4.16,1920,1080
data/raw/archive/ISL_CSLRT_Corpus/ISL_CSLRT_Corpus/Videos_Sentence_Level/help me/help me (3).MP4,Videos_Sentence_Level/help me/help me (3).MP4,help me (3).MP4,help me,help me,help_me,class_023,HELP ME,,.mp4,11.378018,84,25.0,3.36,1920,1080
data/raw/archive/ISL_CSLRT_Corpus/ISL_CSLRT_Corpus/Videos_Sentence_Level/help me/help me (4).MP4,Videos_Sentence_Level/help me/help me (4).MP4,help me (4).MP4,help me,help me,help_me,class_023,HELP ME,,.mp4,10.455712,76,25.0,3.04,1920,1080
data/raw/archive/ISL_CSLRT_Corpus/ISL_CSLRT_Corpus/Videos_Sentence_Level/help me/help me (5).MP4,Videos_Sentence_Level/help me/help me (5).MP4,help me (5).MP4,help me,help me,help_me,class_023,HELP ME,,.mp4,10.001186,71,25.0,2.84,1920,1080
data/raw/archive/ISL_CSLRT_Corpus/ISL_CSLRT_Corpus/Videos_Sentence_Level/help me/help me (6).mp4,Videos_Sentence_Level/help me/help me (6).mp4,help me (6).mp4,help me,help me,help_me,class_023,HELP ME,,.mp4,0.063994,25,25.0,1.0,240,320
data/raw/archive/ISL_CSLRT_Corpus/ISL_CSLRT_Corpus/Videos_Sentence_Level/help me/help me (7).mp4,Videos_Sentence_Level/help me/help me (7).mp4,help me (7).mp4,help me,help me,help_me,class_023,HELP ME,,.mp4,0.30968,25,25.0,1.0,240,320
data/raw/archive/ISL_CSLRT_Corpus/ISL_CSLRT_Corpus/Videos_Sentence_Level/help me/help me (8).MP4,Videos_Sentence_Level/help me/help me (8).MP4,help me (8).MP4,help me,help me,help_me,class_023,HELP ME,,.mp4,14.355293,98,25.0,3.92,1920,1080
data/raw/archive/ISL_CSLRT_Corpus/ISL_CSLRT_Corpus/Videos_Sentence_Level/hi how are you/hi how are you (1).mp4,Videos_Sentence_Level/hi how are you/hi how are you (1).mp4,hi how are you (1).mp4,hi how are you,hi how are you,hi_how_are_you,class_024,HI HOW YOU,,.mp4,0.177602,75,25.0,3.0,240,320
data/raw/archive/ISL_CSLRT_Corpus/ISL_CSLRT_Corpus/Videos_Sentence_Level/hi how are you/hi how are you (2).mp4,Videos_Sentence_Level/hi how are you/hi how are you (2).mp4,hi how are you (2).mp4,hi how are you,hi how are you,hi_how_are_you,class_024,HI HOW YOU,,.mp4,1.259665,100,25.0,4.0,240,320
data/raw/archive/ISL_CSLRT_Corpus/ISL_CSLRT_Corpus/Videos_Sentence_Level/hi how are you/hi how are you (3).MP4,Videos_Sentence_Level/hi how are you/hi how are you (3).MP4,hi how are you (3).MP4,hi how are you,hi how are you,hi_how_are_you,class_024,HI HOW YOU,,.mp4,16.128275,112,25.0,4.48,1920,1080
data/raw/archive/ISL_CSLRT_Corpus/ISL_CSLRT_Corpus/Videos_Sentence_Level/hi how are you/hi how are you (4).MP4,Videos_Sentence_Level/hi how are you/hi how are you (4).MP4,hi how are you (4).MP4,hi how are you,hi how are you,hi_how_are_you,class_024,HI HOW YOU,,.mp4,21.395904,156,25.0,6.24,1920,1080
data/raw/archive/ISL_CSLRT_Corpus/ISL_CSLRT_Corpus/Videos_Sentence_Level/hi how are you/hi how are you (5).MP4,Videos_Sentence_Level/hi how are you/hi how are you (5).MP4,hi how are you (5).MP4,hi how are you,hi how are you,hi_how_are_you,class_024,HI HOW YOU,,.mp4,14.507387,104,25.0,4.16,1920,1080
data/raw/archive/ISL_CSLRT_Corpus/ISL_CSLRT_Corpus/Videos_Sentence_Level/hi how are you/hi how are you (6).MP4,Videos_Sentence_Level/hi how are you/hi how are you (6).MP4,hi how are you (6).MP4,hi how are you,hi how are you,hi_how_are_you,class_024,HI HOW YOU,,.mp4,14.723636,108,25.0,4.32,1920,1080
data/raw/archive/ISL_CSLRT_Corpus/ISL_CSLRT_Corpus/Videos_Sentence_Level/hi how are you/hi how are you (7).MP4,Videos_Sentence_Level/hi how are you/hi how are you (7).MP4,hi how are you (7).MP4,hi how are you,hi how are you,hi_how_are_you,class_024,HI HOW YOU,,.mp4,12.673402,92,25.0,3.68,1920,1080
data/raw/archive/ISL_CSLRT_Corpus/ISL_CSLRT_Corpus/Videos_Sentence_Level/how are things/how are things (2).mp4,Videos_Sentence_Level/how are things/how are things (2).mp4,how are things (2).mp4,how are things,how are things,how_are_things,class_025,HOW THINGS,,.mp4,0.055913,25,25.0,1.0,240,320
data/raw/archive/ISL_CSLRT_Corpus/ISL_CSLRT_Corpus/Videos_Sentence_Level/how are things/how are things.mp4,Videos_Sentence_Level/how are things/how are things.mp4,how are things.mp4,how are things,how are things,how_are_things,class_025,HOW THINGS,,.mp4,1.261126,100,25.0,4.0,240,320
data/raw/archive/ISL_CSLRT_Corpus/ISL_CSLRT_Corpus/Videos_Sentence_Level/how are things/things (2).MP4,Videos_Sentence_Level/how are things/things (2).MP4,things (2).MP4,how are things,how are things,how_are_things,class_025,HOW THINGS,,.mp4,20.21277,150,25.0,6.0,1920,1080
data/raw/archive/ISL_CSLRT_Corpus/ISL_CSLRT_Corpus/Videos_Sentence_Level/how are things/things (3).MP4,Videos_Sentence_Level/how are things/things (3).MP4,things (3).MP4,how are things,how are things,how_are_things,class_025,HOW THINGS,,.mp4,22.203568,165,25.0,6.6,1920,1080
data/raw/archive/ISL_CSLRT_Corpus/ISL_CSLRT_Corpus/Videos_Sentence_Level/how are things/things (4).MP4,Videos_Sentence_Level/how are things/things (4).MP4,things (4).MP4,how are things,how are things,how_are_things,class_025,HOW THINGS,,.mp4,25.036,186,25.0,7.44,1920,1080
data/raw/archive/ISL_CSLRT_Corpus/ISL_CSLRT_Corpus/Videos_Sentence_Level/how are things/things.MP4,Videos_Sentence_Level/how are things/things.MP4,things.MP4,how are things,how are things,how_are_things,class_025,HOW THINGS,,.mp4,26.373322,190,25.0,7.6,1920,1080
data/raw/archive/ISL_CSLRT_Corpus/ISL_CSLRT_Corpus/Videos_Sentence_Level/how can i help you/how can i help you (1).mp4,Videos_Sentence_Level/how can i help you/how can i help you (1).mp4,how can i help you (1).mp4,how can i help you,how can i help you,how_can_i_help_you,class_026,HOW I HELP YOU,,.mp4,0.057488,25,25.0,1.0,240,320
data/raw/archive/ISL_CSLRT_Corpus/ISL_CSLRT_Corpus/Videos_Sentence_Level/how can i help you/how can i help you (2).mp4,Videos_Sentence_Level/how can i help you/how can i help you (2).mp4,how can i help you (2).mp4,how can i help you,how can i help you,how_can_i_help_you,class_026,HOW I HELP YOU,,.mp4,0.636366,50,25.0,2.0,240,320
data/raw/archive/ISL_CSLRT_Corpus/ISL_CSLRT_Corpus/Videos_Sentence_Level/how can i help you/how can i help you (3).MP4,Videos_Sentence_Level/how can i help you/how can i help you (3).MP4,how can i help you (3).MP4,how can i help you,how can i help you,how_can_i_help_you,class_026,HOW I HELP YOU,,.mp4,19.303606,135,25.0,5.4,1920,1080
data/raw/archive/ISL_CSLRT_Corpus/ISL_CSLRT_Corpus/Videos_Sentence_Level/how can i help you/how can i help you (4).MP4,Videos_Sentence_Level/how can i help you/how can i help you (4).MP4,how can i help you (4).MP4,how can i help you,how can i help you,how_can_i_help_you,class_026,HOW I HELP YOU,,.mp4,12.57194,91,25.0,3.64,1920,1080
data/raw/archive/ISL_CSLRT_Corpus/ISL_CSLRT_Corpus/Videos_Sentence_Level/how can i help you/how can i help you (5).MP4,Videos_Sentence_Level/how can i help you/how can i help you (5).MP4,how can i help you (5).MP4,how can i help you,how can i help you,how_can_i_help_you,class_026,HOW I HELP YOU,,.mp4,11.988419,86,25.0,3.44,1920,1080
data/raw/archive/ISL_CSLRT_Corpus/ISL_CSLRT_Corpus/Videos_Sentence_Level/how can i help you/how can i help you (6).MP4,Videos_Sentence_Level/how can i help you/how can i help you (6).MP4,how can i help you (6).MP4,how can i help you,how can i help you,how_can_i_help_you,class_026,HOW I HELP YOU,,.mp4,13.267126,97,25.0,3.88,1920,1080
data/raw/archive/ISL_CSLRT_Corpus/ISL_CSLRT_Corpus/Videos_Sentence_Level/how can i help you/how can i help you (7).MP4,Videos_Sentence_Level/how can i help you/how can i help you (7).MP4,how can i help you (7).MP4,how can i help you,how can i help you,how_can_i_help_you,class_026,HOW I HELP YOU,,.mp4,12.546932,91,25.0,3.64,1920,1080
data/raw/archive/ISL_CSLRT_Corpus/ISL_CSLRT_Corpus/Videos_Sentence_Level/how can i trust you/how can i trust you (2).mp4,Videos_Sentence_Level/how can i trust you/how can i trust you (2).mp4,how can i trust you (2).mp4,how can i trust you,how can i trust you,how_can_i_trust_you,class_027,HOW I TRUST YOU,,.mp4,0.122108,50,25.0,2.0,240,320
data/raw/archive/ISL_CSLRT_Corpus/ISL_CSLRT_Corpus/Videos_Sentence_Level/how can i trust you/how can i trust you.mp4,Videos_Sentence_Level/how can i trust you/how can i trust you.mp4,how can i trust you.mp4,how can i trust you,how can i trust you,how_can_i_trust_you,class_027,HOW I TRUST YOU,,.mp4,0.912087,75,25.0,3.0,240,320
data/raw/archive/ISL_CSLRT_Corpus/ISL_CSLRT_Corpus/Videos_Sentence_Level/how can i trust you/trust (2).MP4,Videos_Sentence_Level/how can i trust you/trust (2).MP4,trust (2).MP4,how can i trust you,how can i trust you,how_can_i_trust_you,class_027,HOW I TRUST YOU,,.mp4,12.821461,96,25.0,3.84,1920,1080
data/raw/archive/ISL_CSLRT_Corpus/ISL_CSLRT_Corpus/Videos_Sentence_Level/how can i trust you/trust (3).MP4,Videos_Sentence_Level/how can i trust you/trust (3).MP4,trust (3).MP4,how can i trust you,how can i trust you,how_can_i_trust_you,class_027,HOW I TRUST YOU,,.mp4,20.839174,156,25.0,6.24,1920,1080
data/raw/archive/ISL_CSLRT_Corpus/ISL_CSLRT_Corpus/Videos_Sentence_Level/how can i trust you/trust (4).MP4,Videos_Sentence_Level/how can i trust you/trust (4).MP4,trust (4).MP4,how can i trust you,how can i trust you,how_can_i_trust_you,class_027,HOW I TRUST YOU,,.mp4,16.998322,124,25.0,4.96,1920,1080
data/raw/archive/ISL_CSLRT_Corpus/ISL_CSLRT_Corpus/Videos_Sentence_Level/how can i trust you/trust (5).MP4,Videos_Sentence_Level/how can i trust you/trust (5).MP4,trust (5).MP4,how can i trust you,how can i trust you,how_can_i_trust_you,class_027,HOW I TRUST YOU,,.mp4,15.629398,114,25.0,4.56,1920,1080
data/raw/archive/ISL_CSLRT_Corpus/ISL_CSLRT_Corpus/Videos_Sentence_Level/how can i trust you/trust.MP4,Videos_Sentence_Level/how can i trust you/trust.MP4,trust.MP4,how can i trust you,how can i trust you,how_can_i_trust_you,class_027,HOW I TRUST YOU,,.mp4,15.937866,117,25.0,4.68,1920,1080
data/raw/archive/ISL_CSLRT_Corpus/ISL_CSLRT_Corpus/Videos_Sentence_Level/how dare you/dare (2).MP4,Videos_Sentence_Level/how dare you/dare (2).MP4,dare (2).MP4,how dare you,how dare you,how_dare_you,class_028,HOW DARE YOU,,.mp4,10.647412,77,25.0,3.08,1920,1080
data/raw/archive/ISL_CSLRT_Corpus/ISL_CSLRT_Corpus/Videos_Sentence_Level/how dare you/dare (3).MP4,Videos_Sentence_Level/how dare you/dare (3).MP4,dare (3).MP4,how dare you,how dare you,how_dare_you,class_028,HOW DARE YOU,,.mp4,12.976137,95,25.0,3.8,1920,1080
data/raw/archive/ISL_CSLRT_Corpus/ISL_CSLRT_Corpus/Videos_Sentence_Level/how dare you/dare (4).MP4,Videos_Sentence_Level/how dare you/dare (4).MP4,dare (4).MP4,how dare you,how dare you,how_dare_you,class_028,HOW DARE YOU,,.mp4,11.051525,79,25.0,3.16,1920,1080
data/raw/archive/ISL_CSLRT_Corpus/ISL_CSLRT_Corpus/Videos_Sentence_Level/how dare you/dare (5).MP4,Videos_Sentence_Level/how dare you/dare (5).MP4,dare (5).MP4,how dare you,how dare you,how_dare_you,class_028,HOW DARE YOU,,.mp4,12.388558,90,25.0,3.6,1920,1080
data/raw/archive/ISL_CSLRT_Corpus/ISL_CSLRT_Corpus/Videos_Sentence_Level/how dare you/dare.MP4,Videos_Sentence_Level/how dare you/dare.MP4,dare.MP4,how dare you,how dare you,how_dare_you,class_028,HOW DARE YOU,,.mp4,12.896653,93,25.0,3.72,1920,1080
data/raw/archive/ISL_CSLRT_Corpus/ISL_CSLRT_Corpus/Videos_Sentence_Level/how dare you/how dare you (2).mp4,Videos_Sentence_Level/how dare you/how dare you (2).mp4,how dare you (2).mp4,how dare you,how dare you,how_dare_you,class_028,HOW DARE YOU,,.mp4,0.208953,100,25.0,4.0,240,320
data/raw/archive/ISL_CSLRT_Corpus/ISL_CSLRT_Corpus/Videos_Sentence_Level/how dare you/how dare you.mp4,Videos_Sentence_Level/how dare you/how dare you.mp4,how dare you.mp4,how dare you,how dare you,how_dare_you,class_028,HOW DARE YOU,,.mp4,0.649946,50,25.0,2.0,240,320
data/raw/archive/ISL_CSLRT_Corpus/ISL_CSLRT_Corpus/Videos_Sentence_Level/how old are you/how old are you (1).mp4,Videos_Sentence_Level/how old are you/how old are you (1).mp4,how old are you (1).mp4,how old are you,how old are you,how_old_are_you,class_029,HOW OLD YOU,,.mp4,0.103879,50,25.0,2.0,240,320
data/raw/archive/ISL_CSLRT_Corpus/ISL_CSLRT_Corpus/Videos_Sentence_Level/how old are you/how old are you (2).mp4,Videos_Sentence_Level/how old are you/how old are you (2).mp4,how old are you (2).mp4,how old are you,how old are you,how_old_are_you,class_029,HOW OLD YOU,,.mp4,0.634212,50,25.0,2.0,240,320
data/raw/archive/ISL_CSLRT_Corpus/ISL_CSLRT_Corpus/Videos_Sentence_Level/how old are you/how old are you (3).MP4,Videos_Sentence_Level/how old are you/how old are you (3).MP4,how old are you (3).MP4,how old are you,how old are you,how_old_are_you,class_029,HOW OLD YOU,,.mp4,15.842525,111,25.0,4.44,1920,1080
data/raw/archive/ISL_CSLRT_Corpus/ISL_CSLRT_Corpus/Videos_Sentence_Level/how old are you/how old are you (4).MP4,Videos_Sentence_Level/how old are you/how old are you (4).MP4,how old are you (4).MP4,how old are you,how old are you,how_old_are_you,class_029,HOW OLD YOU,,.mp4,15.142929,109,25.0,4.36,1920,1080
data/raw/archive/ISL_CSLRT_Corpus/ISL_CSLRT_Corpus/Videos_Sentence_Level/how old are you/how old are you (5).MP4,Videos_Sentence_Level/how old are you/how old are you (5).MP4,how old are you (5).MP4,how old are you,how old are you,how_old_are_you,class_029,HOW OLD YOU,,.mp4,13.400169,97,25.0,3.88,1920,1080
data/raw/archive/ISL_CSLRT_Corpus/ISL_CSLRT_Corpus/Videos_Sentence_Level/how old are you/how old are you (6).MP4,Videos_Sentence_Level/how old are you/how old are you (6).MP4,how old are you (6).MP4,how old are you,how old are you,how_old_are_you,class_029,HOW OLD YOU,,.mp4,10.870627,81,25.0,3.24,1920,1080
data/raw/archive/ISL_CSLRT_Corpus/ISL_CSLRT_Corpus/Videos_Sentence_Level/how old are you/how old are you (7).MP4,Videos_Sentence_Level/how old are you/how old are you (7).MP4,how old are you (7).MP4,how old are you,how old are you,how_old_are_you,class_029,HOW OLD YOU,,.mp4,11.894567,87,25.0,3.48,1920,1080
data/raw/archive/ISL_CSLRT_Corpus/ISL_CSLRT_Corpus/Videos_Sentence_Level/i am (age)/i am (age) (1).MP4,Videos_Sentence_Level/i am (age)/i am (age) (1).MP4,i am (age) (1).MP4,i am (age),i am (age),i_am_(age),class_030,I (AGE),,.mp4,11.869541,86,25.0,3.44,1920,1080
data/raw/archive/ISL_CSLRT_Corpus/ISL_CSLRT_Corpus/Videos_Sentence_Level/i am (age)/i am (age) (2).MP4,Videos_Sentence_Level/i am (age)/i am (age) (2).MP4,i am (age) (2).MP4,i am (age),i am (age),i_am_(age),class_030,I (AGE),,.mp4,10.373363,74,25.0,2.96,1920,1080
data/raw/archive/ISL_CSLRT_Corpus/ISL_CSLRT_Corpus/Videos_Sentence_Level/i am (age)/i am (age) (3).MP4,Videos_Sentence_Level/i am (age)/i am (age) (3).MP4,i am (age) (3).MP4,i am (age),i am (age),i_am_(age),class_030,I (AGE),,.mp4,8.623652,63,25.0,2.52,1920,1080
data/raw/archive/ISL_CSLRT_Corpus/ISL_CSLRT_Corpus/Videos_Sentence_Level/i am (age)/i am (age) (4).MP4,Videos_Sentence_Level/i am (age)/i am (age) (4).MP4,i am (age) (4).MP4,i am (age),i am (age),i_am_(age),class_030,I (AGE),,.mp4,9.521314,72,25.0,2.88,1920,1080
data/raw/archive/ISL_CSLRT_Corpus/ISL_CSLRT_Corpus/Videos_Sentence_Level/i am (age)/i am (age) (5).MP4,Videos_Sentence_Level/i am (age)/i am (age) (5).MP4,i am (age) (5).MP4,i am (age),i am (age),i_am_(age),class_030,I (AGE),,.mp4,9.034727,66,25.0,2.64,1920,1080
data/raw/archive/ISL_CSLRT_Corpus/ISL_CSLRT_Corpus/Videos_Sentence_Level/i am (age)/i am (age) (6).mp4,Videos_Sentence_Level/i am (age)/i am (age) (6).mp4,i am (age) (6).mp4,i am (age),i am (age),i_am_(age),class_030,I (AGE),,.mp4,0.637077,50,25.0,2.0,240,320
data/raw/archive/ISL_CSLRT_Corpus/ISL_CSLRT_Corpus/Videos_Sentence_Level/i am afraid of that/afraid (2).MP4,Videos_Sentence_Level/i am afraid of that/afraid (2).MP4,afraid (2).MP4,i am afraid of that,i am afraid of that,i_am_afraid_of_that,class_031,I AFRAID THAT,,.mp4,16.623224,122,25.0,4.88,1920,1080
data/raw/archive/ISL_CSLRT_Corpus/ISL_CSLRT_Corpus/Videos_Sentence_Level/i am afraid of that/afraid (3).MP4,Videos_Sentence_Level/i am afraid of that/afraid (3).MP4,afraid (3).MP4,i am afraid of that,i am afraid of that,i_am_afraid_of_that,class_031,I AFRAID THAT,,.mp4,20.264608,151,25.0,6.04,1920,1080
data/raw/archive/ISL_CSLRT_Corpus/ISL_CSLRT_Corpus/Videos_Sentence_Level/i am afraid of that/afraid (4).MP4,Videos_Sentence_Level/i am afraid of that/afraid (4).MP4,afraid (4).MP4,i am afraid of that,i am afraid of that,i_am_afraid_of_that,class_031,I AFRAID THAT,,.mp4,15.246562,110,25.0,4.4,1920,1080
data/raw/archive/ISL_CSLRT_Corpus/ISL_CSLRT_Corpus/Videos_Sentence_Level/i am afraid of that/afraid (5).MP4,Videos_Sentence_Level/i am afraid of that/afraid (5).MP4,afraid (5).MP4,i am afraid of that,i am afraid of that,i_am_afraid_of_that,class_031,I AFRAID THAT,,.mp4,16.3111,118,25.0,4.72,1920,1080
data/raw/archive/ISL_CSLRT_Corpus/ISL_CSLRT_Corpus/Videos_Sentence_Level/i am afraid of that/afraid.MP4,Videos_Sentence_Level/i am afraid of that/afraid.MP4,afraid.MP4,i am afraid of that,i am afraid of that,i_am_afraid_of_that,class_031,I AFRAID THAT,,.mp4,17.333808,124,25.0,4.96,1920,1080
data/raw/archive/ISL_CSLRT_Corpus/ISL_CSLRT_Corpus/Videos_Sentence_Level/i am afraid of that/i am afraid of that (2).mp4,Videos_Sentence_Level/i am afraid of that/i am afraid of that (2).mp4,i am afraid of that (2).mp4,i am afraid of that,i am afraid of that,i_am_afraid_of_that,class_031,I AFRAID THAT,,.mp4,0.971227,75,25.0,3.0,240,320
data/raw/archive/ISL_CSLRT_Corpus/ISL_CSLRT_Corpus/Videos_Sentence_Level/i am afraid of that/i am afraid of that.mp4,Videos_Sentence_Level/i am afraid of that/i am afraid of that.mp4,i am afraid of that.mp4,i am afraid of that,i am afraid of that,i_am_afraid_of_that,class_031,I AFRAID THAT,,.mp4,0.167165,75,25.0,3.0,240,320
data/raw/archive/ISL_CSLRT_Corpus/ISL_CSLRT_Corpus/Videos_Sentence_Level/i am crying/i am crying (2).mp4,Videos_Sentence_Level/i am crying/i am crying (2).mp4,i am crying (2).mp4,i am crying,i am crying,i_am_crying,class_032,I CRY,,.mp4,0.905032,75,25.0,3.0,240,320
data/raw/archive/ISL_CSLRT_Corpus/ISL_CSLRT_Corpus/Videos_Sentence_Level/i am crying/i am crying (3).MP4,Videos_Sentence_Level/i am crying/i am crying (3).MP4,i am crying (3).MP4,i am crying,i am crying,i_am_crying,class_032,I CRY,,.mp4,12.650004,96,25.0,3.84,1920,1080
data/raw/archive/ISL_CSLRT_Corpus/ISL_CSLRT_Corpus/Videos_Sentence_Level/i am crying/i am crying (4).MP4,Videos_Sentence_Level/i am crying/i am crying (4).MP4,i am crying (4).MP4,i am crying,i am crying,i_am_crying,class_032,I CRY,,.mp4,10.707156,77,25.0,3.08,1920,1080
data/raw/archive/ISL_CSLRT_Corpus/ISL_CSLRT_Corpus/Videos_Sentence_Level/i am crying/i am crying (5).MP4,Videos_Sentence_Level/i am crying/i am crying (5).MP4,i am crying (5).MP4,i am crying,i am crying,i_am_crying,class_032,I CRY,,.mp4,13.306246,98,25.0,3.92,1920,1080
data/raw/archive/ISL_CSLRT_Corpus/ISL_CSLRT_Corpus/Videos_Sentence_Level/i am crying/i am crying (6).MP4,Videos_Sentence_Level/i am crying/i am crying (6).MP4,i am crying (6).MP4,i am crying,i am crying,i_am_crying,class_032,I CRY,,.mp4,14.822491,111,25.0,4.44,1920,1080
data/raw/archive/ISL_CSLRT_Corpus/ISL_CSLRT_Corpus/Videos_Sentence_Level/i am crying/i am crying (7).MP4,Videos_Sentence_Level/i am crying/i am crying (7).MP4,i am crying (7).MP4,i am crying,i am crying,i_am_crying,class_032,I CRY,,.mp4,11.375791,82,25.0,3.28,1920,1080
data/raw/archive/ISL_CSLRT_Corpus/ISL_CSLRT_Corpus/Videos_Sentence_Level/i am crying/i am crying.mp4,Videos_Sentence_Level/i am crying/i am crying.mp4,i am crying.mp4,i am crying,i am crying,i_am_crying,class_032,I CRY,,.mp4,0.16585,75,25.0,3.0,240,320
data/raw/archive/ISL_CSLRT_Corpus/ISL_CSLRT_Corpus/Videos_Sentence_Level/i am feeling bored/bored (2).MP4,Videos_Sentence_Level/i am feeling bored/bored (2).MP4,bored (2).MP4,i am feeling bored,i am feeling bored,i_am_feeling_bored,class_033,I FEELING BORED,,.mp4,10.420019,74,25.0,2.96,1920,1080
data/raw/archive/ISL_CSLRT_Corpus/ISL_CSLRT_Corpus/Videos_Sentence_Level/i am feeling bored/bored (3).MP4,Videos_Sentence_Level/i am feeling bored/bored (3).MP4,bored (3).MP4,i am feeling bored,i am feeling bored,i_am_feeling_bored,class_033,I FEELING BORED,,.mp4,16.793706,122,25.0,4.88,1920,1080
data/raw/archive/ISL_CSLRT_Corpus/ISL_CSLRT_Corpus/Videos_Sentence_Level/i am feeling bored/bored (4).MP4,Videos_Sentence_Level/i am feeling bored/bored (4).MP4,bored (4).MP4,i am feeling bored,i am feeling bored,i_am_feeling_bored,class_033,I FEELING BORED,,.mp4,16.319112,119,25.0,4.76,1920,1080
data/raw/archive/ISL_CSLRT_Corpus/ISL_CSLRT_Corpus/Videos_Sentence_Level/i am feeling bored/bored (5).MP4,Videos_Sentence_Level/i am feeling bored/bored (5).MP4,bored (5).MP4,i am feeling bored,i am feeling bored,i_am_feeling_bored,class_033,I FEELING BORED,,.mp4,14.204859,101,25.0,4.04,1920,1080
data/raw/archive/ISL_CSLRT_Corpus/ISL_CSLRT_Corpus/Videos_Sentence_Level/i am feeling bored/bored.MP4,Videos_Sentence_Level/i am feeling bored/bored.MP4,bored.MP4,i am feeling bored,i am feeling bored,i_am_feeling_bored,class_033,I FEELING BORED,,.mp4,13.330459,96,25.0,3.84,1920,1080
data/raw/archive/ISL_CSLRT_Corpus/ISL_CSLRT_Corpus/Videos_Sentence_Level/i am feeling bored/i am feeling bored (2).mp4,Videos_Sentence_Level/i am feeling bored/i am feeling bored (2).mp4,i am feeling bored (2).mp4,i am feeling bored,i am feeling bored,i_am_feeling_bored,class_033,I FEELING BORED,,.mp4,0.212989,99,25.0,3.96,240,320
data/raw/archive/ISL_CSLRT_Corpus/ISL_CSLRT_Corpus/Videos_Sentence_Level/i am feeling bored/i am feeling bored.mp4,Videos_Sentence_Level/i am feeling bored/i am feeling bored.mp4,i am feeling bored.mp4,i am feeling bored,i am feeling bored,i_am_feeling_bored,class_033,I FEELING BORED,,.mp4,0.934213,75,25.0,3.0,240,320
data/raw/archive/ISL_CSLRT_Corpus/ISL_CSLRT_Corpus/Videos_Sentence_Level/i am feeling cold/cold (2).MP4,Videos_Sentence_Level/i am feeling cold/cold (2).MP4,cold (2).MP4,i am feeling cold,i am feeling cold,i_am_feeling_cold,class_034,I FEELING COLD,,.mp4,10.520399,77,25.0,3.08,1920,1080
data/raw/archive/ISL_CSLRT_Corpus/ISL_CSLRT_Corpus/Videos_Sentence_Level/i am feeling cold/cold (3).MP4,Videos_Sentence_Level/i am feeling cold/cold (3).MP4,cold (3).MP4,i am feeling cold,i am feeling cold,i_am_feeling_cold,class_034,I FEELING COLD,,.mp4,11.199904,83,25.0,3.32,1920,1080
data/raw/archive/ISL_CSLRT_Corpus/ISL_CSLRT_Corpus/Videos_Sentence_Level/i am feeling cold/cold (4).MP4,Videos_Sentence_Level/i am feeling cold/cold (4).MP4,cold (4).MP4,i am feeling cold,i am feeling cold,i_am_feeling_cold,class_034,I FEELING COLD,,.mp4,10.803109,81,25.0,3.24,1920,1080
data/raw/archive/ISL_CSLRT_Corpus/ISL_CSLRT_Corpus/Videos_Sentence_Level/i am feeling cold/cold (5).MP4,Videos_Sentence_Level/i am feeling cold/cold (5).MP4,cold (5).MP4,i am feeling cold,i am feeling cold,i_am_feeling_cold,class_034,I FEELING COLD,,.mp4,11.214669,82,25.0,3.28,1920,1080
data/raw/archive/ISL_CSLRT_Corpus/ISL_CSLRT_Corpus/Videos_Sentence_Level/i am feeling cold/cold.MP4,Videos_Sentence_Level/i am feeling cold/cold.MP4,cold.MP4,i am feeling cold,i am feeling cold,i_am_feeling_cold,class_034,I FEELING COLD,,.mp4,10.673769,76,25.0,3.04,1920,1080
data/raw/archive/ISL_CSLRT_Corpus/ISL_CSLRT_Corpus/Videos_Sentence_Level/i am feeling cold/i am feeling cold (2).mp4,Videos_Sentence_Level/i am feeling cold/i am feeling cold (2).mp4,i am feeling cold (2).mp4,i am feeling cold,i am feeling cold,i_am_feeling_cold,class_034,I FEELING COLD,,.mp4,0.110406,50,25.0,2.0,240,320
data/raw/archive/ISL_CSLRT_Corpus/ISL_CSLRT_Corpus/Videos_Sentence_Level/i am feeling cold/i am feeling cold.mp4,Videos_Sentence_Level/i am feeling cold/i am feeling cold.mp4,i am feeling cold.mp4,i am feeling cold,i am feeling cold,i_am_feeling_cold,class_034,I FEELING COLD,,.mp4,0.630919,50,25.0,2.0,240,320
data/raw/archive/ISL_CSLRT_Corpus/ISL_CSLRT_Corpus/Videos_Sentence_Level/i am fine. thank you sir/fine thank (2).MP4,Videos_Sentence_Level/i am fine. thank you sir/fine thank (2).MP4,fine thank (2).MP4,i am fine. thank you sir,i am fine. thank you sir,i_am_fine._thank_you_sir,class_035,I FINE. THANK YOU SIR,,.mp4,15.178885,109,25.0,4.36,1920,1080
data/raw/archive/ISL_CSLRT_Corpus/ISL_CSLRT_Corpus/Videos_Sentence_Level/i am fine. thank you sir/fine thank (3).MP4,Videos_Sentence_Level/i am fine. thank you sir/fine thank (3).MP4,fine thank (3).MP4,i am fine. thank you sir,i am fine. thank you sir,i_am_fine._thank_you_sir,class_035,I FINE. THANK YOU SIR,,.mp4,18.488943,138,25.0,5.52,1920,1080
data/raw/archive/ISL_CSLRT_Corpus/ISL_CSLRT_Corpus/Videos_Sentence_Level/i am fine. thank you sir/fine thank (4).MP4,Videos_Sentence_Level/i am fine. thank you sir/fine thank (4).MP4,fine thank (4).MP4,i am fine. thank you sir,i am fine. thank you sir,i_am_fine._thank_you_sir,class_035,I FINE. THANK YOU SIR,,.mp4,13.858773,102,25.0,4.08,1920,1080
data/raw/archive/ISL_CSLRT_Corpus/ISL_CSLRT_Corpus/Videos_Sentence_Level/i am fine. thank you sir/fine thank (5).MP4,Videos_Sentence_Level/i am fine. thank you sir/fine thank (5).MP4,fine thank (5).MP4,i am fine. thank you sir,i am fine. thank you sir,i_am_fine._thank_you_sir,class_035,I FINE. THANK YOU SIR,,.mp4,17.39377,129,25.0,5.16,1920,1080
data/raw/archive/ISL_CSLRT_Corpus/ISL_CSLRT_Corpus/Videos_Sentence_Level/i am fine. thank you sir/fine thank.MP4,Videos_Sentence_Level/i am fine. thank you sir/fine thank.MP4,fine thank.MP4,i am fine. thank you sir,i am fine. thank you sir,i_am_fine._thank_you_sir,class_035,I FINE. THANK YOU SIR,,.mp4,18.274888,132,25.0,5.28,1920,1080
data/raw/archive/ISL_CSLRT_Corpus/ISL_CSLRT_Corpus/Videos_Sentence_Level/i am fine. thank you sir/i am fine. thank you sir (2).mp4,Videos_Sentence_Level/i am fine. thank you sir/i am fine. thank you sir (2).mp4,i am fine. thank you sir (2).mp4,i am fine. thank you sir,i am fine. thank you sir,i_am_fine._thank_you_sir,class_035,I FINE. THANK YOU SIR,,.mp4,0.944035,75,25.0,3.0,240,320
data/raw/archive/ISL_CSLRT_Corpus/ISL_CSLRT_Corpus/Videos_Sentence_Level/i am fine. thank you sir/i am fine. thank you sir.mp4,Videos_Sentence_Level/i am fine. thank you sir/i am fine. thank you sir.mp4,i am fine. thank you sir.mp4,i am fine. thank you sir,i am fine. thank you sir,i_am_fine._thank_you_sir,class_035,I FINE. THANK YOU SIR,,.mp4,0.110856,50,25.0,2.0,240,320
data/raw/archive/ISL_CSLRT_Corpus/ISL_CSLRT_Corpus/Videos_Sentence_Level/i am hungry/i am hungry   (1).mp4,Videos_Sentence_Level/i am hungry/i am hungry   (1).mp4,i am hungry   (1).mp4,i am hungry,i am hungry,i_am_hungry,class_036,I HUNGRY,,.mp4,0.6137,50,25.0,2.0,240,320
data/raw/archive/ISL_CSLRT_Corpus/ISL_CSLRT_Corpus/Videos_Sentence_Level/i am hungry/i am hungry   (2).mp4,Videos_Sentence_Level/i am hungry/i am hungry   (2).mp4,i am hungry   (2).mp4,i am hungry,i am hungry,i_am_hungry,class_036,I HUNGRY,,.mp4,0.122421,50,25.0,2.0,240,320
data/raw/archive/ISL_CSLRT_Corpus/ISL_CSLRT_Corpus/Videos_Sentence_Level/i am hungry/i am hungry   (3).MP4,Videos_Sentence_Level/i am hungry/i am hungry   (3).MP4,i am hungry   (3).MP4,i am hungry,i am hungry,i_am_hungry,class_036,I HUNGRY,,.mp4,14.833101,103,25.0,4.12,1920,1080
data/raw/archive/ISL_CSLRT_Corpus/ISL_CSLRT_Corpus/Videos_Sentence_Level/i am hungry/i am hungry   (4).MP4,Videos_Sentence_Level/i am hungry/i am hungry   (4).MP4,i am hungry   (4).MP4,i am hungry,i am hungry,i_am_hungry,class_036,I HUNGRY,,.mp4,17.491817,127,25.0,5.08,1920,1080
data/raw/archive/ISL_CSLRT_Corpus/ISL_CSLRT_Corpus/Videos_Sentence_Level/i am hungry/i am hungry   (5).MP4,Videos_Sentence_Level/i am hungry/i am hungry   (5).MP4,i am hungry   (5).MP4,i am hungry,i am hungry,i_am_hungry,class_036,I HUNGRY,,.mp4,14.565942,106,25.0,4.24,1920,1080
data/raw/archive/ISL_CSLRT_Corpus/ISL_CSLRT_Corpus/Videos_Sentence_Level/i am hungry/i am hungry   (6).MP4,Videos_Sentence_Level/i am hungry/i am hungry   (6).MP4,i am hungry   (6).MP4,i am hungry,i am hungry,i_am_hungry,class_036,I HUNGRY,,.mp4,13.513288,100,25.0,4.0,1920,1080
data/raw/archive/ISL_CSLRT_Corpus/ISL_CSLRT_Corpus/Videos_Sentence_Level/i am hungry/i am hungry   (7).MP4,Videos_Sentence_Level/i am hungry/i am hungry   (7).MP4,i am hungry   (7).MP4,i am hungry,i am hungry,i_am_hungry,class_036,I HUNGRY,,.mp4,14.094729,104,25.0,4.16,1920,1080
data/raw/archive/ISL_CSLRT_Corpus/ISL_CSLRT_Corpus/Videos_Sentence_Level/i am in dilemma what to do/dilemma (2).MP4,Videos_Sentence_Level/i am in dilemma what to do/dilemma (2).MP4,dilemma (2).MP4,i am in dilemma what to do,i am in dilemma what to do,i_am_in_dilemma_what_to_do,class_037,I IN DILEMMA WHAT TO DO,,.mp4,20.383487,153,25.0,6.12,1920,1080
data/raw/archive/ISL_CSLRT_Corpus/ISL_CSLRT_Corpus/Videos_Sentence_Level/i am in dilemma what to do/dilemma (3).MP4,Videos_Sentence_Level/i am in dilemma what to do/dilemma (3).MP4,dilemma (3).MP4,i am in dilemma what to do,i am in dilemma what to do,i_am_in_dilemma_what_to_do,class_037,I IN DILEMMA WHAT TO DO,,.mp4,25.291508,183,25.0,7.32,1920,1080
data/raw/archive/ISL_CSLRT_Corpus/ISL_CSLRT_Corpus/Videos_Sentence_Level/i am in dilemma what to do/dilemma (4).MP4,Videos_Sentence_Level/i am in dilemma what to do/dilemma (4).MP4,dilemma (4).MP4,i am in dilemma what to do,i am in dilemma what to do,i_am_in_dilemma_what_to_do,class_037,I IN DILEMMA WHAT TO DO,,.mp4,25.709561,192,25.0,7.68,1920,1080
data/raw/archive/ISL_CSLRT_Corpus/ISL_CSLRT_Corpus/Videos_Sentence_Level/i am in dilemma what to do/dilemma (5).MP4,Videos_Sentence_Level/i am in dilemma what to do/dilemma (5).MP4,dilemma (5).MP4,i am in dilemma what to do,i am in dilemma what to do,i_am_in_dilemma_what_to_do,class_037,I IN DILEMMA WHAT TO DO,,.mp4,19.128483,141,25.0,5.64,1920,1080
data/raw/archive/ISL_CSLRT_Corpus/ISL_CSLRT_Corpus/Videos_Sentence_Level/i am in dilemma what to do/dilemma.MP4,Videos_Sentence_Level/i am in dilemma what to do/dilemma.MP4,dilemma.MP4,i am in dilemma what to do,i am in dilemma what to do,i_am_in_dilemma_what_to_do,class_037,I IN DILEMMA WHAT TO DO,,.mp4,22.795933,168,25.0,6.72,1920,1080
data/raw/archive/ISL_CSLRT_Corpus/ISL_CSLRT_Corpus/Videos_Sentence_Level/i am in dilemma what to do/i am in dilemma what to do (2).mp4,Videos_Sentence_Level/i am in dilemma what to do/i am in dilemma what to do (2).mp4,i am in dilemma what to do (2).mp4,i am in dilemma what to do,i am in dilemma what to do,i_am_in_dilemma_what_to_do,class_037,I IN DILEMMA WHAT TO DO,,.mp4,0.183063,75,25.0,3.0,240,320
data/raw/archive/ISL_CSLRT_Corpus/ISL_CSLRT_Corpus/Videos_Sentence_Level/i am in dilemma what to do/i am in dilemma what to do.mp4,Videos_Sentence_Level/i am in dilemma what to do/i am in dilemma what to do.mp4,i am in dilemma what to do.mp4,i am in dilemma what to do,i am in dilemma what to do,i_am_in_dilemma_what_to_do,class_037,I IN DILEMMA WHAT TO DO,,.mp4,1.604465,125,25.0,5.0,240,320
data/raw/archive/ISL_CSLRT_Corpus/ISL_CSLRT_Corpus/Videos_Sentence_Level/i am not really sure/i am not really sure (2).mp4,Videos_Sentence_Level/i am not really sure/i am not really sure (2).mp4,i am not really sure (2).mp4,i am not really sure,i am not really sure,i_am_not_really_sure,class_038,I NOT REALLY SURE,,.mp4,0.109916,50,25.0,2.0,240,320
data/raw/archive/ISL_CSLRT_Corpus/ISL_CSLRT_Corpus/Videos_Sentence_Level/i am not really sure/i am not really sure.mp4,Videos_Sentence_Level/i am not really sure/i am not really sure.mp4,i am not really sure.mp4,i am not really sure,i am not really sure,i_am_not_really_sure,class_038,I NOT REALLY SURE,,.mp4,0.950662,75,25.0,3.0,240,320
data/raw/archive/ISL_CSLRT_Corpus/ISL_CSLRT_Corpus/Videos_Sentence_Level/i am not really sure/MVI_6546.MP4,Videos_Sentence_Level/i am not really sure/MVI_6546.MP4,MVI_6546.MP4,i am not really sure,i am not really sure,i_am_not_really_sure,class_038,I NOT REALLY SURE,,.mp4,10.659348,78,25.0,3.12,1920,1080
data/raw/archive/ISL_CSLRT_Corpus/ISL_CSLRT_Corpus/Videos_Sentence_Level/i am not really sure/really sure (2).MP4,Videos_Sentence_Level/i am not really sure/really sure (2).MP4,really sure (2).MP4,i am not really sure,i am not really sure,i_am_not_really_sure,class_038,I NOT REALLY SURE,,.mp4,13.976201,103,25.0,4.12,1920,1080
data/raw/archive/ISL_CSLRT_Corpus/ISL_CSLRT_Corpus/Videos_Sentence_Level/i am not really sure/really sure (3).MP4,Videos_Sentence_Level/i am not really sure/really sure (3).MP4,really sure (3).MP4,i am not really sure,i am not really sure,i_am_not_really_sure,class_038,I NOT REALLY SURE,,.mp4,10.98933,81,25.0,3.24,1920,1080
data/raw/archive/ISL_CSLRT_Corpus/ISL_CSLRT_Corpus/Videos_Sentence_Level/i am not really sure/really sure (4).MP4,Videos_Sentence_Level/i am not really sure/really sure (4).MP4,really sure (4).MP4,i am not really sure,i am not really sure,i_am_not_really_sure,class_038,I NOT REALLY SURE,,.mp4,12.763119,95,25.0,3.8,1920,1080
data/raw/archive/ISL_CSLRT_Corpus/ISL_CSLRT_Corpus/Videos_Sentence_Level/i am not really sure/really sure.MP4,Videos_Sentence_Level/i am not really sure/really sure.MP4,really sure.MP4,i am not really sure,i am not really sure,i_am_not_really_sure,class_038,I NOT REALLY SURE,,.mp4,14.1463,100,25.0,4.0,1920,1080
data/raw/archive/ISL_CSLRT_Corpus/ISL_CSLRT_Corpus/Videos_Sentence_Level/i am really grateful/i am really grateful (2).mp4,Videos_Sentence_Level/i am really grateful/i am really grateful (2).mp4,i am really grateful (2).mp4,i am really grateful,i am really grateful,i_am_really_grateful,class_039,I REALLY GRATEFUL,,.mp4,0.103749,50,25.0,2.0,240,320
data/raw/archive/ISL_CSLRT_Corpus/ISL_CSLRT_Corpus/Videos_Sentence_Level/i am really grateful/i am really grateful.mp4,Videos_Sentence_Level/i am really grateful/i am really grateful.mp4,i am really grateful.mp4,i am really grateful,i am really grateful,i_am_really_grateful,class_039,I REALLY GRATEFUL,,.mp4,0.968827,75,25.0,3.0,240,320
data/raw/archive/ISL_CSLRT_Corpus/ISL_CSLRT_Corpus/Videos_Sentence_Level/i am really grateful/MVI_6104.MP4,Videos_Sentence_Level/i am really grateful/MVI_6104.MP4,MVI_6104.MP4,i am really grateful,i am really grateful,i_am_really_grateful,class_039,I REALLY GRATEFUL,,.mp4,18.228056,133,25.0,5.32,1920,1080
data/raw/archive/ISL_CSLRT_Corpus/ISL_CSLRT_Corpus/Videos_Sentence_Level/i am really grateful/MVI_6395.MP4,Videos_Sentence_Level/i am really grateful/MVI_6395.MP4,MVI_6395.MP4,i am really grateful,i am really grateful,i_am_really_grateful,class_039,I REALLY GRATEFUL,,.mp4,18.384221,131,25.0,5.24,1920,1080
data/raw/archive/ISL_CSLRT_Corpus/ISL_CSLRT_Corpus/Videos_Sentence_Level/i am really grateful/MVI_6539.MP4,Videos_Sentence_Level/i am really grateful/MVI_6539.MP4,MVI_6539.MP4,i am really grateful,i am really grateful,i_am_really_grateful,class_039,I REALLY GRATEFUL,,.mp4,12.738334,93,25.0,3.72,1920,1080
data/raw/archive/ISL_CSLRT_Corpus/ISL_CSLRT_Corpus/Videos_Sentence_Level/i am really grateful/MVI_6721.MP4,Videos_Sentence_Level/i am really grateful/MVI_6721.MP4,MVI_6721.MP4,i am really grateful,i am really grateful,i_am_really_grateful,class_039,I REALLY GRATEFUL,,.mp4,15.962305,120,25.0,4.8,1920,1080
data/raw/archive/ISL_CSLRT_Corpus/ISL_CSLRT_Corpus/Videos_Sentence_Level/i am really grateful/MVI_6849.MP4,Videos_Sentence_Level/i am really grateful/MVI_6849.MP4,MVI_6849.MP4,i am really grateful,i am really grateful,i_am_really_grateful,class_039,I REALLY GRATEFUL,,.mp4,15.314018,110,25.0,4.4,1920,1080
data/raw/archive/ISL_CSLRT_Corpus/ISL_CSLRT_Corpus/Videos_Sentence_Level/i am sitting in the class/i am sitting in the class (2).mp4,Videos_Sentence_Level/i am sitting in the class/i am sitting in the class (2).mp4,i am sitting in the class (2).mp4,i am sitting in the class,i am sitting in the class,i_am_sitting_in_the_class,class_040,I SITTING IN THE CLASS,,.mp4,0.132253,50,25.0,2.0,240,320
data/raw/archive/ISL_CSLRT_Corpus/ISL_CSLRT_Corpus/Videos_Sentence_Level/i am sitting in the class/i am sitting in the class.mp4,Videos_Sentence_Level/i am sitting in the class/i am sitting in the class.mp4,i am sitting in the class.mp4,i am sitting in the class,i am sitting in the class,i_am_sitting_in_the_class,class_040,I SITTING IN THE CLASS,,.mp4,1.269604,100,25.0,4.0,240,320
data/raw/archive/ISL_CSLRT_Corpus/ISL_CSLRT_Corpus/Videos_Sentence_Level/i am sitting in the class/sitting (2).MP4,Videos_Sentence_Level/i am sitting in the class/sitting (2).MP4,sitting (2).MP4,i am sitting in the class,i am sitting in the class,i_am_sitting_in_the_class,class_040,I SITTING IN THE CLASS,,.mp4,21.775012,160,25.0,6.4,1920,1080
data/raw/archive/ISL_CSLRT_Corpus/ISL_CSLRT_Corpus/Videos_Sentence_Level/i am sitting in the class/sitting (3).MP4,Videos_Sentence_Level/i am sitting in the class/sitting (3).MP4,sitting (3).MP4,i am sitting in the class,i am sitting in the class,i_am_sitting_in_the_class,class_040,I SITTING IN THE CLASS,,.mp4,23.736575,173,25.0,6.92,1920,1080
data/raw/archive/ISL_CSLRT_Corpus/ISL_CSLRT_Corpus/Videos_Sentence_Level/i am sitting in the class/sitting (4).MP4,Videos_Sentence_Level/i am sitting in the class/sitting (4).MP4,sitting (4).MP4,i am sitting in the class,i am sitting in the class,i_am_sitting_in_the_class,class_040,I SITTING IN THE CLASS,,.mp4,23.921334,177,25.0,7.08,1920,1080
data/raw/archive/ISL_CSLRT_Corpus/ISL_CSLRT_Corpus/Videos_Sentence_Level/i am sitting in the class/sitting (5).MP4,Videos_Sentence_Level/i am sitting in the class/sitting (5).MP4,sitting (5).MP4,i am sitting in the class,i am sitting in the class,i_am_sitting_in_the_class,class_040,I SITTING IN THE CLASS,,.mp4,24.442199,176,25.0,7.04,1920,1080
data/raw/archive/ISL_CSLRT_Corpus/ISL_CSLRT_Corpus/Videos_Sentence_Level/i am sitting in the class/sitting.MP4,Videos_Sentence_Level/i am sitting in the class/sitting.MP4,sitting.MP4,i am sitting in the class,i am sitting in the class,i_am_sitting_in_the_class,class_040,I SITTING IN THE CLASS,,.mp4,20.800175,149,25.0,5.96,1920,1080
data/raw/archive/ISL_CSLRT_Corpus/ISL_CSLRT_Corpus/Videos_Sentence_Level/i am so sorry to hear that/i am so sorry to hear that (2).mp4,Videos_Sentence_Level/i am so sorry to hear that/i am so sorry to hear that (2).mp4,i am so sorry to hear that (2).mp4,i am so sorry to hear that,i am so sorry to hear that,i_am_so_sorry_to_hear_that,class_041,I AM SO SORRY TO HEAR THAT,,.mp4,0.060423,25,25.0,1.0,240,320
data/raw/archive/ISL_CSLRT_Corpus/ISL_CSLRT_Corpus/Videos_Sentence_Level/i am so sorry to hear that/i am so sorry to hear that.mp4,Videos_Sentence_Level/i am so sorry to hear that/i am so sorry to hear that.mp4,i am so sorry to hear that.mp4,i am so sorry to hear that,i am so sorry to hear that,i_am_so_sorry_to_hear_that,class_041,I AM SO SORRY TO HEAR THAT,,.mp4,0.955506,75,25.0,3.0,240,320
data/raw/archive/ISL_CSLRT_Corpus/ISL_CSLRT_Corpus/Videos_Sentence_Level/i am so sorry to hear that/sorry hear (2).MP4,Videos_Sentence_Level/i am so sorry to hear that/sorry hear (2).MP4,sorry hear (2).MP4,i am so sorry to hear that,i am so sorry to hear that,i_am_so_sorry_to_hear_that,class_041,I AM SO SORRY TO HEAR THAT,,.mp4,12.128661,88,25.0,3.52,1920,1080
data/raw/archive/ISL_CSLRT_Corpus/ISL_CSLRT_Corpus/Videos_Sentence_Level/i am so sorry to hear that/sorry hear (3).MP4,Videos_Sentence_Level/i am so sorry to hear that/sorry hear (3).MP4,sorry hear (3).MP4,i am so sorry to hear that,i am so sorry to hear that,i_am_so_sorry_to_hear_that,class_041,I AM SO SORRY TO HEAR THAT,,.mp4,17.527328,131,25.0,5.24,1920,1080
data/raw/archive/ISL_CSLRT_Corpus/ISL_CSLRT_Corpus/Videos_Sentence_Level/i am so sorry to hear that/sorry hear (4).MP4,Videos_Sentence_Level/i am so sorry to hear that/sorry hear (4).MP4,sorry hear (4).MP4,i am so sorry to hear that,i am so sorry to hear that,i_am_so_sorry_to_hear_that,class_041,I AM SO SORRY TO HEAR THAT,,.mp4,15.834053,115,25.0,4.6,1920,1080
data/raw/archive/ISL_CSLRT_Corpus/ISL_CSLRT_Corpus/Videos_Sentence_Level/i am so sorry to hear that/sorry hear (5).MP4,Videos_Sentence_Level/i am so sorry to hear that/sorry hear (5).MP4,sorry hear (5).MP4,i am so sorry to hear that,i am so sorry to hear that,i_am_so_sorry_to_hear_that,class_041,I AM SO SORRY TO HEAR THAT,,.mp4,15.443295,113,25.0,4.52,1920,1080
data/raw/archive/ISL_CSLRT_Corpus/ISL_CSLRT_Corpus/Videos_Sentence_Level/i am so sorry to hear that/sorry hear.MP4,Videos_Sentence_Level/i am so sorry to hear that/sorry hear.MP4,sorry hear.MP4,i am so sorry to hear that,i am so sorry to hear that,i_am_so_sorry_to_hear_that,class_041,I AM SO SORRY TO HEAR THAT,,.mp4,16.978807,123,25.0,4.92,1920,1080
data/raw/archive/ISL_CSLRT_Corpus/ISL_CSLRT_Corpus/Videos_Sentence_Level/i am suffering from fever/fever (2).MP4,Videos_Sentence_Level/i am suffering from fever/fever (2).MP4,fever (2).MP4,i am suffering from fever,i am suffering from fever,i_am_suffering_from_fever,class_042,I SUFFERING FROM FEVER,,.mp4,9.60292,72,25.0,2.88,1920,1080
data/raw/archive/ISL_CSLRT_Corpus/ISL_CSLRT_Corpus/Videos_Sentence_Level/i am suffering from fever/fever (3).MP4,Videos_Sentence_Level/i am suffering from fever/fever (3).MP4,fever (3).MP4,i am suffering from fever,i am suffering from fever,i_am_suffering_from_fever,class_042,I SUFFERING FROM FEVER,,.mp4,13.505997,100,25.0,4.0,1920,1080
data/raw/archive/ISL_CSLRT_Corpus/ISL_CSLRT_Corpus/Videos_Sentence_Level/i am suffering from fever/fever (4).MP4,Videos_Sentence_Level/i am suffering from fever/fever (4).MP4,fever (4).MP4,i am suffering from fever,i am suffering from fever,i_am_suffering_from_fever,class_042,I SUFFERING FROM FEVER,,.mp4,13.814152,101,25.0,4.04,1920,1080
data/raw/archive/ISL_CSLRT_Corpus/ISL_CSLRT_Corpus/Videos_Sentence_Level/i am suffering from fever/fever (5).MP4,Videos_Sentence_Level/i am suffering from fever/fever (5).MP4,fever (5).MP4,i am suffering from fever,i am suffering from fever,i_am_suffering_from_fever,class_042,I SUFFERING FROM FEVER,,.mp4,13.286907,97,25.0,3.88,1920,1080
data/raw/archive/ISL_CSLRT_Corpus/ISL_CSLRT_Corpus/Videos_Sentence_Level/i am suffering from fever/fever.MP4,Videos_Sentence_Level/i am suffering from fever/fever.MP4,fever.MP4,i am suffering from fever,i am suffering from fever,i_am_suffering_from_fever,class_042,I SUFFERING FROM FEVER,,.mp4,13.839902,98,25.0,3.92,1920,1080
data/raw/archive/ISL_CSLRT_Corpus/ISL_CSLRT_Corpus/Videos_Sentence_Level/i am suffering from fever/i am suffering from fever (2).mp4,Videos_Sentence_Level/i am suffering from fever/i am suffering from fever (2).mp4,i am suffering from fever (2).mp4,i am suffering from fever,i am suffering from fever,i_am_suffering_from_fever,class_042,I SUFFERING FROM FEVER,,.mp4,0.112021,50,25.0,2.0,240,320
data/raw/archive/ISL_CSLRT_Corpus/ISL_CSLRT_Corpus/Videos_Sentence_Level/i am suffering from fever/i am suffering from fever.mp4,Videos_Sentence_Level/i am suffering from fever/i am suffering from fever.mp4,i am suffering from fever.mp4,i am suffering from fever,i am suffering from fever,i_am_suffering_from_fever,class_042,I SUFFERING FROM FEVER,,.mp4,0.627902,50,25.0,2.0,240,320
data/raw/archive/ISL_CSLRT_Corpus/ISL_CSLRT_Corpus/Videos_Sentence_Level/i am tired/i am tired (2).mp4,Videos_Sentence_Level/i am tired/i am tired (2).mp4,i am tired (2).mp4,i am tired,i am tired,i_am_tired,class_043,I TIRED,,.mp4,0.165419,75,25.0,3.0,240,320
data/raw/archive/ISL_CSLRT_Corpus/ISL_CSLRT_Corpus/Videos_Sentence_Level/i am tired/i am tired.mp4,Videos_Sentence_Level/i am tired/i am tired.mp4,i am tired.mp4,i am tired,i am tired,i_am_tired,class_043,I TIRED,,.mp4,0.928823,75,25.0,3.0,240,320
data/raw/archive/ISL_CSLRT_Corpus/ISL_CSLRT_Corpus/Videos_Sentence_Level/i am tired/tired (2).MP4,Videos_Sentence_Level/i am tired/tired (2).MP4,tired (2).MP4,i am tired,i am tired,i_am_tired,class_043,I TIRED,,.mp4,13.059375,95,25.0,3.8,1920,1080
data/raw/archive/ISL_CSLRT_Corpus/ISL_CSLRT_Corpus/Videos_Sentence_Level/i am tired/tired (3).MP4,Videos_Sentence_Level/i am tired/tired (3).MP4,tired (3).MP4,i am tired,i am tired,i_am_tired,class_043,I TIRED,,.mp4,13.913401,102,25.0,4.08,1920,1080
data/raw/archive/ISL_CSLRT_Corpus/ISL_CSLRT_Corpus/Videos_Sentence_Level/i am tired/tired (4).MP4,Videos_Sentence_Level/i am tired/tired (4).MP4,tired (4).MP4,i am tired,i am tired,i_am_tired,class_043,I TIRED,,.mp4,10.431684,74,25.0,2.96,1920,1080
data/raw/archive/ISL_CSLRT_Corpus/ISL_CSLRT_Corpus/Videos_Sentence_Level/i am tired/tired (5).MP4,Videos_Sentence_Level/i am tired/tired (5).MP4,tired (5).MP4,i am tired,i am tired,i_am_tired,class_043,I TIRED,,.mp4,15.948125,116,25.0,4.64,1920,1080
data/raw/archive/ISL_CSLRT_Corpus/ISL_CSLRT_Corpus/Videos_Sentence_Level/i am tired/tired.MP4,Videos_Sentence_Level/i am tired/tired.MP4,tired.MP4,i am tired,i am tired,i_am_tired,class_043,I TIRED,,.mp4,14.614718,105,25.0,4.2,1920,1080
data/raw/archive/ISL_CSLRT_Corpus/ISL_CSLRT_Corpus/Videos_Sentence_Level/i am very happy/i am very happy (2).mp4,Videos_Sentence_Level/i am very happy/i am very happy (2).mp4,i am very happy (2).mp4,i am very happy,i am very happy,i_am_very_happy,class_044,I VERY HAPPY,,.mp4,0.109129,50,25.0,2.0,240,320
data/raw/archive/ISL_CSLRT_Corpus/ISL_CSLRT_Corpus/Videos_Sentence_Level/i am very happy/i am very happy.mp4,Videos_Sentence_Level/i am very happy/i am very happy.mp4,i am very happy.mp4,i am very happy,i am very happy,i_am_very_happy,class_044,I VERY HAPPY,,.mp4,0.937819,75,25.0,3.0,240,320
data/raw/archive/ISL_CSLRT_Corpus/ISL_CSLRT_Corpus/Videos_Sentence_Level/i am very happy/very happy (2).MP4,Videos_Sentence_Level/i am very happy/very happy (2).MP4,very happy (2).MP4,i am very happy,i am very happy,i_am_very_happy,class_044,I VERY HAPPY,,.mp4,11.880666,87,25.0,3.48,1920,1080
data/raw/archive/ISL_CSLRT_Corpus/ISL_CSLRT_Corpus/Videos_Sentence_Level/i am very happy/very happy (3).MP4,Videos_Sentence_Level/i am very happy/very happy (3).MP4,very happy (3).MP4,i am very happy,i am very happy,i_am_very_happy,class_044,I VERY HAPPY,,.mp4,10.344663,74,25.0,2.96,1920,1080
data/raw/archive/ISL_CSLRT_Corpus/ISL_CSLRT_Corpus/Videos_Sentence_Level/i am very happy/very happy (4).MP4,Videos_Sentence_Level/i am very happy/very happy (4).MP4,very happy (4).MP4,i am very happy,i am very happy,i_am_very_happy,class_044,I VERY HAPPY,,.mp4,15.341264,110,25.0,4.4,1920,1080
data/raw/archive/ISL_CSLRT_Corpus/ISL_CSLRT_Corpus/Videos_Sentence_Level/i am very happy/very happy.MP4,Videos_Sentence_Level/i am very happy/very happy.MP4,very happy.MP4,i am very happy,i am very happy,i_am_very_happy,class_044,I VERY HAPPY,,.mp4,12.553268,89,25.0,3.56,1920,1080
data/raw/archive/ISL_CSLRT_Corpus/ISL_CSLRT_Corpus/Videos_Sentence_Level/i can not help you there/i can not help you there (2).mp4,Videos_Sentence_Level/i can not help you there/i can not help you there (2).mp4,i can not help you there (2).mp4,i can not help you there,i can not help you there,i_can_not_help_you_there,class_045,I NOT HELP YOU THERE,,.mp4,0.114029,50,25.0,2.0,240,320
data/raw/archive/ISL_CSLRT_Corpus/ISL_CSLRT_Corpus/Videos_Sentence_Level/i can not help you there/i can not help you there.mp4,Videos_Sentence_Level/i can not help you there/i can not help you there.mp4,i can not help you there.mp4,i can not help you there,i can not help you there,i_can_not_help_you_there,class_045,I NOT HELP YOU THERE,,.mp4,1.269865,100,25.0,4.0,240,320
data/raw/archive/ISL_CSLRT_Corpus/ISL_CSLRT_Corpus/Videos_Sentence_Level/i can not help you there/MVI_6109.MP4,Videos_Sentence_Level/i can not help you there/MVI_6109.MP4,MVI_6109.MP4,i can not help you there,i can not help you there,i_can_not_help_you_there,class_045,I NOT HELP YOU THERE,,.mp4,17.296404,128,25.0,5.12,1920,1080
data/raw/archive/ISL_CSLRT_Corpus/ISL_CSLRT_Corpus/Videos_Sentence_Level/i can not help you there/MVI_6399.MP4,Videos_Sentence_Level/i can not help you there/MVI_6399.MP4,MVI_6399.MP4,i can not help you there,i can not help you there,i_can_not_help_you_there,class_045,I NOT HELP YOU THERE,,.mp4,15.228692,109,25.0,4.36,1920,1080
data/raw/archive/ISL_CSLRT_Corpus/ISL_CSLRT_Corpus/Videos_Sentence_Level/i can not help you there/MVI_6545.MP4,Videos_Sentence_Level/i can not help you there/MVI_6545.MP4,MVI_6545.MP4,i can not help you there,i can not help you there,i_can_not_help_you_there,class_045,I NOT HELP YOU THERE,,.mp4,12.829825,94,25.0,3.76,1920,1080
data/raw/archive/ISL_CSLRT_Corpus/ISL_CSLRT_Corpus/Videos_Sentence_Level/i can not help you there/MVI_6725.MP4,Videos_Sentence_Level/i can not help you there/MVI_6725.MP4,MVI_6725.MP4,i can not help you there,i can not help you there,i_can_not_help_you_there,class_045,I NOT HELP YOU THERE,,.mp4,13.807222,101,25.0,4.04,1920,1080
data/raw/archive/ISL_CSLRT_Corpus/ISL_CSLRT_Corpus/Videos_Sentence_Level/i can not help you there/MVI_6854.MP4,Videos_Sentence_Level/i can not help you there/MVI_6854.MP4,MVI_6854.MP4,i can not help you there,i can not help you there,i_can_not_help_you_there,class_045,I NOT HELP YOU THERE,,.mp4,12.101644,86,25.0,3.44,1920,1080
data/raw/archive/ISL_CSLRT_Corpus/ISL_CSLRT_Corpus/Videos_Sentence_Level/i do not agree/agree (2).MP4,Videos_Sentence_Level/i do not agree/agree (2).MP4,agree (2).MP4,i do not agree,i do not agree,i_do_not_agree,class_046,I DONOT AGREE,,.mp4,13.866343,102,25.0,4.08,1920,1080
data/raw/archive/ISL_CSLRT_Corpus/ISL_CSLRT_Corpus/Videos_Sentence_Level/i do not agree/agree (3).MP4,Videos_Sentence_Level/i do not agree/agree (3).MP4,agree (3).MP4,i do not agree,i do not agree,i_do_not_agree,class_046,I DONOT AGREE,,.mp4,14.976975,110,25.0,4.4,1920,1080
data/raw/archive/ISL_CSLRT_Corpus/ISL_CSLRT_Corpus/Videos_Sentence_Level/i do not agree/agree (4).MP4,Videos_Sentence_Level/i do not agree/agree (4).MP4,agree (4).MP4,i do not agree,i do not agree,i_do_not_agree,class_046,I DONOT AGREE,,.mp4,15.305871,110,25.0,4.4,1920,1080
data/raw/archive/ISL_CSLRT_Corpus/ISL_CSLRT_Corpus/Videos_Sentence_Level/i do not agree/agree (5).MP4,Videos_Sentence_Level/i do not agree/agree (5).MP4,agree (5).MP4,i do not agree,i do not agree,i_do_not_agree,class_046,I DONOT AGREE,,.mp4,17.653903,130,25.0,5.2,1920,1080
data/raw/archive/ISL_CSLRT_Corpus/ISL_CSLRT_Corpus/Videos_Sentence_Level/i do not agree/agree.MP4,Videos_Sentence_Level/i do not agree/agree.MP4,agree.MP4,i do not agree,i do not agree,i_do_not_agree,class_046,I DONOT AGREE,,.mp4,14.014256,100,25.0,4.0,1920,1080
data/raw/archive/ISL_CSLRT_Corpus/ISL_CSLRT_Corpus/Videos_Sentence_Level/i do not agree/i do not agree (2).mp4,Videos_Sentence_Level/i do not agree/i do not agree (2).mp4,i do not agree (2).mp4,i do not agree,i do not agree,i_do_not_agree,class_046,I DONOT AGREE,,.mp4,0.117107,50,25.0,2.0,240,320
data/raw/archive/ISL_CSLRT_Corpus/ISL_CSLRT_Corpus/Videos_Sentence_Level/i do not agree/i do not agree.mp4,Videos_Sentence_Level/i do not agree/i do not agree.mp4,i do not agree.mp4,i do not agree,i do not agree,i_do_not_agree,class_046,I DONOT AGREE,,.mp4,0.914885,75,25.0,3.0,240,320
data/raw/archive/ISL_CSLRT_Corpus/ISL_CSLRT_Corpus/Videos_Sentence_Level/i do not like it/hate (2).MP4,Videos_Sentence_Level/i do not like it/hate (2).MP4,hate (2).MP4,i do not like it,i do not like it,i_do_not_like_it,class_047,I DO NOT LIKE IT,,.mp4,12.21561,88,25.0,3.52,1920,1080
data/raw/archive/ISL_CSLRT_Corpus/ISL_CSLRT_Corpus/Videos_Sentence_Level/i do not like it/hate (3).MP4,Videos_Sentence_Level/i do not like it/hate (3).MP4,hate (3).MP4,i do not like it,i do not like it,i_do_not_like_it,class_047,I DO NOT LIKE IT,,.mp4,14.212794,104,25.0,4.16,1920,1080
data/raw/archive/ISL_CSLRT_Corpus/ISL_CSLRT_Corpus/Videos_Sentence_Level/i do not like it/hate (4).MP4,Videos_Sentence_Level/i do not like it/hate (4).MP4,hate (4).MP4,i do not like it,i do not like it,i_do_not_like_it,class_047,I DO NOT LIKE IT,,.mp4,15.381191,109,25.0,4.36,1920,1080
data/raw/archive/ISL_CSLRT_Corpus/ISL_CSLRT_Corpus/Videos_Sentence_Level/i do not like it/hate it.MP4,Videos_Sentence_Level/i do not like it/hate it.MP4,hate it.MP4,i do not like it,i do not like it,i_do_not_like_it,class_047,I DO NOT LIKE IT,,.mp4,14.311134,105,25.0,4.2,1920,1080
data/raw/archive/ISL_CSLRT_Corpus/ISL_CSLRT_Corpus/Videos_Sentence_Level/i do not like it/hate.MP4,Videos_Sentence_Level/i do not like it/hate.MP4,hate.MP4,i do not like it,i do not like it,i_do_not_like_it,class_047,I DO NOT LIKE IT,,.mp4,15.247704,110,25.0,4.4,1920,1080
data/raw/archive/ISL_CSLRT_Corpus/ISL_CSLRT_Corpus/Videos_Sentence_Level/i do not like it/i do not like it (2).mp4,Videos_Sentence_Level/i do not like it/i do not like it (2).mp4,i do not like it (2).mp4,i do not like it,i do not like it,i_do_not_like_it,class_047,I DO NOT LIKE IT,,.mp4,9.288323,4500,25.0,180.0,240,320
data/raw/archive/ISL_CSLRT_Corpus/ISL_CSLRT_Corpus/Videos_Sentence_Level/i do not like it/i do not like it.mp4,Videos_Sentence_Level/i do not like it/i do not like it.mp4,i do not like it.mp4,i do not like it,i do not like it,i_do_not_like_it,class_047,I DO NOT LIKE IT,,.mp4,1.305771,100,25.0,4.0,240,320
data/raw/archive/ISL_CSLRT_Corpus/ISL_CSLRT_Corpus/Videos_Sentence_Level/i do not mean it/i do not mean it (3).mp4,Videos_Sentence_Level/i do not mean it/i do not mean it (3).mp4,i do not mean it (3).mp4,i do not mean it,i do not mean it,i_do_not_mean_it,class_048,I DO NOT MEAN IT,,.mp4,0.168729,75,25.0,3.0,240,320
data/raw/archive/ISL_CSLRT_Corpus/ISL_CSLRT_Corpus/Videos_Sentence_Level/i do not mean it/i do not mean it.mp4,Videos_Sentence_Level/i do not mean it/i do not mean it.mp4,i do not mean it.mp4,i do not mean it,i do not mean it,i_do_not_mean_it,class_048,I DO NOT MEAN IT,,.mp4,1.275246,100,25.0,4.0,240,320
data/raw/archive/ISL_CSLRT_Corpus/ISL_CSLRT_Corpus/Videos_Sentence_Level/i do not mean it/mean (2).MP4,Videos_Sentence_Level/i do not mean it/mean (2).MP4,mean (2).MP4,i do not mean it,i do not mean it,i_do_not_mean_it,class_048,I DO NOT MEAN IT,,.mp4,20.225573,149,25.0,5.96,1920,1080
data/raw/archive/ISL_CSLRT_Corpus/ISL_CSLRT_Corpus/Videos_Sentence_Level/i do not mean it/mean (3).MP4,Videos_Sentence_Level/i do not mean it/mean (3).MP4,mean (3).MP4,i do not mean it,i do not mean it,i_do_not_mean_it,class_048,I DO NOT MEAN IT,,.mp4,17.30452,125,25.0,5.0,1920,1080
data/raw/archive/ISL_CSLRT_Corpus/ISL_CSLRT_Corpus/Videos_Sentence_Level/i do not mean it/mean (4).MP4,Videos_Sentence_Level/i do not mean it/mean (4).MP4,mean (4).MP4,i do not mean it,i do not mean it,i_do_not_mean_it,class_048,I DO NOT MEAN IT,,.mp4,15.009975,107,25.0,4.28,1920,1080
data/raw/archive/ISL_CSLRT_Corpus/ISL_CSLRT_Corpus/Videos_Sentence_Level/i do not mean it/mean (5).MP4,Videos_Sentence_Level/i do not mean it/mean (5).MP4,mean (5).MP4,i do not mean it,i do not mean it,i_do_not_mean_it,class_048,I DO NOT MEAN IT,,.mp4,23.562842,173,25.0,6.92,1920,1080
data/raw/archive/ISL_CSLRT_Corpus/ISL_CSLRT_Corpus/Videos_Sentence_Level/i do not mean it/mean.MP4,Videos_Sentence_Level/i do not mean it/mean.MP4,mean.MP4,i do not mean it,i do not mean it,i_do_not_mean_it,class_048,I DO NOT MEAN IT,,.mp4,14.613421,105,25.0,4.2,1920,1080
data/raw/archive/ISL_CSLRT_Corpus/ISL_CSLRT_Corpus/Videos_Sentence_Level/i dont agree/MVI_6494.MP4,Videos_Sentence_Level/i dont agree/MVI_6494.MP4,MVI_6494.MP4,i dont agree,i dont agree,i_dont_agree,class_049,I DONT AGREE,,.mp4,14.014256,100,25.0,4.0,1920,1080
data/raw/archive/ISL_CSLRT_Corpus/ISL_CSLRT_Corpus/Videos_Sentence_Level/i enjoyed a lot/enjoy (2).MP4,Videos_Sentence_Level/i enjoyed a lot/enjoy (2).MP4,enjoy (2).MP4,i enjoyed a lot,i enjoyed a lot,i_enjoyed_a_lot,class_050,I ENJOYED A LOT,,.mp4,11.690564,83,25.0,3.32,1920,1080
data/raw/archive/ISL_CSLRT_Corpus/ISL_CSLRT_Corpus/Videos_Sentence_Level/i enjoyed a lot/enjoy.MP4,Videos_Sentence_Level/i enjoyed a lot/enjoy.MP4,enjoy.MP4,i enjoyed a lot,i enjoyed a lot,i_enjoyed_a_lot,class_050,I ENJOYED A LOT,,.mp4,9.960099,71,25.0,2.84,1920,1080
data/raw/archive/ISL_CSLRT_Corpus/ISL_CSLRT_Corpus/Videos_Sentence_Level/i enjoyed a lot/enjoyed (2).MP4,Videos_Sentence_Level/i enjoyed a lot/enjoyed (2).MP4,enjoyed (2).MP4,i enjoyed a lot,i enjoyed a lot,i_enjoyed_a_lot,class_050,I ENJOYED A LOT,,.mp4,13.026702,96,25.0,3.84,1920,1080
data/raw/archive/ISL_CSLRT_Corpus/ISL_CSLRT_Corpus/Videos_Sentence_Level/i enjoyed a lot/enjoyed (3).MP4,Videos_Sentence_Level/i enjoyed a lot/enjoyed (3).MP4,enjoyed (3).MP4,i enjoyed a lot,i enjoyed a lot,i_enjoyed_a_lot,class_050,I ENJOYED A LOT,,.mp4,15.219478,112,25.0,4.48,1920,1080
data/raw/archive/ISL_CSLRT_Corpus/ISL_CSLRT_Corpus/Videos_Sentence_Level/i enjoyed a lot/enjoyed (4).MP4,Videos_Sentence_Level/i enjoyed a lot/enjoyed (4).MP4,enjoyed (4).MP4,i enjoyed a lot,i enjoyed a lot,i_enjoyed_a_lot,class_050,I ENJOYED A LOT,,.mp4,13.755002,99,25.0,3.96,1920,1080
data/raw/archive/ISL_CSLRT_Corpus/ISL_CSLRT_Corpus/Videos_Sentence_Level/i enjoyed a lot/enjoyed.MP4,Videos_Sentence_Level/i enjoyed a lot/enjoyed.MP4,enjoyed.MP4,i enjoyed a lot,i enjoyed a lot,i_enjoyed_a_lot,class_050,I ENJOYED A LOT,,.mp4,13.091477,94,25.0,3.76,1920,1080
data/raw/archive/ISL_CSLRT_Corpus/ISL_CSLRT_Corpus/Videos_Sentence_Level/i enjoyed a lot/i enjoyed a lot (2).mp4,Videos_Sentence_Level/i enjoyed a lot/i enjoyed a lot (2).mp4,i enjoyed a lot (2).mp4,i enjoyed a lot,i enjoyed a lot,i_enjoyed_a_lot,class_050,I ENJOYED A LOT,,.mp4,0.117265,50,25.0,2.0,240,320
data/raw/archive/ISL_CSLRT_Corpus/ISL_CSLRT_Corpus/Videos_Sentence_Level/i enjoyed a lot/i enjoyed a lot.mp4,Videos_Sentence_Level/i enjoyed a lot/i enjoyed a lot.mp4,i enjoyed a lot.mp4,i enjoyed a lot,i enjoyed a lot,i_enjoyed_a_lot,class_050,I ENJOYED A LOT,,.mp4,0.934217,75,25.0,3.0,240,320
data/raw/archive/ISL_CSLRT_Corpus/ISL_CSLRT_Corpus/Videos_Sentence_Level/i got hurt/got hurt (2).MP4,Videos_Sentence_Level/i got hurt/got hurt (2).MP4,got hurt (2).MP4,i got hurt,i got hurt,i_got_hurt,class_051,I GOT HURT,,.mp4,13.004066,95,25.0,3.8,1920,1080
data/raw/archive/ISL_CSLRT_Corpus/ISL_CSLRT_Corpus/Videos_Sentence_Level/i got hurt/got hurt (3).MP4,Videos_Sentence_Level/i got hurt/got hurt (3).MP4,got hurt (3).MP4,i got hurt,i got hurt,i_got_hurt,class_051,I GOT HURT,,.mp4,14.05351,106,25.0,4.24,1920,1080
data/raw/archive/ISL_CSLRT_Corpus/ISL_CSLRT_Corpus/Videos_Sentence_Level/i got hurt/got hurt (4).MP4,Videos_Sentence_Level/i got hurt/got hurt (4).MP4,got hurt (4).MP4,i got hurt,i got hurt,i_got_hurt,class_051,I GOT HURT,,.mp4,13.076803,95,25.0,3.8,1920,1080
data/raw/archive/ISL_CSLRT_Corpus/ISL_CSLRT_Corpus/Videos_Sentence_Level/i got hurt/got hurt (5).MP4,Videos_Sentence_Level/i got hurt/got hurt (5).MP4,got hurt (5).MP4,i got hurt,i got hurt,i_got_hurt,class_051,I GOT HURT,,.mp4,15.943717,120,25.0,4.8,1920,1080
data/raw/archive/ISL_CSLRT_Corpus/ISL_CSLRT_Corpus/Videos_Sentence_Level/i got hurt/got hurt.MP4,Videos_Sentence_Level/i got hurt/got hurt.MP4,got hurt.MP4,i got hurt,i got hurt,i_got_hurt,class_051,I GOT HURT,,.mp4,13.525297,97,25.0,3.88,1920,1080
data/raw/archive/ISL_CSLRT_Corpus/ISL_CSLRT_Corpus/Videos_Sentence_Level/i got hurt/i got hurt (2).mp4,Videos_Sentence_Level/i got hurt/i got hurt (2).mp4,i got hurt (2).mp4,i got hurt,i got hurt,i_got_hurt,class_051,I GOT HURT,,.mp4,0.939198,75,25.0,3.0,240,320
data/raw/archive/ISL_CSLRT_Corpus/ISL_CSLRT_Corpus/Videos_Sentence_Level/i got hurt/i got hurt.mp4,Videos_Sentence_Level/i got hurt/i got hurt.mp4,i got hurt.mp4,i got hurt,i got hurt,i_got_hurt,class_051,I GOT HURT,,.mp4,0.106873,50,25.0,2.0,240,320
data/raw/archive/ISL_CSLRT_Corpus/ISL_CSLRT_Corpus/Videos_Sentence_Level/i like you i love you/i love you (2).mp4,Videos_Sentence_Level/i like you i love you/i love you (2).mp4,i love you (2).mp4,i like you i love you,i like you i love you,i_like_you_i_love_you,class_052,I LIKE YOU I LOVE YOU,,.mp4,0.149684,75,25.0,3.0,240,320
data/raw/archive/ISL_CSLRT_Corpus/ISL_CSLRT_Corpus/Videos_Sentence_Level/i like you i love you/i love you.mp4,Videos_Sentence_Level/i like you i love you/i love you.mp4,i love you.mp4,i like you i love you,i like you i love you,i_like_you_i_love_you,class_052,I LIKE YOU I LOVE YOU,,.mp4,0.915441,75,25.0,3.0,240,320
data/raw/archive/ISL_CSLRT_Corpus/ISL_CSLRT_Corpus/Videos_Sentence_Level/i like you i love you/love.MP4,Videos_Sentence_Level/i like you i love you/love.MP4,love.MP4,i like you i love you,i like you i love you,i_like_you_i_love_you,class_052,I LIKE YOU I LOVE YOU,,.mp4,13.099132,97,25.0,3.88,1920,1080
data/raw/archive/ISL_CSLRT_Corpus/ISL_CSLRT_Corpus/Videos_Sentence_Level/i like you i love you/MVI_6207.MP4,Videos_Sentence_Level/i like you i love you/MVI_6207.MP4,MVI_6207.MP4,i like you i love you,i like you i love you,i_like_you_i_love_you,class_052,I LIKE YOU I LOVE YOU,,.mp4,10.694395,76,25.0,3.04,1920,1080
data/raw/archive/ISL_CSLRT_Corpus/ISL_CSLRT_Corpus/Videos_Sentence_Level/i like you i love you/MVI_6505.MP4,Videos_Sentence_Level/i like you i love you/MVI_6505.MP4,MVI_6505.MP4,i like you i love you,i like you i love you,i_like_you_i_love_you,class_052,I LIKE YOU I LOVE YOU,,.mp4,10.71873,76,25.0,3.04,1920,1080
data/raw/archive/ISL_CSLRT_Corpus/ISL_CSLRT_Corpus/Videos_Sentence_Level/i like you i love you/MVI_6682.MP4,Videos_Sentence_Level/i like you i love you/MVI_6682.MP4,MVI_6682.MP4,i like you i love you,i like you i love you,i_like_you_i_love_you,class_052,I LIKE YOU I LOVE YOU,,.mp4,10.855767,79,25.0,3.16,1920,1080
data/raw/archive/ISL_CSLRT_Corpus/ISL_CSLRT_Corpus/Videos_Sentence_Level/i like you i love you/MVI_6814.MP4,Videos_Sentence_Level/i like you i love you/MVI_6814.MP4,MVI_6814.MP4,i like you i love you,i like you i love you,i_like_you_i_love_you,class_052,I LIKE YOU I LOVE YOU,,.mp4,13.099132,97,25.0,3.88,1920,1080
data/raw/archive/ISL_CSLRT_Corpus/ISL_CSLRT_Corpus/Videos_Sentence_Level/i like you i love you/MVI_6956.MP4,Videos_Sentence_Level/i like you i love you/MVI_6956.MP4,MVI_6956.MP4,i like you i love you,i like you i love you,i_like_you_i_love_you,class_052,I LIKE YOU I LOVE YOU,,.mp4,10.647146,77,25.0,3.08,1920,1080
data/raw/archive/ISL_CSLRT_Corpus/ISL_CSLRT_Corpus/Videos_Sentence_Level/i need water/i need water 1.mp4,Videos_Sentence_Level/i need water/i need water 1.mp4,i need water 1.mp4,i need water,i need water,i_need_water,class_053,I NEED WATER,,.mp4,0.944543,75,25.0,3.0,240,320
data/raw/archive/ISL_CSLRT_Corpus/ISL_CSLRT_Corpus/Videos_Sentence_Level/i need water/i need water 2.mp4,Videos_Sentence_Level/i need water/i need water 2.mp4,i need water 2.mp4,i need water,i need water,i_need_water,class_053,I NEED WATER,,.mp4,0.170551,75,25.0,3.0,240,320
data/raw/archive/ISL_CSLRT_Corpus/ISL_CSLRT_Corpus/Videos_Sentence_Level/i need water/i need water 3.MP4,Videos_Sentence_Level/i need water/i need water 3.MP4,i need water 3.MP4,i need water,i need water,i_need_water,class_053,I NEED WATER,,.mp4,17.302028,125,25.0,5.0,1920,1080
data/raw/archive/ISL_CSLRT_Corpus/ISL_CSLRT_Corpus/Videos_Sentence_Level/i need water/i need water 4.MP4,Videos_Sentence_Level/i need water/i need water 4.MP4,i need water 4.MP4,i need water,i need water,i_need_water,class_053,I NEED WATER,,.mp4,13.749005,98,25.0,3.92,1920,1080
data/raw/archive/ISL_CSLRT_Corpus/ISL_CSLRT_Corpus/Videos_Sentence_Level/i need water/i need water 5.MP4,Videos_Sentence_Level/i need water/i need water 5.MP4,i need water 5.MP4,i need water,i need water,i_need_water,class_053,I NEED WATER,,.mp4,14.205548,106,25.0,4.24,1920,1080
data/raw/archive/ISL_CSLRT_Corpus/ISL_CSLRT_Corpus/Videos_Sentence_Level/i need water/i need water 6.MP4,Videos_Sentence_Level/i need water/i need water 6.MP4,i need water 6.MP4,i need water,i need water,i_need_water,class_053,I NEED WATER,,.mp4,17.970181,133,25.0,5.32,1920,1080
data/raw/archive/ISL_CSLRT_Corpus/ISL_CSLRT_Corpus/Videos_Sentence_Level/i need water/i need water 7.MP4,Videos_Sentence_Level/i need water/i need water 7.MP4,i need water 7.MP4,i need water,i need water,i_need_water,class_053,I NEED WATER,,.mp4,18.70526,131,25.0,5.24,1920,1080
data/raw/archive/ISL_CSLRT_Corpus/ISL_CSLRT_Corpus/Videos_Sentence_Level/i promise/i promise (2).mp4,Videos_Sentence_Level/i promise/i promise (2).mp4,i promise (2).mp4,i promise,i promise,i_promise,class_054,I PROMISE,,.mp4,0.105197,50,25.0,2.0,240,320
data/raw/archive/ISL_CSLRT_Corpus/ISL_CSLRT_Corpus/Videos_Sentence_Level/i promise/i promise.mp4,Videos_Sentence_Level/i promise/i promise.mp4,i promise.mp4,i promise,i promise,i_promise,class_054,I PROMISE,,.mp4,0.636881,50,25.0,2.0,240,320
data/raw/archive/ISL_CSLRT_Corpus/ISL_CSLRT_Corpus/Videos_Sentence_Level/i promise/promise (2).MP4,Videos_Sentence_Level/i promise/promise (2).MP4,promise (2).MP4,i promise,i promise,i_promise,class_054,I PROMISE,,.mp4,15.015272,109,25.0,4.36,1920,1080
data/raw/archive/ISL_CSLRT_Corpus/ISL_CSLRT_Corpus/Videos_Sentence_Level/i promise/promise (3).MP4,Videos_Sentence_Level/i promise/promise (3).MP4,promise (3).MP4,i promise,i promise,i_promise,class_054,I PROMISE,,.mp4,12.884653,94,25.0,3.76,1920,1080
data/raw/archive/ISL_CSLRT_Corpus/ISL_CSLRT_Corpus/Videos_Sentence_Level/i promise/promise (4).MP4,Videos_Sentence_Level/i promise/promise (4).MP4,promise (4).MP4,i promise,i promise,i_promise,class_054,I PROMISE,,.mp4,13.261383,95,25.0,3.8,1920,1080
data/raw/archive/ISL_CSLRT_Corpus/ISL_CSLRT_Corpus/Videos_Sentence_Level/i promise/promise (5).MP4,Videos_Sentence_Level/i promise/promise (5).MP4,promise (5).MP4,i promise,i promise,i_promise,class_054,I PROMISE,,.mp4,12.528524,91,25.0,3.64,1920,1080
data/raw/archive/ISL_CSLRT_Corpus/ISL_CSLRT_Corpus/Videos_Sentence_Level/i promise/promise.MP4,Videos_Sentence_Level/i promise/promise.MP4,promise.MP4,i promise,i promise,i_promise,class_054,I PROMISE,,.mp4,12.455646,88,25.0,3.52,1920,1080
data/raw/archive/ISL_CSLRT_Corpus/ISL_CSLRT_Corpus/Videos_Sentence_Level/i really appreciate it/i really appreciate it (1).mp4,Videos_Sentence_Level/i really appreciate it/i really appreciate it (1).mp4,i really appreciate it (1).mp4,i really appreciate it,i really appreciate it,i_really_appreciate_it,class_055,I REALLY APPRECIATE IT,,.mp4,0.112392,50,25.0,2.0,240,320
data/raw/archive/ISL_CSLRT_Corpus/ISL_CSLRT_Corpus/Videos_Sentence_Level/i really appreciate it/i really appreciate it (2).mp4,Videos_Sentence_Level/i really appreciate it/i really appreciate it (2).mp4,i really appreciate it (2).mp4,i really appreciate it,i really appreciate it,i_really_appreciate_it,class_055,I REALLY APPRECIATE IT,,.mp4,0.947099,75,25.0,3.0,240,320
data/raw/archive/ISL_CSLRT_Corpus/ISL_CSLRT_Corpus/Videos_Sentence_Level/i really appreciate it/i really appreciate it (3).MP4,Videos_Sentence_Level/i really appreciate it/i really appreciate it (3).MP4,i really appreciate it (3).MP4,i really appreciate it,i really appreciate it,i_really_appreciate_it,class_055,I REALLY APPRECIATE IT,,.mp4,14.299788,105,25.0,4.2,1920,1080
data/raw/archive/ISL_CSLRT_Corpus/ISL_CSLRT_Corpus/Videos_Sentence_Level/i really appreciate it/i really appreciate it (4).MP4,Videos_Sentence_Level/i really appreciate it/i really appreciate it (4).MP4,i really appreciate it (4).MP4,i really appreciate it,i really appreciate it,i_really_appreciate_it,class_055,I REALLY APPRECIATE IT,,.mp4,16.287775,116,25.0,4.64,1920,1080
data/raw/archive/ISL_CSLRT_Corpus/ISL_CSLRT_Corpus/Videos_Sentence_Level/i really appreciate it/i really appreciate it (5).MP4,Videos_Sentence_Level/i really appreciate it/i really appreciate it (5).MP4,i really appreciate it (5).MP4,i really appreciate it,i really appreciate it,i_really_appreciate_it,class_055,I REALLY APPRECIATE IT,,.mp4,13.416264,99,25.0,3.96,1920,1080
data/raw/archive/ISL_CSLRT_Corpus/ISL_CSLRT_Corpus/Videos_Sentence_Level/i really appreciate it/i really appreciate it (6).MP4,Videos_Sentence_Level/i really appreciate it/i really appreciate it (6).MP4,i really appreciate it (6).MP4,i really appreciate it,i really appreciate it,i_really_appreciate_it,class_055,I REALLY APPRECIATE IT,,.mp4,12.419631,93,25.0,3.72,1920,1080
data/raw/archive/ISL_CSLRT_Corpus/ISL_CSLRT_Corpus/Videos_Sentence_Level/i really appreciate it/i really appreciate it (7).MP4,Videos_Sentence_Level/i really appreciate it/i really appreciate it (7).MP4,i really appreciate it (7).MP4,i really appreciate it,i really appreciate it,i_really_appreciate_it,class_055,I REALLY APPRECIATE IT,,.mp4,12.461604,90,25.0,3.6,1920,1080
data/raw/archive/ISL_CSLRT_Corpus/ISL_CSLRT_Corpus/Videos_Sentence_Level/i somehow got to know about it/i somehow got to know about it..mp4,Videos_Sentence_Level/i somehow got to know about it/i somehow got to know about it..mp4,i somehow got to know about it..mp4,i somehow got to know about it,i somehow got to know about it,i_somehow_got_to_know_about_it,class_056,I SOMEHOW GOT KNOW ABOUT IT,,.mp4,1.218794,99,25.0,3.96,240,320
data/raw/archive/ISL_CSLRT_Corpus/ISL_CSLRT_Corpus/Videos_Sentence_Level/i somehow got to know about it/i somehow got to know about it.mp4,Videos_Sentence_Level/i somehow got to know about it/i somehow got to know about it.mp4,i somehow got to know about it.mp4,i somehow got to know about it,i somehow got to know about it,i_somehow_got_to_know_about_it,class_056,I SOMEHOW GOT KNOW ABOUT IT,,.mp4,0.116119,50,25.0,2.0,240,320
data/raw/archive/ISL_CSLRT_Corpus/ISL_CSLRT_Corpus/Videos_Sentence_Level/i somehow got to know about it/somehow (2).MP4,Videos_Sentence_Level/i somehow got to know about it/somehow (2).MP4,somehow (2).MP4,i somehow got to know about it,i somehow got to know about it,i_somehow_got_to_know_about_it,class_056,I SOMEHOW GOT KNOW ABOUT IT,,.mp4,14.172957,104,25.0,4.16,1920,1080
data/raw/archive/ISL_CSLRT_Corpus/ISL_CSLRT_Corpus/Videos_Sentence_Level/i somehow got to know about it/somehow (3).MP4,Videos_Sentence_Level/i somehow got to know about it/somehow (3).MP4,somehow (3).MP4,i somehow got to know about it,i somehow got to know about it,i_somehow_got_to_know_about_it,class_056,I SOMEHOW GOT KNOW ABOUT IT,,.mp4,19.978911,149,25.0,5.96,1920,1080
data/raw/archive/ISL_CSLRT_Corpus/ISL_CSLRT_Corpus/Videos_Sentence_Level/i somehow got to know about it/somehow (4).MP4,Videos_Sentence_Level/i somehow got to know about it/somehow (4).MP4,somehow (4).MP4,i somehow got to know about it,i somehow got to know about it,i_somehow_got_to_know_about_it,class_056,I SOMEHOW GOT KNOW ABOUT IT,,.mp4,19.869185,146,25.0,5.84,1920,1080
data/raw/archive/ISL_CSLRT_Corpus/ISL_CSLRT_Corpus/Videos_Sentence_Level/i somehow got to know about it/somehow (5).MP4,Videos_Sentence_Level/i somehow got to know about it/somehow (5).MP4,somehow (5).MP4,i somehow got to know about it,i somehow got to know about it,i_somehow_got_to_know_about_it,class_056,I SOMEHOW GOT KNOW ABOUT IT,,.mp4,16.841879,122,25.0,4.88,1920,1080
data/raw/archive/ISL_CSLRT_Corpus/ISL_CSLRT_Corpus/Videos_Sentence_Level/i somehow got to know about it/somehow.MP4,Videos_Sentence_Level/i somehow got to know about it/somehow.MP4,somehow.MP4,i somehow got to know about it,i somehow got to know about it,i_somehow_got_to_know_about_it,class_056,I SOMEHOW GOT KNOW ABOUT IT,,.mp4,16.073848,116,25.0,4.64,1920,1080
data/raw/archive/ISL_CSLRT_Corpus/ISL_CSLRT_Corpus/Videos_Sentence_Level/i was stopped by some one/i was stopped by someone (2).mp4,Videos_Sentence_Level/i was stopped by some one/i was stopped by someone (2).mp4,i was stopped by someone (2).mp4,i was stopped by some one,i was stopped by some one,i_was_stopped_by_some_one,class_057,I STOPPED BY SOMEONE,,.mp4,0.237605,125,25.0,5.0,240,320
data/raw/archive/ISL_CSLRT_Corpus/ISL_CSLRT_Corpus/Videos_Sentence_Level/i was stopped by some one/i was stopped by someone.mp4,Videos_Sentence_Level/i was stopped by some one/i was stopped by someone.mp4,i was stopped by someone.mp4,i was stopped by some one,i was stopped by some one,i_was_stopped_by_some_one,class_057,I STOPPED BY SOMEONE,,.mp4,0.936962,75,25.0,3.0,240,320
data/raw/archive/ISL_CSLRT_Corpus/ISL_CSLRT_Corpus/Videos_Sentence_Level/i was stopped by some one/MVI_6504.MP4,Videos_Sentence_Level/i was stopped by some one/MVI_6504.MP4,MVI_6504.MP4,i was stopped by some one,i was stopped by some one,i_was_stopped_by_some_one,class_057,I STOPPED BY SOMEONE,,.mp4,16.872461,121,25.0,4.84,1920,1080
data/raw/archive/ISL_CSLRT_Corpus/ISL_CSLRT_Corpus/Videos_Sentence_Level/i was stopped by some one/MVI_6955.MP4,Videos_Sentence_Level/i was stopped by some one/MVI_6955.MP4,MVI_6955.MP4,i was stopped by some one,i was stopped by some one,i_was_stopped_by_some_one,class_057,I STOPPED BY SOMEONE,,.mp4,16.015432,116,25.0,4.64,1920,1080
data/raw/archive/ISL_CSLRT_Corpus/ISL_CSLRT_Corpus/Videos_Sentence_Level/i was stopped by some one/stopped (2).MP4,Videos_Sentence_Level/i was stopped by some one/stopped (2).MP4,stopped (2).MP4,i was stopped by some one,i was stopped by some one,i_was_stopped_by_some_one,class_057,I STOPPED BY SOMEONE,,.mp4,17.152115,129,25.0,5.16,1920,1080
data/raw/archive/ISL_CSLRT_Corpus/ISL_CSLRT_Corpus/Videos_Sentence_Level/i was stopped by some one/stopped (3).MP4,Videos_Sentence_Level/i was stopped by some one/stopped (3).MP4,stopped (3).MP4,i was stopped by some one,i was stopped by some one,i_was_stopped_by_some_one,class_057,I STOPPED BY SOMEONE,,.mp4,14.567821,104,25.0,4.16,1920,1080
data/raw/archive/ISL_CSLRT_Corpus/ISL_CSLRT_Corpus/Videos_Sentence_Level/i was stopped by some one/stopped.MP4,Videos_Sentence_Level/i was stopped by some one/stopped.MP4,stopped.MP4,i was stopped by some one,i was stopped by some one,i_was_stopped_by_some_one,class_057,I STOPPED BY SOMEONE,,.mp4,16.044634,118,25.0,4.72,1920,1080
data/raw/archive/ISL_CSLRT_Corpus/ISL_CSLRT_Corpus/Videos_Sentence_Level/it does not make any difference to me/difference (2).MP4,Videos_Sentence_Level/it does not make any difference to me/difference (2).MP4,difference (2).MP4,it does not make any difference to me,it does not make any difference to me,it_does_not_make_any_difference_to_me,class_058,IT DO NOT MAKE ANY DIFFERENCE TO ME,,.mp4,21.29059,155,25.0,6.2,1920,1080
data/raw/archive/ISL_CSLRT_Corpus/ISL_CSLRT_Corpus/Videos_Sentence_Level/it does not make any difference to me/difference (3).MP4,Videos_Sentence_Level/it does not make any difference to me/difference (3).MP4,difference (3).MP4,it does not make any difference to me,it does not make any difference to me,it_does_not_make_any_difference_to_me,class_058,IT DO NOT MAKE ANY DIFFERENCE TO ME,,.mp4,16.389085,121,25.0,4.84,1920,1080
data/raw/archive/ISL_CSLRT_Corpus/ISL_CSLRT_Corpus/Videos_Sentence_Level/it does not make any difference to me/difference (4).MP4,Videos_Sentence_Level/it does not make any difference to me/difference (4).MP4,difference (4).MP4,it does not make any difference to me,it does not make any difference to me,it_does_not_make_any_difference_to_me,class_058,IT DO NOT MAKE ANY DIFFERENCE TO ME,,.mp4,16.729132,121,25.0,4.84,1920,1080
data/raw/archive/ISL_CSLRT_Corpus/ISL_CSLRT_Corpus/Videos_Sentence_Level/it does not make any difference to me/difference (5).MP4,Videos_Sentence_Level/it does not make any difference to me/difference (5).MP4,difference (5).MP4,it does not make any difference to me,it does not make any difference to me,it_does_not_make_any_difference_to_me,class_058,IT DO NOT MAKE ANY DIFFERENCE TO ME,,.mp4,16.936731,126,25.0,5.04,1920,1080
data/raw/archive/ISL_CSLRT_Corpus/ISL_CSLRT_Corpus/Videos_Sentence_Level/it does not make any difference to me/difference.MP4,Videos_Sentence_Level/it does not make any difference to me/difference.MP4,difference.MP4,it does not make any difference to me,it does not make any difference to me,it_does_not_make_any_difference_to_me,class_058,IT DO NOT MAKE ANY DIFFERENCE TO ME,,.mp4,15.497146,109,25.0,4.36,1920,1080
data/raw/archive/ISL_CSLRT_Corpus/ISL_CSLRT_Corpus/Videos_Sentence_Level/it does not make any difference to me/it does not make any difference to me (2).mp4,Videos_Sentence_Level/it does not make any difference to me/it does not make any difference to me (2).mp4,it does not make any difference to me (2).mp4,it does not make any difference to me,it does not make any difference to me,it_does_not_make_any_difference_to_me,class_058,IT DO NOT MAKE ANY DIFFERENCE TO ME,,.mp4,0.929711,75,25.0,3.0,240,320
data/raw/archive/ISL_CSLRT_Corpus/ISL_CSLRT_Corpus/Videos_Sentence_Level/it does not make any difference to me/it does not make any difference to me.mp4,Videos_Sentence_Level/it does not make any difference to me/it does not make any difference to me.mp4,it does not make any difference to me.mp4,it does not make any difference to me,it does not make any difference to me,it_does_not_make_any_difference_to_me,class_058,IT DO NOT MAKE ANY DIFFERENCE TO ME,,.mp4,0.113302,50,25.0,2.0,240,320
data/raw/archive/ISL_CSLRT_Corpus/ISL_CSLRT_Corpus/Videos_Sentence_Level/it was nice chatting with you/it was nice chatting with you (2).mp4,Videos_Sentence_Level/it was nice chatting with you/it was nice chatting with you (2).mp4,it was nice chatting with you (2).mp4,it was nice chatting with you,it was nice chatting with you,it_was_nice_chatting_with_you,class_059,IT NICE CHAT WITH YOU,,.mp4,1.270814,100,25.0,4.0,240,320
data/raw/archive/ISL_CSLRT_Corpus/ISL_CSLRT_Corpus/Videos_Sentence_Level/it was nice chatting with you/it was nice chatting with you.mp4,Videos_Sentence_Level/it was nice chatting with you/it was nice chatting with you.mp4,it was nice chatting with you.mp4,it was nice chatting with you,it was nice chatting with you,it_was_nice_chatting_with_you,class_059,IT NICE CHAT WITH YOU,,.mp4,0.160215,75,25.0,3.0,240,320
data/raw/archive/ISL_CSLRT_Corpus/ISL_CSLRT_Corpus/Videos_Sentence_Level/it was nice chatting with you/MVI_6107.MP4,Videos_Sentence_Level/it was nice chatting with you/MVI_6107.MP4,MVI_6107.MP4,it was nice chatting with you,it was nice chatting with you,it_was_nice_chatting_with_you,class_059,IT NICE CHAT WITH YOU,,.mp4,18.230762,135,25.0,5.4,1920,1080
data/raw/archive/ISL_CSLRT_Corpus/ISL_CSLRT_Corpus/Videos_Sentence_Level/it was nice chatting with you/MVI_6398.MP4,Videos_Sentence_Level/it was nice chatting with you/MVI_6398.MP4,MVI_6398.MP4,it was nice chatting with you,it was nice chatting with you,it_was_nice_chatting_with_you,class_059,IT NICE CHAT WITH YOU,,.mp4,18.175874,130,25.0,5.2,1920,1080
data/raw/archive/ISL_CSLRT_Corpus/ISL_CSLRT_Corpus/Videos_Sentence_Level/it was nice chatting with you/MVI_6542.MP4,Videos_Sentence_Level/it was nice chatting with you/MVI_6542.MP4,MVI_6542.MP4,it was nice chatting with you,it was nice chatting with you,it_was_nice_chatting_with_you,class_059,IT NICE CHAT WITH YOU,,.mp4,17.354228,126,25.0,5.04,1920,1080
data/raw/archive/ISL_CSLRT_Corpus/ISL_CSLRT_Corpus/Videos_Sentence_Level/it was nice chatting with you/MVI_6724.MP4,Videos_Sentence_Level/it was nice chatting with you/MVI_6724.MP4,MVI_6724.MP4,it was nice chatting with you,it was nice chatting with you,it_was_nice_chatting_with_you,class_059,IT NICE CHAT WITH YOU,,.mp4,17.255113,127,25.0,5.08,1920,1080
data/raw/archive/ISL_CSLRT_Corpus/ISL_CSLRT_Corpus/Videos_Sentence_Level/it was nice chatting with you/MVI_6853.MP4,Videos_Sentence_Level/it was nice chatting with you/MVI_6853.MP4,MVI_6853.MP4,it was nice chatting with you,it was nice chatting with you,it_was_nice_chatting_with_you,class_059,IT NICE CHAT WITH YOU,,.mp4,18.591949,134,25.0,5.36,1920,1080
data/raw/archive/ISL_CSLRT_Corpus/ISL_CSLRT_Corpus/Videos_Sentence_Level/let him take time/let him take time (2).mp4,Videos_Sentence_Level/let him take time/let him take time (2).mp4,let him take time (2).mp4,let him take time,let him take time,let_him_take_time,class_060,LET HIM TAKE TIME,,.mp4,0.173112,75,25.0,3.0,240,320
data/raw/archive/ISL_CSLRT_Corpus/ISL_CSLRT_Corpus/Videos_Sentence_Level/let him take time/let him take time.mp4,Videos_Sentence_Level/let him take time/let him take time.mp4,let him take time.mp4,let him take time,let him take time,let_him_take_time,class_060,LET HIM TAKE TIME,,.mp4,0.976597,75,25.0,3.0,240,320
data/raw/archive/ISL_CSLRT_Corpus/ISL_CSLRT_Corpus/Videos_Sentence_Level/let him take time/time (2).MP4,Videos_Sentence_Level/let him take time/time (2).MP4,time (2).MP4,let him take time,let him take time,let_him_take_time,class_060,LET HIM TAKE TIME,,.mp4,11.960978,86,25.0,3.44,1920,1080
data/raw/archive/ISL_CSLRT_Corpus/ISL_CSLRT_Corpus/Videos_Sentence_Level/let him take time/time (3).MP4,Videos_Sentence_Level/let him take time/time (3).MP4,time (3).MP4,let him take time,let him take time,let_him_take_time,class_060,LET HIM TAKE TIME,,.mp4,15.904508,117,25.0,4.68,1920,1080
data/raw/archive/ISL_CSLRT_Corpus/ISL_CSLRT_Corpus/Videos_Sentence_Level/let him take time/time (4).MP4,Videos_Sentence_Level/let him take time/time (4).MP4,time (4).MP4,let him take time,let him take time,let_him_take_time,class_060,LET HIM TAKE TIME,,.mp4,14.116803,101,25.0,4.04,1920,1080
data/raw/archive/ISL_CSLRT_Corpus/ISL_CSLRT_Corpus/Videos_Sentence_Level/let him take time/time (5).MP4,Videos_Sentence_Level/let him take time/time (5).MP4,time (5).MP4,let him take time,let him take time,let_him_take_time,class_060,LET HIM TAKE TIME,,.mp4,12.387261,90,25.0,3.6,1920,1080
data/raw/archive/ISL_CSLRT_Corpus/ISL_CSLRT_Corpus/Videos_Sentence_Level/let him take time/time.MP4,Videos_Sentence_Level/let him take time/time.MP4,time.MP4,let him take time,let him take time,let_him_take_time,class_060,LET HIM TAKE TIME,,.mp4,13.524965,95,25.0,3.8,1920,1080
data/raw/archive/ISL_CSLRT_Corpus/ISL_CSLRT_Corpus/Videos_Sentence_Level/my name is xxxxxxxx/my name is xxxxxxxx (1).MP4,Videos_Sentence_Level/my name is xxxxxxxx/my name is xxxxxxxx (1).MP4,my name is xxxxxxxx (1).MP4,my name is xxxxxxxx,my name is xxxxxxxx,my_name_is_xxxxxxxx,class_061,MY NAME XXXXXXXX,,.mp4,12.674173,86,25.0,3.44,1920,1080
data/raw/archive/ISL_CSLRT_Corpus/ISL_CSLRT_Corpus/Videos_Sentence_Level/my name is xxxxxxxx/my name is xxxxxxxx (2).MP4,Videos_Sentence_Level/my name is xxxxxxxx/my name is xxxxxxxx (2).MP4,my name is xxxxxxxx (2).MP4,my name is xxxxxxxx,my name is xxxxxxxx,my_name_is_xxxxxxxx,class_061,MY NAME XXXXXXXX,,.mp4,12.277987,88,25.0,3.52,1920,1080
data/raw/archive/ISL_CSLRT_Corpus/ISL_CSLRT_Corpus/Videos_Sentence_Level/my name is xxxxxxxx/my name is xxxxxxxx (3).MP4,Videos_Sentence_Level/my name is xxxxxxxx/my name is xxxxxxxx (3).MP4,my name is xxxxxxxx (3).MP4,my name is xxxxxxxx,my name is xxxxxxxx,my_name_is_xxxxxxxx,class_061,MY NAME XXXXXXXX,,.mp4,7.961312,56,25.0,2.24,1920,1080
data/raw/archive/ISL_CSLRT_Corpus/ISL_CSLRT_Corpus/Videos_Sentence_Level/my name is xxxxxxxx/my name is xxxxxxxx (4).MP4,Videos_Sentence_Level/my name is xxxxxxxx/my name is xxxxxxxx (4).MP4,my name is xxxxxxxx (4).MP4,my name is xxxxxxxx,my name is xxxxxxxx,my_name_is_xxxxxxxx,class_061,MY NAME XXXXXXXX,,.mp4,9.835909,71,25.0,2.84,1920,1080
data/raw/archive/ISL_CSLRT_Corpus/ISL_CSLRT_Corpus/Videos_Sentence_Level/my name is xxxxxxxx/my name is xxxxxxxx (5).MP4,Videos_Sentence_Level/my name is xxxxxxxx/my name is xxxxxxxx (5).MP4,my name is xxxxxxxx (5).MP4,my name is xxxxxxxx,my name is xxxxxxxx,my_name_is_xxxxxxxx,class_061,MY NAME XXXXXXXX,,.mp4,9.408849,67,25.0,2.68,1920,1080
data/raw/archive/ISL_CSLRT_Corpus/ISL_CSLRT_Corpus/Videos_Sentence_Level/my name is xxxxxxxx/my name is xxxxxxxx (6).mp4,Videos_Sentence_Level/my name is xxxxxxxx/my name is xxxxxxxx (6).mp4,my name is xxxxxxxx (6).mp4,my name is xxxxxxxx,my name is xxxxxxxx,my_name_is_xxxxxxxx,class_061,MY NAME XXXXXXXX,,.mp4,0.116053,50,25.0,2.0,240,320
data/raw/archive/ISL_CSLRT_Corpus/ISL_CSLRT_Corpus/Videos_Sentence_Level/my name is xxxxxxxx/my name is xxxxxxxx (7).mp4,Videos_Sentence_Level/my name is xxxxxxxx/my name is xxxxxxxx (7).mp4,my name is xxxxxxxx (7).mp4,my name is xxxxxxxx,my name is xxxxxxxx,my_name_is_xxxxxxxx,class_061,MY NAME XXXXXXXX,,.mp4,0.973166,75,25.0,3.0,240,320
data/raw/archive/ISL_CSLRT_Corpus/ISL_CSLRT_Corpus/Videos_Sentence_Level/nice to meet you/nice to meet you (1).MP4,Videos_Sentence_Level/nice to meet you/nice to meet you (1).MP4,nice to meet you (1).MP4,nice to meet you,nice to meet you,nice_to_meet_you,class_062,NICE MEET YOU,,.mp4,16.867366,118,25.0,4.72,1920,1080
data/raw/archive/ISL_CSLRT_Corpus/ISL_CSLRT_Corpus/Videos_Sentence_Level/nice to meet you/nice to meet you (3).MP4,Videos_Sentence_Level/nice to meet you/nice to meet you (3).MP4,nice to meet you (3).MP4,nice to meet you,nice to meet you,nice_to_meet_you,class_062,NICE MEET YOU,,.mp4,16.220448,115,25.0,4.6,1920,1080
data/raw/archive/ISL_CSLRT_Corpus/ISL_CSLRT_Corpus/Videos_Sentence_Level/nice to meet you/nice to meet you (4).MP4,Videos_Sentence_Level/nice to meet you/nice to meet you (4).MP4,nice to meet you (4).MP4,nice to meet you,nice to meet you,nice_to_meet_you,class_062,NICE MEET YOU,,.mp4,15.395401,111,25.0,4.44,1920,1080
data/raw/archive/ISL_CSLRT_Corpus/ISL_CSLRT_Corpus/Videos_Sentence_Level/nice to meet you/nice to meet you (5).MP4,Videos_Sentence_Level/nice to meet you/nice to meet you (5).MP4,nice to meet you (5).MP4,nice to meet you,nice to meet you,nice_to_meet_you,class_062,NICE MEET YOU,,.mp4,17.261914,128,25.0,5.12,1920,1080
data/raw/archive/ISL_CSLRT_Corpus/ISL_CSLRT_Corpus/Videos_Sentence_Level/nice to meet you/nice to meet you (6).MP4,Videos_Sentence_Level/nice to meet you/nice to meet you (6).MP4,nice to meet you (6).MP4,nice to meet you,nice to meet you,nice_to_meet_you,class_062,NICE MEET YOU,,.mp4,13.057673,94,25.0,3.76,1920,1080
data/raw/archive/ISL_CSLRT_Corpus/ISL_CSLRT_Corpus/Videos_Sentence_Level/nice to meet you/nice to meet you (7).mp4,Videos_Sentence_Level/nice to meet you/nice to meet you (7).mp4,nice to meet you (7).mp4,nice to meet you,nice to meet you,nice_to_meet_you,class_062,NICE MEET YOU,,.mp4,0.112835,50,25.0,2.0,240,320
data/raw/archive/ISL_CSLRT_Corpus/ISL_CSLRT_Corpus/Videos_Sentence_Level/nice to meet you/nice to meet you (8).mp4,Videos_Sentence_Level/nice to meet you/nice to meet you (8).mp4,nice to meet you (8).mp4,nice to meet you,nice to meet you,nice_to_meet_you,class_062,NICE MEET YOU,,.mp4,1.24958,99,25.0,3.96,240,320
data/raw/archive/ISL_CSLRT_Corpus/ISL_CSLRT_Corpus/Videos_Sentence_Level/No need to worry dont worry/MVI_6496.MP4,Videos_Sentence_Level/No need to worry dont worry/MVI_6496.MP4,MVI_6496.MP4,No need to worry dont worry,No need to worry dont worry,no_need_to_worry_dont_worry,class_063,NO NEED WORRY DONT WORRY,,.mp4,13.388239,97,25.0,3.88,1920,1080
data/raw/archive/ISL_CSLRT_Corpus/ISL_CSLRT_Corpus/Videos_Sentence_Level/now onwards he will never hurt you/never hurt (2).MP4,Videos_Sentence_Level/now onwards he will never hurt you/never hurt (2).MP4,never hurt (2).MP4,now onwards he will never hurt you,now onwards he will never hurt you,now_onwards_he_will_never_hurt_you,class_064,NOW ONWARDS HE NEVER HURT YOU,,.mp4,17.922029,131,25.0,5.24,1920,1080
data/raw/archive/ISL_CSLRT_Corpus/ISL_CSLRT_Corpus/Videos_Sentence_Level/now onwards he will never hurt you/never hurt (3).MP4,Videos_Sentence_Level/now onwards he will never hurt you/never hurt (3).MP4,never hurt (3).MP4,now onwards he will never hurt you,now onwards he will never hurt you,now_onwards_he_will_never_hurt_you,class_064,NOW ONWARDS HE NEVER HURT YOU,,.mp4,23.197218,170,25.0,6.8,1920,1080
data/raw/archive/ISL_CSLRT_Corpus/ISL_CSLRT_Corpus/Videos_Sentence_Level/now onwards he will never hurt you/never hurt (4).MP4,Videos_Sentence_Level/now onwards he will never hurt you/never hurt (4).MP4,never hurt (4).MP4,now onwards he will never hurt you,now onwards he will never hurt you,now_onwards_he_will_never_hurt_you,class_064,NOW ONWARDS HE NEVER HURT YOU,,.mp4,20.815049,153,25.0,6.12,1920,1080
data/raw/archive/ISL_CSLRT_Corpus/ISL_CSLRT_Corpus/Videos_Sentence_Level/now onwards he will never hurt you/never hurt (5).MP4,Videos_Sentence_Level/now onwards he will never hurt you/never hurt (5).MP4,never hurt (5).MP4,now onwards he will never hurt you,now onwards he will never hurt you,now_onwards_he_will_never_hurt_you,class_064,NOW ONWARDS HE NEVER HURT YOU,,.mp4,24.336565,179,25.0,7.16,1920,1080
data/raw/archive/ISL_CSLRT_Corpus/ISL_CSLRT_Corpus/Videos_Sentence_Level/now onwards he will never hurt you/never hurt.MP4,Videos_Sentence_Level/now onwards he will never hurt you/never hurt.MP4,never hurt.MP4,now onwards he will never hurt you,now onwards he will never hurt you,now_onwards_he_will_never_hurt_you,class_064,NOW ONWARDS HE NEVER HURT YOU,,.mp4,20.416864,146,25.0,5.84,1920,1080
data/raw/archive/ISL_CSLRT_Corpus/ISL_CSLRT_Corpus/Videos_Sentence_Level/now onwards he will never hurt you/now onwards he will never hurt you.mp4,Videos_Sentence_Level/now onwards he will never hurt you/now onwards he will never hurt you.mp4,now onwards he will never hurt you.mp4,now onwards he will never hurt you,now onwards he will never hurt you,now_onwards_he_will_never_hurt_you,class_064,NOW ONWARDS HE NEVER HURT YOU,,.mp4,0.217505,100,25.0,4.0,240,320
data/raw/archive/ISL_CSLRT_Corpus/ISL_CSLRT_Corpus/Videos_Sentence_Level/pour some more water into the glass/pour (2).MP4,Videos_Sentence_Level/pour some more water into the glass/pour (2).MP4,pour (2).MP4,pour some more water into the glass,pour some more water into the glass,pour_some_more_water_into_the_glass,class_065,POUR SOME MORE WATER INTO THE GLASS,,.mp4,12.552047,93,25.0,3.72,1920,1080
data/raw/archive/ISL_CSLRT_Corpus/ISL_CSLRT_Corpus/Videos_Sentence_Level/pour some more water into the glass/pour (3).MP4,Videos_Sentence_Level/pour some more water into the glass/pour (3).MP4,pour (3).MP4,pour some more water into the glass,pour some more water into the glass,pour_some_more_water_into_the_glass,class_065,POUR SOME MORE WATER INTO THE GLASS,,.mp4,12.946205,96,25.0,3.84,1920,1080
data/raw/archive/ISL_CSLRT_Corpus/ISL_CSLRT_Corpus/Videos_Sentence_Level/pour some more water into the glass/pour (4).MP4,Videos_Sentence_Level/pour some more water into the glass/pour (4).MP4,pour (4).MP4,pour some more water into the glass,pour some more water into the glass,pour_some_more_water_into_the_glass,class_065,POUR SOME MORE WATER INTO THE GLASS,,.mp4,12.685045,92,25.0,3.68,1920,1080
data/raw/archive/ISL_CSLRT_Corpus/ISL_CSLRT_Corpus/Videos_Sentence_Level/pour some more water into the glass/pour (5).MP4,Videos_Sentence_Level/pour some more water into the glass/pour (5).MP4,pour (5).MP4,pour some more water into the glass,pour some more water into the glass,pour_some_more_water_into_the_glass,class_065,POUR SOME MORE WATER INTO THE GLASS,,.mp4,12.945092,96,25.0,3.84,1920,1080
data/raw/archive/ISL_CSLRT_Corpus/ISL_CSLRT_Corpus/Videos_Sentence_Level/pour some more water into the glass/pour some more water into the glass (2).mp4,Videos_Sentence_Level/pour some more water into the glass/pour some more water into the glass (2).mp4,pour some more water into the glass (2).mp4,pour some more water into the glass,pour some more water into the glass,pour_some_more_water_into_the_glass,class_065,POUR SOME MORE WATER INTO THE GLASS,,.mp4,0.18444,75,25.0,3.0,240,320
data/raw/archive/ISL_CSLRT_Corpus/ISL_CSLRT_Corpus/Videos_Sentence_Level/pour some more water into the glass/pour some more water into the glass.mp4,Videos_Sentence_Level/pour some more water into the glass/pour some more water into the glass.mp4,pour some more water into the glass.mp4,pour some more water into the glass,pour some more water into the glass,pour_some_more_water_into_the_glass,class_065,POUR SOME MORE WATER INTO THE GLASS,,.mp4,1.26722,100,25.0,4.0,240,320
data/raw/archive/ISL_CSLRT_Corpus/ISL_CSLRT_Corpus/Videos_Sentence_Level/pour some more water into the glass/pour.MP4,Videos_Sentence_Level/pour some more water into the glass/pour.MP4,pour.MP4,pour some more water into the glass,pour some more water into the glass,pour_some_more_water_into_the_glass,class_065,POUR SOME MORE WATER INTO THE GLASS,,.mp4,13.910035,100,25.0,4.0,1920,1080
data/raw/archive/ISL_CSLRT_Corpus/ISL_CSLRT_Corpus/Videos_Sentence_Level/prepare the bed/bed (2).MP4,Videos_Sentence_Level/prepare the bed/bed (2).MP4,bed (2).MP4,prepare the bed,prepare the bed,prepare_the_bed,class_066,PREPARE BED,,.mp4,13.153422,96,25.0,3.84,1920,1080
data/raw/archive/ISL_CSLRT_Corpus/ISL_CSLRT_Corpus/Videos_Sentence_Level/prepare the bed/bed (3).MP4,Videos_Sentence_Level/prepare the bed/bed (3).MP4,bed (3).MP4,prepare the bed,prepare the bed,prepare_the_bed,class_066,PREPARE BED,,.mp4,20.268029,145,25.0,5.8,1920,1080
data/raw/archive/ISL_CSLRT_Corpus/ISL_CSLRT_Corpus/Videos_Sentence_Level/prepare the bed/bed (4).MP4,Videos_Sentence_Level/prepare the bed/bed (4).MP4,bed (4).MP4,prepare the bed,prepare the bed,prepare_the_bed,class_066,PREPARE BED,,.mp4,15.181037,110,25.0,4.4,1920,1080
data/raw/archive/ISL_CSLRT_Corpus/ISL_CSLRT_Corpus/Videos_Sentence_Level/prepare the bed/bed (5).MP4,Videos_Sentence_Level/prepare the bed/bed (5).MP4,bed (5).MP4,prepare the bed,prepare the bed,prepare_the_bed,class_066,PREPARE BED,,.mp4,16.405256,120,25.0,4.8,1920,1080
data/raw/archive/ISL_CSLRT_Corpus/ISL_CSLRT_Corpus/Videos_Sentence_Level/prepare the bed/bed.MP4,Videos_Sentence_Level/prepare the bed/bed.MP4,bed.MP4,prepare the bed,prepare the bed,prepare_the_bed,class_066,PREPARE BED,,.mp4,16.190485,115,25.0,4.6,1920,1080
data/raw/archive/ISL_CSLRT_Corpus/ISL_CSLRT_Corpus/Videos_Sentence_Level/prepare the bed/prepare the bed (2).mp4,Videos_Sentence_Level/prepare the bed/prepare the bed (2).mp4,prepare the bed (2).mp4,prepare the bed,prepare the bed,prepare_the_bed,class_066,PREPARE BED,,.mp4,0.214856,75,25.0,3.0,240,320
data/raw/archive/ISL_CSLRT_Corpus/ISL_CSLRT_Corpus/Videos_Sentence_Level/prepare the bed/prepare the bed.mp4,Videos_Sentence_Level/prepare the bed/prepare the bed.mp4,prepare the bed.mp4,prepare the bed,prepare the bed,prepare_the_bed,class_066,PREPARE BED,,.mp4,1.276464,100,25.0,4.0,240,320
data/raw/archive/ISL_CSLRT_Corpus/ISL_CSLRT_Corpus/Videos_Sentence_Level/serve the food/serve (2).MP4,Videos_Sentence_Level/serve the food/serve (2).MP4,serve (2).MP4,serve the food,serve the food,serve_the_food,class_067,SERVE FOOD,,.mp4,15.454094,113,25.0,4.52,1920,1080
data/raw/archive/ISL_CSLRT_Corpus/ISL_CSLRT_Corpus/Videos_Sentence_Level/serve the food/serve (3).MP4,Videos_Sentence_Level/serve the food/serve (3).MP4,serve (3).MP4,serve the food,serve the food,serve_the_food,class_067,SERVE FOOD,,.mp4,22.631316,166,25.0,6.64,1920,1080
data/raw/archive/ISL_CSLRT_Corpus/ISL_CSLRT_Corpus/Videos_Sentence_Level/serve the food/serve (4).MP4,Videos_Sentence_Level/serve the food/serve (4).MP4,serve (4).MP4,serve the food,serve the food,serve_the_food,class_067,SERVE FOOD,,.mp4,17.100386,125,25.0,5.0,1920,1080
data/raw/archive/ISL_CSLRT_Corpus/ISL_CSLRT_Corpus/Videos_Sentence_Level/serve the food/serve (5).MP4,Videos_Sentence_Level/serve the food/serve (5).MP4,serve (5).MP4,serve the food,serve the food,serve_the_food,class_067,SERVE FOOD,,.mp4,15.39412,112,25.0,4.48,1920,1080
data/raw/archive/ISL_CSLRT_Corpus/ISL_CSLRT_Corpus/Videos_Sentence_Level/serve the food/serve 1.MP4,Videos_Sentence_Level/serve the food/serve 1.MP4,serve 1.MP4,serve the food,serve the food,serve_the_food,class_067,SERVE FOOD,,.mp4,19.098578,142,25.0,5.68,1920,1080
data/raw/archive/ISL_CSLRT_Corpus/ISL_CSLRT_Corpus/Videos_Sentence_Level/serve the food/serve food.MP4,Videos_Sentence_Level/serve the food/serve food.MP4,serve food.MP4,serve the food,serve the food,serve_the_food,class_067,SERVE FOOD,,.mp4,16.190166,120,25.0,4.8,1920,1080
data/raw/archive/ISL_CSLRT_Corpus/ISL_CSLRT_Corpus/Videos_Sentence_Level/serve the food/serve the food (2).mp4,Videos_Sentence_Level/serve the food/serve the food (2).mp4,serve the food (2).mp4,serve the food,serve the food,serve_the_food,class_067,SERVE FOOD,,.mp4,0.178017,75,25.0,3.0,240,320
data/raw/archive/ISL_CSLRT_Corpus/ISL_CSLRT_Corpus/Videos_Sentence_Level/serve the food/serve the food.mp4,Videos_Sentence_Level/serve the food/serve the food.mp4,serve the food.mp4,serve the food,serve the food,serve_the_food,class_067,SERVE FOOD,,.mp4,0.97783,75,25.0,3.0,240,320
data/raw/archive/ISL_CSLRT_Corpus/ISL_CSLRT_Corpus/Videos_Sentence_Level/serve the food/serve.MP4,Videos_Sentence_Level/serve the food/serve.MP4,serve.MP4,serve the food,serve the food,serve_the_food,class_067,SERVE FOOD,,.mp4,17.338459,126,25.0,5.04,1920,1080
data/raw/archive/ISL_CSLRT_Corpus/ISL_CSLRT_Corpus/Videos_Sentence_Level/shall we go outside/MVI_6498.MP4,Videos_Sentence_Level/shall we go outside/MVI_6498.MP4,MVI_6498.MP4,shall we go outside,shall we go outside,shall_we_go_outside,class_068,WE GO OUTSIDE,,.mp4,12.859571,92,25.0,3.68,1920,1080
data/raw/archive/ISL_CSLRT_Corpus/ISL_CSLRT_Corpus/Videos_Sentence_Level/shall we go outside/outside (2).MP4,Videos_Sentence_Level/shall we go outside/outside (2).MP4,outside (2).MP4,shall we go outside,shall we go outside,shall_we_go_outside,class_068,WE GO OUTSIDE,,.mp4,14.510288,107,25.0,4.28,1920,1080
data/raw/archive/ISL_CSLRT_Corpus/ISL_CSLRT_Corpus/Videos_Sentence_Level/shall we go outside/outside (3).MP4,Videos_Sentence_Level/shall we go outside/outside (3).MP4,outside (3).MP4,shall we go outside,shall we go outside,shall_we_go_outside,class_068,WE GO OUTSIDE,,.mp4,13.446318,97,25.0,3.88,1920,1080
data/raw/archive/ISL_CSLRT_Corpus/ISL_CSLRT_Corpus/Videos_Sentence_Level/shall we go outside/outside (4).MP4,Videos_Sentence_Level/shall we go outside/outside (4).MP4,outside (4).MP4,shall we go outside,shall we go outside,shall_we_go_outside,class_068,WE GO OUTSIDE,,.mp4,16.911635,122,25.0,4.88,1920,1080
data/raw/archive/ISL_CSLRT_Corpus/ISL_CSLRT_Corpus/Videos_Sentence_Level/shall we go outside/outside.MP4,Videos_Sentence_Level/shall we go outside/outside.MP4,outside.MP4,shall we go outside,shall we go outside,shall_we_go_outside,class_068,WE GO OUTSIDE,,.mp4,14.519351,108,25.0,4.32,1920,1080
data/raw/archive/ISL_CSLRT_Corpus/ISL_CSLRT_Corpus/Videos_Sentence_Level/shall we go outside/shall we go outside (2).mp4,Videos_Sentence_Level/shall we go outside/shall we go outside (2).mp4,shall we go outside (2).mp4,shall we go outside,shall we go outside,shall_we_go_outside,class_068,WE GO OUTSIDE,,.mp4,0.125115,50,25.0,2.0,240,320
data/raw/archive/ISL_CSLRT_Corpus/ISL_CSLRT_Corpus/Videos_Sentence_Level/shall we go outside/shall we go outside.mp4,Videos_Sentence_Level/shall we go outside/shall we go outside.mp4,shall we go outside.mp4,shall we go outside,shall we go outside,shall_we_go_outside,class_068,WE GO OUTSIDE,,.mp4,0.923035,75,25.0,3.0,240,320
data/raw/archive/ISL_CSLRT_Corpus/ISL_CSLRT_Corpus/Videos_Sentence_Level/speak softly/softly (2).MP4,Videos_Sentence_Level/speak softly/softly (2).MP4,softly (2).MP4,speak softly,speak softly,speak_softly,class_069,SPEAK SOFTLY,,.mp4,11.184266,82,25.0,3.28,1920,1080
data/raw/archive/ISL_CSLRT_Corpus/ISL_CSLRT_Corpus/Videos_Sentence_Level/speak softly/softly (3).MP4,Videos_Sentence_Level/speak softly/softly (3).MP4,softly (3).MP4,speak softly,speak softly,speak_softly,class_069,SPEAK SOFTLY,,.mp4,13.674535,101,25.0,4.04,1920,1080
data/raw/archive/ISL_CSLRT_Corpus/ISL_CSLRT_Corpus/Videos_Sentence_Level/speak softly/softly (4).MP4,Videos_Sentence_Level/speak softly/softly (4).MP4,softly (4).MP4,speak softly,speak softly,speak_softly,class_069,SPEAK SOFTLY,,.mp4,11.320002,84,25.0,3.36,1920,1080
data/raw/archive/ISL_CSLRT_Corpus/ISL_CSLRT_Corpus/Videos_Sentence_Level/speak softly/softly (5).MP4,Videos_Sentence_Level/speak softly/softly (5).MP4,softly (5).MP4,speak softly,speak softly,speak_softly,class_069,SPEAK SOFTLY,,.mp4,10.289994,75,25.0,3.0,1920,1080
data/raw/archive/ISL_CSLRT_Corpus/ISL_CSLRT_Corpus/Videos_Sentence_Level/speak softly/softly 1.MP4,Videos_Sentence_Level/speak softly/softly 1.MP4,softly 1.MP4,speak softly,speak softly,speak_softly,class_069,SPEAK SOFTLY,,.mp4,12.152039,90,25.0,3.6,1920,1080
data/raw/archive/ISL_CSLRT_Corpus/ISL_CSLRT_Corpus/Videos_Sentence_Level/speak softly/softly.MP4,Videos_Sentence_Level/speak softly/softly.MP4,softly.MP4,speak softly,speak softly,speak_softly,class_069,SPEAK SOFTLY,,.mp4,12.37204,89,25.0,3.56,1920,1080
data/raw/archive/ISL_CSLRT_Corpus/ISL_CSLRT_Corpus/Videos_Sentence_Level/speak softly/speak softly (2).mp4,Videos_Sentence_Level/speak softly/speak softly (2).mp4,speak softly (2).mp4,speak softly,speak softly,speak_softly,class_069,SPEAK SOFTLY,,.mp4,0.171997,75,25.0,3.0,240,320
data/raw/archive/ISL_CSLRT_Corpus/ISL_CSLRT_Corpus/Videos_Sentence_Level/speak softly/speak softly.mp4,Videos_Sentence_Level/speak softly/speak softly.mp4,speak softly.mp4,speak softly,speak softly,speak_softly,class_069,SPEAK SOFTLY,,.mp4,0.322256,25,25.0,1.0,240,320
data/raw/archive/ISL_CSLRT_Corpus/ISL_CSLRT_Corpus/Videos_Sentence_Level/take care of yourself/Take care (2).MP4,Videos_Sentence_Level/take care of yourself/Take care (2).MP4,Take care (2).MP4,take care of yourself,take care of yourself,take_care_of_yourself,class_070,TAKE CARE OF YOURSELF,,.mp4,13.306197,99,25.0,3.96,1920,1080
data/raw/archive/ISL_CSLRT_Corpus/ISL_CSLRT_Corpus/Videos_Sentence_Level/take care of yourself/take care (3).MP4,Videos_Sentence_Level/take care of yourself/take care (3).MP4,take care (3).MP4,take care of yourself,take care of yourself,take_care_of_yourself,class_070,TAKE CARE OF YOURSELF,,.mp4,16.209249,121,25.0,4.84,1920,1080
data/raw/archive/ISL_CSLRT_Corpus/ISL_CSLRT_Corpus/Videos_Sentence_Level/take care of yourself/take care (4).MP4,Videos_Sentence_Level/take care of yourself/take care (4).MP4,take care (4).MP4,take care of yourself,take care of yourself,take_care_of_yourself,class_070,TAKE CARE OF YOURSELF,,.mp4,14.037144,102,25.0,4.08,1920,1080
data/raw/archive/ISL_CSLRT_Corpus/ISL_CSLRT_Corpus/Videos_Sentence_Level/take care of yourself/take care (5).MP4,Videos_Sentence_Level/take care of yourself/take care (5).MP4,take care (5).MP4,take care of yourself,take care of yourself,take_care_of_yourself,class_070,TAKE CARE OF YOURSELF,,.mp4,16.032837,120,25.0,4.8,1920,1080
data/raw/archive/ISL_CSLRT_Corpus/ISL_CSLRT_Corpus/Videos_Sentence_Level/take care of yourself/take care of yourself (2).mp4,Videos_Sentence_Level/take care of yourself/take care of yourself (2).mp4,take care of yourself (2).mp4,take care of yourself,take care of yourself,take_care_of_yourself,class_070,TAKE CARE OF YOURSELF,,.mp4,0.123216,50,25.0,2.0,240,320
data/raw/archive/ISL_CSLRT_Corpus/ISL_CSLRT_Corpus/Videos_Sentence_Level/take care of yourself/take care of yourself.mp4,Videos_Sentence_Level/take care of yourself/take care of yourself.mp4,take care of yourself.mp4,take care of yourself,take care of yourself,take_care_of_yourself,class_070,TAKE CARE OF YOURSELF,,.mp4,1.005038,75,25.0,3.0,240,320
data/raw/archive/ISL_CSLRT_Corpus/ISL_CSLRT_Corpus/Videos_Sentence_Level/take care of yourself/take care.MP4,Videos_Sentence_Level/take care of yourself/take care.MP4,take care.MP4,take care of yourself,take care of yourself,take_care_of_yourself,class_070,TAKE CARE OF YOURSELF,,.mp4,18.148254,130,25.0,5.2,1920,1080
data/raw/archive/ISL_CSLRT_Corpus/ISL_CSLRT_Corpus/Videos_Sentence_Level/tell me truth/tell me truth (2).mp4,Videos_Sentence_Level/tell me truth/tell me truth (2).mp4,tell me truth (2).mp4,tell me truth,tell me truth,tell_me_truth,class_071,TELL ME TRUTH,,.mp4,0.166004,75,25.0,3.0,240,320
data/raw/archive/ISL_CSLRT_Corpus/ISL_CSLRT_Corpus/Videos_Sentence_Level/tell me truth/tell me truth.mp4,Videos_Sentence_Level/tell me truth/tell me truth.mp4,tell me truth.mp4,tell me truth,tell me truth,tell_me_truth,class_071,TELL ME TRUTH,,.mp4,0.612615,50,25.0,2.0,240,320
data/raw/archive/ISL_CSLRT_Corpus/ISL_CSLRT_Corpus/Videos_Sentence_Level/tell me truth/truth (2).MP4,Videos_Sentence_Level/tell me truth/truth (2).MP4,truth (2).MP4,tell me truth,tell me truth,tell_me_truth,class_071,TELL ME TRUTH,,.mp4,11.332777,84,25.0,3.36,1920,1080
data/raw/archive/ISL_CSLRT_Corpus/ISL_CSLRT_Corpus/Videos_Sentence_Level/tell me truth/truth (3).MP4,Videos_Sentence_Level/tell me truth/truth (3).MP4,truth (3).MP4,tell me truth,tell me truth,tell_me_truth,class_071,TELL ME TRUTH,,.mp4,10.119335,73,25.0,2.92,1920,1080
data/raw/archive/ISL_CSLRT_Corpus/ISL_CSLRT_Corpus/Videos_Sentence_Level/tell me truth/truth (4).MP4,Videos_Sentence_Level/tell me truth/truth (4).MP4,truth (4).MP4,tell me truth,tell me truth,tell_me_truth,class_071,TELL ME TRUTH,,.mp4,11.05378,81,25.0,3.24,1920,1080
data/raw/archive/ISL_CSLRT_Corpus/ISL_CSLRT_Corpus/Videos_Sentence_Level/tell me truth/truth.MP4,Videos_Sentence_Level/tell me truth/truth.MP4,truth.MP4,tell me truth,tell me truth,tell_me_truth,class_071,TELL ME TRUTH,,.mp4,10.869833,77,25.0,3.08,1920,1080
data/raw/archive/ISL_CSLRT_Corpus/ISL_CSLRT_Corpus/Videos_Sentence_Level/thank you so much/thank you so much (1).MP4,Videos_Sentence_Level/thank you so much/thank you so much (1).MP4,thank you so much (1).MP4,thank you so much,thank you so much,thank_you_so_much,class_072,THANK YOU SO MUCH,,.mp4,15.326615,108,25.0,4.32,1920,1080
data/raw/archive/ISL_CSLRT_Corpus/ISL_CSLRT_Corpus/Videos_Sentence_Level/thank you so much/thank you so much (3).MP4,Videos_Sentence_Level/thank you so much/thank you so much (3).MP4,thank you so much (3).MP4,thank you so much,thank you so much,thank_you_so_much,class_072,THANK YOU SO MUCH,,.mp4,13.788094,98,25.0,3.92,1920,1080
data/raw/archive/ISL_CSLRT_Corpus/ISL_CSLRT_Corpus/Videos_Sentence_Level/thank you so much/thank you so much (4).MP4,Videos_Sentence_Level/thank you so much/thank you so much (4).MP4,thank you so much (4).MP4,thank you so much,thank you so much,thank_you_so_much,class_072,THANK YOU SO MUCH,,.mp4,13.862107,100,25.0,4.0,1920,1080
data/raw/archive/ISL_CSLRT_Corpus/ISL_CSLRT_Corpus/Videos_Sentence_Level/thank you so much/thank you so much (5).MP4,Videos_Sentence_Level/thank you so much/thank you so much (5).MP4,thank you so much (5).MP4,thank you so much,thank you so much,thank_you_so_much,class_072,THANK YOU SO MUCH,,.mp4,11.052592,81,25.0,3.24,1920,1080
data/raw/archive/ISL_CSLRT_Corpus/ISL_CSLRT_Corpus/Videos_Sentence_Level/thank you so much/thank you so much (6).MP4,Videos_Sentence_Level/thank you so much/thank you so much (6).MP4,thank you so much (6).MP4,thank you so much,thank you so much,thank_you_so_much,class_072,THANK YOU SO MUCH,,.mp4,10.831788,77,25.0,3.08,1920,1080
data/raw/archive/ISL_CSLRT_Corpus/ISL_CSLRT_Corpus/Videos_Sentence_Level/thank you so much/thank you so much (7).mp4,Videos_Sentence_Level/thank you so much/thank you so much (7).mp4,thank you so much (7).mp4,thank you so much,thank you so much,thank_you_so_much,class_072,THANK YOU SO MUCH,,.mp4,0.127717,50,25.0,2.0,240,320
data/raw/archive/ISL_CSLRT_Corpus/ISL_CSLRT_Corpus/Videos_Sentence_Level/thank you so much/thank you so much (8).mp4,Videos_Sentence_Level/thank you so much/thank you so much (8).mp4,thank you so much (8).mp4,thank you so much,thank you so much,thank_you_so_much,class_072,THANK YOU SO MUCH,,.mp4,0.636312,50,25.0,2.0,240,320
data/raw/archive/ISL_CSLRT_Corpus/ISL_CSLRT_Corpus/Videos_Sentence_Level/that is so kind of you/MVI_6106.MP4,Videos_Sentence_Level/that is so kind of you/MVI_6106.MP4,MVI_6106.MP4,that is so kind of you,that is so kind of you,that_is_so_kind_of_you,class_073,THAT KIND YOU,,.mp4,13.624166,100,25.0,4.0,1920,1080
data/raw/archive/ISL_CSLRT_Corpus/ISL_CSLRT_Corpus/Videos_Sentence_Level/that is so kind of you/MVI_6396.MP4,Videos_Sentence_Level/that is so kind of you/MVI_6396.MP4,MVI_6396.MP4,that is so kind of you,that is so kind of you,that_is_so_kind_of_you,class_073,THAT KIND YOU,,.mp4,15.946947,116,25.0,4.64,1920,1080
data/raw/archive/ISL_CSLRT_Corpus/ISL_CSLRT_Corpus/Videos_Sentence_Level/that is so kind of you/MVI_6540.MP4,Videos_Sentence_Level/that is so kind of you/MVI_6540.MP4,MVI_6540.MP4,that is so kind of you,that is so kind of you,that_is_so_kind_of_you,class_073,THAT KIND YOU,,.mp4,11.846401,87,25.0,3.48,1920,1080
data/raw/archive/ISL_CSLRT_Corpus/ISL_CSLRT_Corpus/Videos_Sentence_Level/that is so kind of you/MVI_6722.MP4,Videos_Sentence_Level/that is so kind of you/MVI_6722.MP4,MVI_6722.MP4,that is so kind of you,that is so kind of you,that_is_so_kind_of_you,class_073,THAT KIND YOU,,.mp4,12.645871,94,25.0,3.76,1920,1080
data/raw/archive/ISL_CSLRT_Corpus/ISL_CSLRT_Corpus/Videos_Sentence_Level/that is so kind of you/MVI_6850.MP4,Videos_Sentence_Level/that is so kind of you/MVI_6850.MP4,MVI_6850.MP4,that is so kind of you,that is so kind of you,that_is_so_kind_of_you,class_073,THAT KIND YOU,,.mp4,10.9756,79,25.0,3.16,1920,1080
data/raw/archive/ISL_CSLRT_Corpus/ISL_CSLRT_Corpus/Videos_Sentence_Level/that is so kind of you/that is so kind of you (2).mp4,Videos_Sentence_Level/that is so kind of you/that is so kind of you (2).mp4,that is so kind of you (2).mp4,that is so kind of you,that is so kind of you,that_is_so_kind_of_you,class_073,THAT KIND YOU,,.mp4,0.153414,75,25.0,3.0,240,320
data/raw/archive/ISL_CSLRT_Corpus/ISL_CSLRT_Corpus/Videos_Sentence_Level/that is so kind of you/that is so kind of you.mp4,Videos_Sentence_Level/that is so kind of you/that is so kind of you.mp4,that is so kind of you.mp4,that is so kind of you,that is so kind of you,that_is_so_kind_of_you,class_073,THAT KIND YOU,,.mp4,0.953465,75,25.0,3.0,240,320
data/raw/archive/ISL_CSLRT_Corpus/ISL_CSLRT_Corpus/Videos_Sentence_Level/This place is beautiful/beautiful (2).MP4,Videos_Sentence_Level/This place is beautiful/beautiful (2).MP4,beautiful (2).MP4,This place is beautiful,This place is beautiful,this_place_is_beautiful,class_074,THIS PLACE BEAUTIFUL,,.mp4,17.525519,128,25.0,5.12,1920,1080
data/raw/archive/ISL_CSLRT_Corpus/ISL_CSLRT_Corpus/Videos_Sentence_Level/This place is beautiful/beautiful (3).MP4,Videos_Sentence_Level/This place is beautiful/beautiful (3).MP4,beautiful (3).MP4,This place is beautiful,This place is beautiful,this_place_is_beautiful,class_074,THIS PLACE BEAUTIFUL,,.mp4,13.157561,95,25.0,3.8,1920,1080
data/raw/archive/ISL_CSLRT_Corpus/ISL_CSLRT_Corpus/Videos_Sentence_Level/This place is beautiful/beautiful (4).MP4,Videos_Sentence_Level/This place is beautiful/beautiful (4).MP4,beautiful (4).MP4,This place is beautiful,This place is beautiful,this_place_is_beautiful,class_074,THIS PLACE BEAUTIFUL,,.mp4,15.520612,112,25.0,4.48,1920,1080
data/raw/archive/ISL_CSLRT_Corpus/ISL_CSLRT_Corpus/Videos_Sentence_Level/This place is beautiful/beautiful.MP4,Videos_Sentence_Level/This place is beautiful/beautiful.MP4,beautiful.MP4,This place is beautiful,This place is beautiful,this_place_is_beautiful,class_074,THIS PLACE BEAUTIFUL,,.mp4,13.457848,97,25.0,3.88,1920,1080
data/raw/archive/ISL_CSLRT_Corpus/ISL_CSLRT_Corpus/Videos_Sentence_Level/This place is beautiful/MVI_6502.MP4,Videos_Sentence_Level/This place is beautiful/MVI_6502.MP4,MVI_6502.MP4,This place is beautiful,This place is beautiful,this_place_is_beautiful,class_074,THIS PLACE BEAUTIFUL,,.mp4,14.614758,105,25.0,4.2,1920,1080
data/raw/archive/ISL_CSLRT_Corpus/ISL_CSLRT_Corpus/Videos_Sentence_Level/This place is beautiful/this place is beautiful (2).mp4,Videos_Sentence_Level/This place is beautiful/this place is beautiful (2).mp4,this place is beautiful (2).mp4,This place is beautiful,This place is beautiful,this_place_is_beautiful,class_074,THIS PLACE BEAUTIFUL,,.mp4,0.123323,50,25.0,2.0,240,320
data/raw/archive/ISL_CSLRT_Corpus/ISL_CSLRT_Corpus/Videos_Sentence_Level/This place is beautiful/this place is beautiful.mp4,Videos_Sentence_Level/This place is beautiful/this place is beautiful.mp4,this place is beautiful.mp4,This place is beautiful,This place is beautiful,this_place_is_beautiful,class_074,THIS PLACE BEAUTIFUL,,.mp4,0.960911,75,25.0,3.0,240,320
data/raw/archive/ISL_CSLRT_Corpus/ISL_CSLRT_Corpus/Videos_Sentence_Level/try to understand/try to understand (2).mp4,Videos_Sentence_Level/try to understand/try to understand (2).mp4,try to understand (2).mp4,try to understand,try to understand,try_to_understand,class_075,TRY TO UNDERSTAND,,.mp4,0.160863,75,25.0,3.0,240,320
data/raw/archive/ISL_CSLRT_Corpus/ISL_CSLRT_Corpus/Videos_Sentence_Level/try to understand/try to understand.mp4,Videos_Sentence_Level/try to understand/try to understand.mp4,try to understand.mp4,try to understand,try to understand,try_to_understand,class_075,TRY TO UNDERSTAND,,.mp4,0.982117,75,25.0,3.0,240,320
data/raw/archive/ISL_CSLRT_Corpus/ISL_CSLRT_Corpus/Videos_Sentence_Level/try to understand/understand (2).MP4,Videos_Sentence_Level/try to understand/understand (2).MP4,understand (2).MP4,try to understand,try to understand,try_to_understand,class_075,TRY TO UNDERSTAND,,.mp4,19.547969,145,25.0,5.8,1920,1080
data/raw/archive/ISL_CSLRT_Corpus/ISL_CSLRT_Corpus/Videos_Sentence_Level/try to understand/understand (3).MP4,Videos_Sentence_Level/try to understand/understand (3).MP4,understand (3).MP4,try to understand,try to understand,try_to_understand,class_075,TRY TO UNDERSTAND,,.mp4,18.72548,139,25.0,5.56,1920,1080
data/raw/archive/ISL_CSLRT_Corpus/ISL_CSLRT_Corpus/Videos_Sentence_Level/try to understand/understand (4).MP4,Videos_Sentence_Level/try to understand/understand (4).MP4,understand (4).MP4,try to understand,try to understand,try_to_understand,class_075,TRY TO UNDERSTAND,,.mp4,17.624307,130,25.0,5.2,1920,1080
data/raw/archive/ISL_CSLRT_Corpus/ISL_CSLRT_Corpus/Videos_Sentence_Level/try to understand/understand (5).MP4,Videos_Sentence_Level/try to understand/understand (5).MP4,understand (5).MP4,try to understand,try to understand,try_to_understand,class_075,TRY TO UNDERSTAND,,.mp4,19.947914,145,25.0,5.8,1920,1080
data/raw/archive/ISL_CSLRT_Corpus/ISL_CSLRT_Corpus/Videos_Sentence_Level/try to understand/understand.MP4,Videos_Sentence_Level/try to understand/understand.MP4,understand.MP4,try to understand,try to understand,try_to_understand,class_075,TRY TO UNDERSTAND,,.mp4,16.528394,119,25.0,4.76,1920,1080
data/raw/archive/ISL_CSLRT_Corpus/ISL_CSLRT_Corpus/Videos_Sentence_Level/turn on light turn off light/turn on (2).MP4,Videos_Sentence_Level/turn on light turn off light/turn on (2).MP4,turn on (2).MP4,turn on light turn off light,turn on light turn off light,turn_on_light_turn_off_light,class_076,TURN ON LIGHT TURN OFF LIGHT,,.mp4,10.31005,74,25.0,2.96,1920,1080
data/raw/archive/ISL_CSLRT_Corpus/ISL_CSLRT_Corpus/Videos_Sentence_Level/turn on light turn off light/turn on (3).MP4,Videos_Sentence_Level/turn on light turn off light/turn on (3).MP4,turn on (3).MP4,turn on light turn off light,turn on light turn off light,turn_on_light_turn_off_light,class_076,TURN ON LIGHT TURN OFF LIGHT,,.mp4,12.608265,93,25.0,3.72,1920,1080
data/raw/archive/ISL_CSLRT_Corpus/ISL_CSLRT_Corpus/Videos_Sentence_Level/turn on light turn off light/turn on (4).MP4,Videos_Sentence_Level/turn on light turn off light/turn on (4).MP4,turn on (4).MP4,turn on light turn off light,turn on light turn off light,turn_on_light_turn_off_light,class_076,TURN ON LIGHT TURN OFF LIGHT,,.mp4,9.062239,66,25.0,2.64,1920,1080
data/raw/archive/ISL_CSLRT_Corpus/ISL_CSLRT_Corpus/Videos_Sentence_Level/turn on light turn off light/turn on (5).MP4,Videos_Sentence_Level/turn on light turn off light/turn on (5).MP4,turn on (5).MP4,turn on light turn off light,turn on light turn off light,turn_on_light_turn_off_light,class_076,TURN ON LIGHT TURN OFF LIGHT,,.mp4,11.05266,81,25.0,3.24,1920,1080
data/raw/archive/ISL_CSLRT_Corpus/ISL_CSLRT_Corpus/Videos_Sentence_Level/turn on light turn off light/turn on light turn off light.mp4,Videos_Sentence_Level/turn on light turn off light/turn on light turn off light.mp4,turn on light turn off light.mp4,turn on light turn off light,turn on light turn off light,turn_on_light_turn_off_light,class_076,TURN ON LIGHT TURN OFF LIGHT,,.mp4,0.953019,75,25.0,3.0,240,320
data/raw/archive/ISL_CSLRT_Corpus/ISL_CSLRT_Corpus/Videos_Sentence_Level/turn on light turn off light/turn on lightturn off light.mp4,Videos_Sentence_Level/turn on light turn off light/turn on lightturn off light.mp4,turn on lightturn off light.mp4,turn on light turn off light,turn on light turn off light,turn_on_light_turn_off_light,class_076,TURN ON LIGHT TURN OFF LIGHT,,.mp4,0.124996,50,25.0,2.0,240,320
data/raw/archive/ISL_CSLRT_Corpus/ISL_CSLRT_Corpus/Videos_Sentence_Level/turn on light turn off light/turn on.MP4,Videos_Sentence_Level/turn on light turn off light/turn on.MP4,turn on.MP4,turn on light turn off light,turn on light turn off light,turn_on_light_turn_off_light,class_076,TURN ON LIGHT TURN OFF LIGHT,,.mp4,9.280937,65,25.0,2.6,1920,1080
data/raw/archive/ISL_CSLRT_Corpus/ISL_CSLRT_Corpus/Videos_Sentence_Level/we are all with you/all.MP4,Videos_Sentence_Level/we are all with you/all.MP4,all.MP4,we are all with you,we are all with you,we_are_all_with_you,class_077,WE ALL WITH YOU,,.mp4,15.328793,114,25.0,4.56,1920,1080
data/raw/archive/ISL_CSLRT_Corpus/ISL_CSLRT_Corpus/Videos_Sentence_Level/we are all with you/MVI_6208.MP4,Videos_Sentence_Level/we are all with you/MVI_6208.MP4,MVI_6208.MP4,we are all with you,we are all with you,we_are_all_with_you,class_077,WE ALL WITH YOU,,.mp4,12.559003,89,25.0,3.56,1920,1080
data/raw/archive/ISL_CSLRT_Corpus/ISL_CSLRT_Corpus/Videos_Sentence_Level/we are all with you/MVI_6506.MP4,Videos_Sentence_Level/we are all with you/MVI_6506.MP4,MVI_6506.MP4,we are all with you,we are all with you,we_are_all_with_you,class_077,WE ALL WITH YOU,,.mp4,12.330842,86,25.0,3.44,1920,1080
data/raw/archive/ISL_CSLRT_Corpus/ISL_CSLRT_Corpus/Videos_Sentence_Level/we are all with you/MVI_6684.MP4,Videos_Sentence_Level/we are all with you/MVI_6684.MP4,MVI_6684.MP4,we are all with you,we are all with you,we_are_all_with_you,class_077,WE ALL WITH YOU,,.mp4,11.2087,80,25.0,3.2,1920,1080
data/raw/archive/ISL_CSLRT_Corpus/ISL_CSLRT_Corpus/Videos_Sentence_Level/we are all with you/MVI_6957.MP4,Videos_Sentence_Level/we are all with you/MVI_6957.MP4,MVI_6957.MP4,we are all with you,we are all with you,we_are_all_with_you,class_077,WE ALL WITH YOU,,.mp4,13.666403,99,25.0,3.96,1920,1080
data/raw/archive/ISL_CSLRT_Corpus/ISL_CSLRT_Corpus/Videos_Sentence_Level/we are all with you/we are all with you (2).mp4,Videos_Sentence_Level/we are all with you/we are all with you (2).mp4,we are all with you (2).mp4,we are all with you,we are all with you,we_are_all_with_you,class_077,WE ALL WITH YOU,,.mp4,0.120295,50,25.0,2.0,240,320
data/raw/archive/ISL_CSLRT_Corpus/ISL_CSLRT_Corpus/Videos_Sentence_Level/we are all with you/we are all with you.mp4,Videos_Sentence_Level/we are all with you/we are all with you.mp4,we are all with you.mp4,we are all with you,we are all with you,we_are_all_with_you,class_077,WE ALL WITH YOU,,.mp4,0.919994,75,25.0,3.0,240,320
data/raw/archive/ISL_CSLRT_Corpus/ISL_CSLRT_Corpus/Videos_Sentence_Level/wear the shirt/shirt (2).MP4,Videos_Sentence_Level/wear the shirt/shirt (2).MP4,shirt (2).MP4,wear the shirt,wear the shirt,wear_the_shirt,class_078,WEAR SHIRT,,.mp4,9.608055,69,25.0,2.76,1920,1080
data/raw/archive/ISL_CSLRT_Corpus/ISL_CSLRT_Corpus/Videos_Sentence_Level/wear the shirt/shirt (3).MP4,Videos_Sentence_Level/wear the shirt/shirt (3).MP4,shirt (3).MP4,wear the shirt,wear the shirt,wear_the_shirt,class_078,WEAR SHIRT,,.mp4,12.899384,94,25.0,3.76,1920,1080
data/raw/archive/ISL_CSLRT_Corpus/ISL_CSLRT_Corpus/Videos_Sentence_Level/wear the shirt/shirt (4).MP4,Videos_Sentence_Level/wear the shirt/shirt (4).MP4,shirt (4).MP4,wear the shirt,wear the shirt,wear_the_shirt,class_078,WEAR SHIRT,,.mp4,15.348559,110,25.0,4.4,1920,1080
data/raw/archive/ISL_CSLRT_Corpus/ISL_CSLRT_Corpus/Videos_Sentence_Level/wear the shirt/shirt (5).MP4,Videos_Sentence_Level/wear the shirt/shirt (5).MP4,shirt (5).MP4,wear the shirt,wear the shirt,wear_the_shirt,class_078,WEAR SHIRT,,.mp4,13.952717,100,25.0,4.0,1920,1080
data/raw/archive/ISL_CSLRT_Corpus/ISL_CSLRT_Corpus/Videos_Sentence_Level/wear the shirt/shirt.MP4,Videos_Sentence_Level/wear the shirt/shirt.MP4,shirt.MP4,wear the shirt,wear the shirt,wear_the_shirt,class_078,WEAR SHIRT,,.mp4,11.603524,82,25.0,3.28,1920,1080
data/raw/archive/ISL_CSLRT_Corpus/ISL_CSLRT_Corpus/Videos_Sentence_Level/wear the shirt/wear the shirt (2).mp4,Videos_Sentence_Level/wear the shirt/wear the shirt (2).mp4,wear the shirt (2).mp4,wear the shirt,wear the shirt,wear_the_shirt,class_078,WEAR SHIRT,,.mp4,0.118216,50,25.0,2.0,240,320
data/raw/archive/ISL_CSLRT_Corpus/ISL_CSLRT_Corpus/Videos_Sentence_Level/wear the shirt/wear the shirt.mp4,Videos_Sentence_Level/wear the shirt/wear the shirt.mp4,wear the shirt.mp4,wear the shirt,wear the shirt,wear_the_shirt,class_078,WEAR SHIRT,,.mp4,0.645896,50,25.0,2.0,240,320
data/raw/archive/ISL_CSLRT_Corpus/ISL_CSLRT_Corpus/Videos_Sentence_Level/what are you doing/what are you doing (1).MP4,Videos_Sentence_Level/what are you doing/what are you doing (1).MP4,what are you doing (1).MP4,what are you doing,what are you doing,what_are_you_doing,class_079,WHAT YOU DO,,.mp4,13.036844,93,25.0,3.72,1920,1080
data/raw/archive/ISL_CSLRT_Corpus/ISL_CSLRT_Corpus/Videos_Sentence_Level/what are you doing/what are you doing (3).MP4,Videos_Sentence_Level/what are you doing/what are you doing (3).MP4,what are you doing (3).MP4,what are you doing,what are you doing,what_are_you_doing,class_079,WHAT YOU DO,,.mp4,12.730934,92,25.0,3.68,1920,1080
data/raw/archive/ISL_CSLRT_Corpus/ISL_CSLRT_Corpus/Videos_Sentence_Level/what are you doing/what are you doing (4).MP4,Videos_Sentence_Level/what are you doing/what are you doing (4).MP4,what are you doing (4).MP4,what are you doing,what are you doing,what_are_you_doing,class_079,WHAT YOU DO,,.mp4,12.514484,93,25.0,3.72,1920,1080
data/raw/archive/ISL_CSLRT_Corpus/ISL_CSLRT_Corpus/Videos_Sentence_Level/what are you doing/what are you doing (5).MP4,Videos_Sentence_Level/what are you doing/what are you doing (5).MP4,what are you doing (5).MP4,what are you doing,what are you doing,what_are_you_doing,class_079,WHAT YOU DO,,.mp4,14.960892,112,25.0,4.48,1920,1080
data/raw/archive/ISL_CSLRT_Corpus/ISL_CSLRT_Corpus/Videos_Sentence_Level/what are you doing/what are you doing (6).MP4,Videos_Sentence_Level/what are you doing/what are you doing (6).MP4,what are you doing (6).MP4,what are you doing,what are you doing,what_are_you_doing,class_079,WHAT YOU DO,,.mp4,13.518874,99,25.0,3.96,1920,1080
data/raw/archive/ISL_CSLRT_Corpus/ISL_CSLRT_Corpus/Videos_Sentence_Level/what are you doing/what are you doing (7).mp4,Videos_Sentence_Level/what are you doing/what are you doing (7).mp4,what are you doing (7).mp4,what are you doing,what are you doing,what_are_you_doing,class_079,WHAT YOU DO,,.mp4,0.11018,50,25.0,2.0,240,320
data/raw/archive/ISL_CSLRT_Corpus/ISL_CSLRT_Corpus/Videos_Sentence_Level/what are you doing/what are you doing (8).mp4,Videos_Sentence_Level/what are you doing/what are you doing (8).mp4,what are you doing (8).mp4,what are you doing,what are you doing,what_are_you_doing,class_079,WHAT YOU DO,,.mp4,0.948615,75,25.0,3.0,240,320
data/raw/archive/ISL_CSLRT_Corpus/ISL_CSLRT_Corpus/Videos_Sentence_Level/what did you tell him/MVI_6497.MP4,Videos_Sentence_Level/what did you tell him/MVI_6497.MP4,MVI_6497.MP4,what did you tell him,what did you tell him,what_did_you_tell_him,class_080,WHAT YOU TELL HIM,,.mp4,11.508976,83,25.0,3.32,1920,1080
data/raw/archive/ISL_CSLRT_Corpus/ISL_CSLRT_Corpus/Videos_Sentence_Level/what did you tell him/tell him (2).MP4,Videos_Sentence_Level/what did you tell him/tell him (2).MP4,tell him (2).MP4,what did you tell him,what did you tell him,what_did_you_tell_him,class_080,WHAT YOU TELL HIM,,.mp4,10.882145,81,25.0,3.24,1920,1080
data/raw/archive/ISL_CSLRT_Corpus/ISL_CSLRT_Corpus/Videos_Sentence_Level/what did you tell him/tell him (3).MP4,Videos_Sentence_Level/what did you tell him/tell him (3).MP4,tell him (3).MP4,what did you tell him,what did you tell him,what_did_you_tell_him,class_080,WHAT YOU TELL HIM,,.mp4,14.458514,106,25.0,4.24,1920,1080
data/raw/archive/ISL_CSLRT_Corpus/ISL_CSLRT_Corpus/Videos_Sentence_Level/what did you tell him/tell him (4).MP4,Videos_Sentence_Level/what did you tell him/tell him (4).MP4,tell him (4).MP4,what did you tell him,what did you tell him,what_did_you_tell_him,class_080,WHAT YOU TELL HIM,,.mp4,13.75809,102,25.0,4.08,1920,1080
data/raw/archive/ISL_CSLRT_Corpus/ISL_CSLRT_Corpus/Videos_Sentence_Level/what did you tell him/tell him.MP4,Videos_Sentence_Level/what did you tell him/tell him.MP4,tell him.MP4,what did you tell him,what did you tell him,what_did_you_tell_him,class_080,WHAT YOU TELL HIM,,.mp4,10.672708,77,25.0,3.08,1920,1080
data/raw/archive/ISL_CSLRT_Corpus/ISL_CSLRT_Corpus/Videos_Sentence_Level/what did you tell him/what did you tell him (2).mp4,Videos_Sentence_Level/what did you tell him/what did you tell him (2).mp4,what did you tell him (2).mp4,what did you tell him,what did you tell him,what_did_you_tell_him,class_080,WHAT YOU TELL HIM,,.mp4,0.161643,75,25.0,3.0,240,320
data/raw/archive/ISL_CSLRT_Corpus/ISL_CSLRT_Corpus/Videos_Sentence_Level/what did you tell him/what did you tell him.mp4,Videos_Sentence_Level/what did you tell him/what did you tell him.mp4,what did you tell him.mp4,what did you tell him,what did you tell him,what_did_you_tell_him,class_080,WHAT YOU TELL HIM,,.mp4,0.589039,50,25.0,2.0,240,320
data/raw/archive/ISL_CSLRT_Corpus/ISL_CSLRT_Corpus/Videos_Sentence_Level/what do you do/what do you do (1).MP4,Videos_Sentence_Level/what do you do/what do you do (1).MP4,what do you do (1).MP4,what do you do,what do you do,what_do_you_do,class_081,WHAT YOU DO,,.mp4,12.787325,92,25.0,3.68,1920,1080
data/raw/archive/ISL_CSLRT_Corpus/ISL_CSLRT_Corpus/Videos_Sentence_Level/what do you do/what do you do (3).MP4,Videos_Sentence_Level/what do you do/what do you do (3).MP4,what do you do (3).MP4,what do you do,what do you do,what_do_you_do,class_081,WHAT YOU DO,,.mp4,12.326098,89,25.0,3.56,1920,1080
data/raw/archive/ISL_CSLRT_Corpus/ISL_CSLRT_Corpus/Videos_Sentence_Level/what do you do/what do you do (4).MP4,Videos_Sentence_Level/what do you do/what do you do (4).MP4,what do you do (4).MP4,what do you do,what do you do,what_do_you_do,class_081,WHAT YOU DO,,.mp4,13.259192,99,25.0,3.96,1920,1080
data/raw/archive/ISL_CSLRT_Corpus/ISL_CSLRT_Corpus/Videos_Sentence_Level/what do you do/what do you do (5).MP4,Videos_Sentence_Level/what do you do/what do you do (5).MP4,what do you do (5).MP4,what do you do,what do you do,what_do_you_do,class_081,WHAT YOU DO,,.mp4,12.245322,89,25.0,3.56,1920,1080
data/raw/archive/ISL_CSLRT_Corpus/ISL_CSLRT_Corpus/Videos_Sentence_Level/what do you do/what do you do (6).mp4,Videos_Sentence_Level/what do you do/what do you do (6).mp4,what do you do (6).mp4,what do you do,what do you do,what_do_you_do,class_081,WHAT YOU DO,,.mp4,0.637754,50,25.0,2.0,240,320
data/raw/archive/ISL_CSLRT_Corpus/ISL_CSLRT_Corpus/Videos_Sentence_Level/what do you do/what do you do (7).mp4,Videos_Sentence_Level/what do you do/what do you do (7).mp4,what do you do (7).mp4,what do you do,what do you do,what_do_you_do,class_081,WHAT YOU DO,,.mp4,0.108106,50,25.0,2.0,240,320
data/raw/archive/ISL_CSLRT_Corpus/ISL_CSLRT_Corpus/Videos_Sentence_Level/what do you think/what do you think (1).MP4,Videos_Sentence_Level/what do you think/what do you think (1).MP4,what do you think (1).MP4,what do you think,what do you think,what_do_you_think,class_082,WHAT DO YOU THINK,,.mp4,14.272788,99,25.0,3.96,1920,1080
data/raw/archive/ISL_CSLRT_Corpus/ISL_CSLRT_Corpus/Videos_Sentence_Level/what do you think/what do you think (3).MP4,Videos_Sentence_Level/what do you think/what do you think (3).MP4,what do you think (3).MP4,what do you think,what do you think,what_do_you_think,class_082,WHAT DO YOU THINK,,.mp4,11.061315,79,25.0,3.16,1920,1080
data/raw/archive/ISL_CSLRT_Corpus/ISL_CSLRT_Corpus/Videos_Sentence_Level/what do you think/what do you think (4).MP4,Videos_Sentence_Level/what do you think/what do you think (4).MP4,what do you think (4).MP4,what do you think,what do you think,what_do_you_think,class_082,WHAT DO YOU THINK,,.mp4,10.426169,75,25.0,3.0,1920,1080
data/raw/archive/ISL_CSLRT_Corpus/ISL_CSLRT_Corpus/Videos_Sentence_Level/what do you think/what do you think (5).MP4,Videos_Sentence_Level/what do you think/what do you think (5).MP4,what do you think (5).MP4,what do you think,what do you think,what_do_you_think,class_082,WHAT DO YOU THINK,,.mp4,13.418931,100,25.0,4.0,1920,1080
data/raw/archive/ISL_CSLRT_Corpus/ISL_CSLRT_Corpus/Videos_Sentence_Level/what do you think/what do you think (6).MP4,Videos_Sentence_Level/what do you think/what do you think (6).MP4,what do you think (6).MP4,what do you think,what do you think,what_do_you_think,class_082,WHAT DO YOU THINK,,.mp4,11.968357,86,25.0,3.44,1920,1080
data/raw/archive/ISL_CSLRT_Corpus/ISL_CSLRT_Corpus/Videos_Sentence_Level/what do you think/what do you think (7).mp4,Videos_Sentence_Level/what do you think/what do you think (7).mp4,what do you think (7).mp4,what do you think,what do you think,what_do_you_think,class_082,WHAT DO YOU THINK,,.mp4,0.063522,25,25.0,1.0,240,320
data/raw/archive/ISL_CSLRT_Corpus/ISL_CSLRT_Corpus/Videos_Sentence_Level/what do you think/what do you think (8).mp4,Videos_Sentence_Level/what do you think/what do you think (8).mp4,what do you think (8).mp4,what do you think,what do you think,what_do_you_think,class_082,WHAT DO YOU THINK,,.mp4,1.249584,100,25.0,4.0,240,320
data/raw/archive/ISL_CSLRT_Corpus/ISL_CSLRT_Corpus/Videos_Sentence_Level/what do you want to become/become (2).MP4,Videos_Sentence_Level/what do you want to become/become (2).MP4,become (2).MP4,what do you want to become,what do you want to become,what_do_you_want_to_become,class_083,WHAT DO YOU WANT BECOME,,.mp4,11.682654,85,25.0,3.4,1920,1080
data/raw/archive/ISL_CSLRT_Corpus/ISL_CSLRT_Corpus/Videos_Sentence_Level/what do you want to become/become (3).MP4,Videos_Sentence_Level/what do you want to become/become (3).MP4,become (3).MP4,what do you want to become,what do you want to become,what_do_you_want_to_become,class_083,WHAT DO YOU WANT BECOME,,.mp4,15.544541,113,25.0,4.52,1920,1080
data/raw/archive/ISL_CSLRT_Corpus/ISL_CSLRT_Corpus/Videos_Sentence_Level/what do you want to become/become (4).MP4,Videos_Sentence_Level/what do you want to become/become (4).MP4,become (4).MP4,what do you want to become,what do you want to become,what_do_you_want_to_become,class_083,WHAT DO YOU WANT BECOME,,.mp4,12.671516,92,25.0,3.68,1920,1080
data/raw/archive/ISL_CSLRT_Corpus/ISL_CSLRT_Corpus/Videos_Sentence_Level/what do you want to become/become (5).MP4,Videos_Sentence_Level/what do you want to become/become (5).MP4,become (5).MP4,what do you want to become,what do you want to become,what_do_you_want_to_become,class_083,WHAT DO YOU WANT BECOME,,.mp4,14.458023,104,25.0,4.16,1920,1080
data/raw/archive/ISL_CSLRT_Corpus/ISL_CSLRT_Corpus/Videos_Sentence_Level/what do you want to become/become.MP4,Videos_Sentence_Level/what do you want to become/become.MP4,become.MP4,what do you want to become,what do you want to become,what_do_you_want_to_become,class_083,WHAT DO YOU WANT BECOME,,.mp4,13.338046,96,25.0,3.84,1920,1080
data/raw/archive/ISL_CSLRT_Corpus/ISL_CSLRT_Corpus/Videos_Sentence_Level/what do you want to become/what do you want to become (2).mp4,Videos_Sentence_Level/what do you want to become/what do you want to become (2).mp4,what do you want to become (2).mp4,what do you want to become,what do you want to become,what_do_you_want_to_become,class_083,WHAT DO YOU WANT BECOME,,.mp4,0.126972,50,25.0,2.0,240,320
data/raw/archive/ISL_CSLRT_Corpus/ISL_CSLRT_Corpus/Videos_Sentence_Level/what do you want to become/what do you want to become.mp4,Videos_Sentence_Level/what do you want to become/what do you want to become.mp4,what do you want to become.mp4,what do you want to become,what do you want to become,what_do_you_want_to_become,class_083,WHAT DO YOU WANT BECOME,,.mp4,1.243159,100,25.0,4.0,240,320
data/raw/archive/ISL_CSLRT_Corpus/ISL_CSLRT_Corpus/Videos_Sentence_Level/what happened/happen.MP4,Videos_Sentence_Level/what happened/happen.MP4,happen.MP4,what happened,what happened,what_happened,class_084,WHAT HAPPENED,,.mp4,12.742682,94,25.0,3.76,1920,1080
data/raw/archive/ISL_CSLRT_Corpus/ISL_CSLRT_Corpus/Videos_Sentence_Level/what happened/happened (2).MP4,Videos_Sentence_Level/what happened/happened (2).MP4,happened (2).MP4,what happened,what happened,what_happened,class_084,WHAT HAPPENED,,.mp4,12.063315,89,25.0,3.56,1920,1080
data/raw/archive/ISL_CSLRT_Corpus/ISL_CSLRT_Corpus/Videos_Sentence_Level/what happened/happened (3).MP4,Videos_Sentence_Level/what happened/happened (3).MP4,happened (3).MP4,what happened,what happened,what_happened,class_084,WHAT HAPPENED,,.mp4,12.33661,89,25.0,3.56,1920,1080
data/raw/archive/ISL_CSLRT_Corpus/ISL_CSLRT_Corpus/Videos_Sentence_Level/what happened/happened.MP4,Videos_Sentence_Level/what happened/happened.MP4,happened.MP4,what happened,what happened,what_happened,class_084,WHAT HAPPENED,,.mp4,8.701648,62,25.0,2.48,1920,1080
data/raw/archive/ISL_CSLRT_Corpus/ISL_CSLRT_Corpus/Videos_Sentence_Level/what happened/MVI_6495.MP4,Videos_Sentence_Level/what happened/MVI_6495.MP4,MVI_6495.MP4,what happened,what happened,what_happened,class_084,WHAT HAPPENED,,.mp4,12.923021,94,25.0,3.76,1920,1080
data/raw/archive/ISL_CSLRT_Corpus/ISL_CSLRT_Corpus/Videos_Sentence_Level/what happened/what happened.mp4,Videos_Sentence_Level/what happened/what happened.mp4,what happened.mp4,what happened,what happened,what_happened,class_084,WHAT HAPPENED,,.mp4,0.168811,75,25.0,3.0,240,320
data/raw/archive/ISL_CSLRT_Corpus/ISL_CSLRT_Corpus/Videos_Sentence_Level/what have you planned for your career/MVI_6499.MP4,Videos_Sentence_Level/what have you planned for your career/MVI_6499.MP4,MVI_6499.MP4,what have you planned for your career,what have you planned for your career,what_have_you_planned_for_your_career,class_085,WHAT HAVE YOU PLAN YOUR CAREER,,.mp4,20.416864,146,25.0,5.84,1920,1080
data/raw/archive/ISL_CSLRT_Corpus/ISL_CSLRT_Corpus/Videos_Sentence_Level/what have you planned for your career/what have you planned for your career (2).mp4,Videos_Sentence_Level/what have you planned for your career/what have you planned for your career (2).mp4,what have you planned for your career (2).mp4,what have you planned for your career,what have you planned for your career,what_have_you_planned_for_your_career,class_085,WHAT HAVE YOU PLAN YOUR CAREER,,.mp4,0.124608,50,25.0,2.0,240,320
data/raw/archive/ISL_CSLRT_Corpus/ISL_CSLRT_Corpus/Videos_Sentence_Level/what have you planned for your career/what have you planned for your career.mp4,Videos_Sentence_Level/what have you planned for your career/what have you planned for your career.mp4,what have you planned for your career.mp4,what have you planned for your career,what have you planned for your career,what_have_you_planned_for_your_career,class_085,WHAT HAVE YOU PLAN YOUR CAREER,,.mp4,1.208083,99,25.0,3.96,240,320
data/raw/archive/ISL_CSLRT_Corpus/ISL_CSLRT_Corpus/Videos_Sentence_Level/what is your phone number/what is your phone number (1).MP4,Videos_Sentence_Level/what is your phone number/what is your phone number (1).MP4,what is your phone number (1).MP4,what is your phone number,what is your phone number,what_is_your_phone_number,class_086,WHAT YOUR PHONE NUMBER,,.mp4,20.960505,147,25.0,5.88,1920,1080
data/raw/archive/ISL_CSLRT_Corpus/ISL_CSLRT_Corpus/Videos_Sentence_Level/what is your phone number/what is your phone number (3).MP4,Videos_Sentence_Level/what is your phone number/what is your phone number (3).MP4,what is your phone number (3).MP4,what is your phone number,what is your phone number,what_is_your_phone_number,class_086,WHAT YOUR PHONE NUMBER,,.mp4,15.885991,116,25.0,4.64,1920,1080
data/raw/archive/ISL_CSLRT_Corpus/ISL_CSLRT_Corpus/Videos_Sentence_Level/what is your phone number/what is your phone number (4).MP4,Videos_Sentence_Level/what is your phone number/what is your phone number (4).MP4,what is your phone number (4).MP4,what is your phone number,what is your phone number,what_is_your_phone_number,class_086,WHAT YOUR PHONE NUMBER,,.mp4,18.737007,138,25.0,5.52,1920,1080
data/raw/archive/ISL_CSLRT_Corpus/ISL_CSLRT_Corpus/Videos_Sentence_Level/what is your phone number/what is your phone number (5).MP4,Videos_Sentence_Level/what is your phone number/what is your phone number (5).MP4,what is your phone number (5).MP4,what is your phone number,what is your phone number,what_is_your_phone_number,class_086,WHAT YOUR PHONE NUMBER,,.mp4,17.944799,134,25.0,5.36,1920,1080
data/raw/archive/ISL_CSLRT_Corpus/ISL_CSLRT_Corpus/Videos_Sentence_Level/what is your phone number/what is your phone number (6).MP4,Videos_Sentence_Level/what is your phone number/what is your phone number (6).MP4,what is your phone number (6).MP4,what is your phone number,what is your phone number,what_is_your_phone_number,class_086,WHAT YOUR PHONE NUMBER,,.mp4,15.331774,112,25.0,4.48,1920,1080
data/raw/archive/ISL_CSLRT_Corpus/ISL_CSLRT_Corpus/Videos_Sentence_Level/what is your phone number/what is your phone number (7).mp4,Videos_Sentence_Level/what is your phone number/what is your phone number (7).mp4,what is your phone number (7).mp4,what is your phone number,what is your phone number,what_is_your_phone_number,class_086,WHAT YOUR PHONE NUMBER,,.mp4,0.109741,50,25.0,2.0,240,320
data/raw/archive/ISL_CSLRT_Corpus/ISL_CSLRT_Corpus/Videos_Sentence_Level/what is your phone number/what is your phone number (8).mp4,Videos_Sentence_Level/what is your phone number/what is your phone number (8).mp4,what is your phone number (8).mp4,what is your phone number,what is your phone number,what_is_your_phone_number,class_086,WHAT YOUR PHONE NUMBER,,.mp4,0.939025,75,25.0,3.0,240,320
data/raw/archive/ISL_CSLRT_Corpus/ISL_CSLRT_Corpus/Videos_Sentence_Level/what you want/what you want (1).MP4,Videos_Sentence_Level/what you want/what you want (1).MP4,what you want (1).MP4,what you want,what you want,what_you_want,class_087,WHAT YOU WANT,,.mp4,12.817981,88,25.0,3.52,1920,1080
data/raw/archive/ISL_CSLRT_Corpus/ISL_CSLRT_Corpus/Videos_Sentence_Level/what you want/what you want (3).MP4,Videos_Sentence_Level/what you want/what you want (3).MP4,what you want (3).MP4,what you want,what you want,what_you_want,class_087,WHAT YOU WANT,,.mp4,12.905667,92,25.0,3.68,1920,1080
data/raw/archive/ISL_CSLRT_Corpus/ISL_CSLRT_Corpus/Videos_Sentence_Level/what you want/what you want (4).MP4,Videos_Sentence_Level/what you want/what you want (4).MP4,what you want (4).MP4,what you want,what you want,what_you_want,class_087,WHAT YOU WANT,,.mp4,14.210876,105,25.0,4.2,1920,1080
data/raw/archive/ISL_CSLRT_Corpus/ISL_CSLRT_Corpus/Videos_Sentence_Level/what you want/what you want (5).MP4,Videos_Sentence_Level/what you want/what you want (5).MP4,what you want (5).MP4,what you want,what you want,what_you_want,class_087,WHAT YOU WANT,,.mp4,12.761106,94,25.0,3.76,1920,1080
data/raw/archive/ISL_CSLRT_Corpus/ISL_CSLRT_Corpus/Videos_Sentence_Level/what you want/what you want (6).MP4,Videos_Sentence_Level/what you want/what you want (6).MP4,what you want (6).MP4,what you want,what you want,what_you_want,class_087,WHAT YOU WANT,,.mp4,12.859129,93,25.0,3.72,1920,1080
data/raw/archive/ISL_CSLRT_Corpus/ISL_CSLRT_Corpus/Videos_Sentence_Level/what you want/what you want (7).mp4,Videos_Sentence_Level/what you want/what you want (7).mp4,what you want (7).mp4,what you want,what you want,what_you_want,class_087,WHAT YOU WANT,,.mp4,0.063461,25,25.0,1.0,240,320
data/raw/archive/ISL_CSLRT_Corpus/ISL_CSLRT_Corpus/Videos_Sentence_Level/what you want/what you want (8).mp4,Videos_Sentence_Level/what you want/what you want (8).mp4,what you want (8).mp4,what you want,what you want,what_you_want,class_087,WHAT YOU WANT,,.mp4,1.266939,100,25.0,4.0,240,320
data/raw/archive/ISL_CSLRT_Corpus/ISL_CSLRT_Corpus/Videos_Sentence_Level/when will the train leave/leave (2).MP4,Videos_Sentence_Level/when will the train leave/leave (2).MP4,leave (2).MP4,when will the train leave,when will the train leave,when_will_the_train_leave,class_088,WHEN TRAIN LEAVE,,.mp4,16.313437,119,25.0,4.76,1920,1080
data/raw/archive/ISL_CSLRT_Corpus/ISL_CSLRT_Corpus/Videos_Sentence_Level/when will the train leave/leave (3).MP4,Videos_Sentence_Level/when will the train leave/leave (3).MP4,leave (3).MP4,when will the train leave,when will the train leave,when_will_the_train_leave,class_088,WHEN TRAIN LEAVE,,.mp4,15.194438,110,25.0,4.4,1920,1080
data/raw/archive/ISL_CSLRT_Corpus/ISL_CSLRT_Corpus/Videos_Sentence_Level/when will the train leave/leave (4).MP4,Videos_Sentence_Level/when will the train leave/leave (4).MP4,leave (4).MP4,when will the train leave,when will the train leave,when_will_the_train_leave,class_088,WHEN TRAIN LEAVE,,.mp4,14.729504,107,25.0,4.28,1920,1080
data/raw/archive/ISL_CSLRT_Corpus/ISL_CSLRT_Corpus/Videos_Sentence_Level/when will the train leave/leave (5).MP4,Videos_Sentence_Level/when will the train leave/leave (5).MP4,leave (5).MP4,when will the train leave,when will the train leave,when_will_the_train_leave,class_088,WHEN TRAIN LEAVE,,.mp4,16.124753,117,25.0,4.68,1920,1080
data/raw/archive/ISL_CSLRT_Corpus/ISL_CSLRT_Corpus/Videos_Sentence_Level/when will the train leave/leave.MP4,Videos_Sentence_Level/when will the train leave/leave.MP4,leave.MP4,when will the train leave,when will the train leave,when_will_the_train_leave,class_088,WHEN TRAIN LEAVE,,.mp4,16.959336,121,25.0,4.84,1920,1080
data/raw/archive/ISL_CSLRT_Corpus/ISL_CSLRT_Corpus/Videos_Sentence_Level/when will the train leave/when will the train leave (2).mp4,Videos_Sentence_Level/when will the train leave/when will the train leave (2).mp4,when will the train leave (2).mp4,when will the train leave,when will the train leave,when_will_the_train_leave,class_088,WHEN TRAIN LEAVE,,.mp4,0.118974,50,25.0,2.0,240,320
data/raw/archive/ISL_CSLRT_Corpus/ISL_CSLRT_Corpus/Videos_Sentence_Level/when will the train leave/when will the train leave.mp4,Videos_Sentence_Level/when will the train leave/when will the train leave.mp4,when will the train leave.mp4,when will the train leave,when will the train leave,when_will_the_train_leave,class_088,WHEN TRAIN LEAVE,,.mp4,1.248818,100,25.0,4.0,240,320
data/raw/archive/ISL_CSLRT_Corpus/ISL_CSLRT_Corpus/Videos_Sentence_Level/where are you from/where are you from (1).MP4,Videos_Sentence_Level/where are you from/where are you from (1).MP4,where are you from (1).MP4,where are you from,where are you from,where_are_you_from,class_089,WHERE YOU FROM,,.mp4,13.269848,96,25.0,3.84,1920,1080
data/raw/archive/ISL_CSLRT_Corpus/ISL_CSLRT_Corpus/Videos_Sentence_Level/where are you from/where are you from (3).MP4,Videos_Sentence_Level/where are you from/where are you from (3).MP4,where are you from (3).MP4,where are you from,where are you from,where_are_you_from,class_089,WHERE YOU FROM,,.mp4,13.200235,95,25.0,3.8,1920,1080
data/raw/archive/ISL_CSLRT_Corpus/ISL_CSLRT_Corpus/Videos_Sentence_Level/where are you from/where are you from (4).MP4,Videos_Sentence_Level/where are you from/where are you from (4).MP4,where are you from (4).MP4,where are you from,where are you from,where_are_you_from,class_089,WHERE YOU FROM,,.mp4,12.93621,95,25.0,3.8,1920,1080
data/raw/archive/ISL_CSLRT_Corpus/ISL_CSLRT_Corpus/Videos_Sentence_Level/where are you from/where are you from (5).MP4,Videos_Sentence_Level/where are you from/where are you from (5).MP4,where are you from (5).MP4,where are you from,where are you from,where_are_you_from,class_089,WHERE YOU FROM,,.mp4,13.113672,96,25.0,3.84,1920,1080
data/raw/archive/ISL_CSLRT_Corpus/ISL_CSLRT_Corpus/Videos_Sentence_Level/where are you from/where are you from (6).mp4,Videos_Sentence_Level/where are you from/where are you from (6).mp4,where are you from (6).mp4,where are you from,where are you from,where_are_you_from,class_089,WHERE YOU FROM,,.mp4,0.061214,25,25.0,1.0,240,320
data/raw/archive/ISL_CSLRT_Corpus/ISL_CSLRT_Corpus/Videos_Sentence_Level/where are you from/where are you from (7).mp4,Videos_Sentence_Level/where are you from/where are you from (7).mp4,where are you from (7).mp4,where are you from,where are you from,where_are_you_from,class_089,WHERE YOU FROM,,.mp4,0.631038,50,25.0,2.0,240,320
data/raw/archive/ISL_CSLRT_Corpus/ISL_CSLRT_Corpus/Videos_Sentence_Level/which collegeschool are you from/college school (2).MP4,Videos_Sentence_Level/which collegeschool are you from/college school (2).MP4,college school (2).MP4,which collegeschool are you from,which college school are you from,which_collegeschool_are_you_from,class_090,WHICH COLLEGE SCHOOL YOU FROM,,.mp4,23.261695,174,25.0,6.96,1920,1080
data/raw/archive/ISL_CSLRT_Corpus/ISL_CSLRT_Corpus/Videos_Sentence_Level/which collegeschool are you from/college school (3).MP4,Videos_Sentence_Level/which collegeschool are you from/college school (3).MP4,college school (3).MP4,which collegeschool are you from,which college school are you from,which_collegeschool_are_you_from,class_090,WHICH COLLEGE SCHOOL YOU FROM,,.mp4,20.577024,149,25.0,5.96,1920,1080
data/raw/archive/ISL_CSLRT_Corpus/ISL_CSLRT_Corpus/Videos_Sentence_Level/which collegeschool are you from/college school.MP4,Videos_Sentence_Level/which collegeschool are you from/college school.MP4,college school.MP4,which collegeschool are you from,which college school are you from,which_collegeschool_are_you_from,class_090,WHICH COLLEGE SCHOOL YOU FROM,,.mp4,19.22582,141,25.0,5.64,1920,1080
data/raw/archive/ISL_CSLRT_Corpus/ISL_CSLRT_Corpus/Videos_Sentence_Level/which collegeschool are you from/school college (2).MP4,Videos_Sentence_Level/which collegeschool are you from/school college (2).MP4,school college (2).MP4,which collegeschool are you from,which college school are you from,which_collegeschool_are_you_from,class_090,WHICH COLLEGE SCHOOL YOU FROM,,.mp4,25.89537,192,25.0,7.68,1920,1080
data/raw/archive/ISL_CSLRT_Corpus/ISL_CSLRT_Corpus/Videos_Sentence_Level/which collegeschool are you from/school college.MP4,Videos_Sentence_Level/which collegeschool are you from/school college.MP4,school college.MP4,which collegeschool are you from,which college school are you from,which_collegeschool_are_you_from,class_090,WHICH COLLEGE SCHOOL YOU FROM,,.mp4,17.808236,129,25.0,5.16,1920,1080
data/raw/archive/ISL_CSLRT_Corpus/ISL_CSLRT_Corpus/Videos_Sentence_Level/which collegeschool are you from/which collegeschool are you from (2).mp4,Videos_Sentence_Level/which collegeschool are you from/which collegeschool are you from (2).mp4,which collegeschool are you from (2).mp4,which collegeschool are you from,which college school are you from,which_collegeschool_are_you_from,class_090,WHICH COLLEGE SCHOOL YOU FROM,,.mp4,0.130085,50,25.0,2.0,240,320
data/raw/archive/ISL_CSLRT_Corpus/ISL_CSLRT_Corpus/Videos_Sentence_Level/which collegeschool are you from/which collegeschool are you from.mp4,Videos_Sentence_Level/which collegeschool are you from/which collegeschool are you from.mp4,which collegeschool are you from.mp4,which collegeschool are you from,which college school are you from,which_collegeschool_are_you_from,class_090,WHICH COLLEGE SCHOOL YOU FROM,,.mp4,0.941304,75,25.0,3.0,240,320
data/raw/archive/ISL_CSLRT_Corpus/ISL_CSLRT_Corpus/Videos_Sentence_Level/who are you/who are you (1).MP4,Videos_Sentence_Level/who are you/who are you (1).MP4,who are you (1).MP4,who are you,who are you,who_are_you,class_091,WHO YOU,,.mp4,15.179044,106,25.0,4.24,1920,1080
data/raw/archive/ISL_CSLRT_Corpus/ISL_CSLRT_Corpus/Videos_Sentence_Level/who are you/who are you (3).MP4,Videos_Sentence_Level/who are you/who are you (3).MP4,who are you (3).MP4,who are you,who are you,who_are_you,class_091,WHO YOU,,.mp4,11.489051,83,25.0,3.32,1920,1080
data/raw/archive/ISL_CSLRT_Corpus/ISL_CSLRT_Corpus/Videos_Sentence_Level/who are you/who are you (4).MP4,Videos_Sentence_Level/who are you/who are you (4).MP4,who are you (4).MP4,who are you,who are you,who_are_you,class_091,WHO YOU,,.mp4,10.473672,75,25.0,3.0,1920,1080
data/raw/archive/ISL_CSLRT_Corpus/ISL_CSLRT_Corpus/Videos_Sentence_Level/who are you/who are you (5).MP4,Videos_Sentence_Level/who are you/who are you (5).MP4,who are you (5).MP4,who are you,who are you,who_are_you,class_091,WHO YOU,,.mp4,9.559745,70,25.0,2.8,1920,1080
data/raw/archive/ISL_CSLRT_Corpus/ISL_CSLRT_Corpus/Videos_Sentence_Level/who are you/who are you (6).MP4,Videos_Sentence_Level/who are you/who are you (6).MP4,who are you (6).MP4,who are you,who are you,who_are_you,class_091,WHO YOU,,.mp4,11.769149,87,25.0,3.48,1920,1080
data/raw/archive/ISL_CSLRT_Corpus/ISL_CSLRT_Corpus/Videos_Sentence_Level/who are you/who are you (7).mp4,Videos_Sentence_Level/who are you/who are you (7).mp4,who are you (7).mp4,who are you,who are you,who_are_you,class_091,WHO YOU,,.mp4,0.124335,50,25.0,2.0,240,320
data/raw/archive/ISL_CSLRT_Corpus/ISL_CSLRT_Corpus/Videos_Sentence_Level/who are you/who are you (8).mp4,Videos_Sentence_Level/who are you/who are you (8).mp4,who are you (8).mp4,who are you,who are you,who_are_you,class_091,WHO YOU,,.mp4,0.644836,50,25.0,2.0,240,320
data/raw/archive/ISL_CSLRT_Corpus/ISL_CSLRT_Corpus/Videos_Sentence_Level/why are you angry/angry (2).MP4,Videos_Sentence_Level/why are you angry/angry (2).MP4,angry (2).MP4,why are you angry,why are you angry,why_are_you_angry,class_092,WHY YOU ANGRY,,.mp4,12.05375,88,25.0,3.52,1920,1080
data/raw/archive/ISL_CSLRT_Corpus/ISL_CSLRT_Corpus/Videos_Sentence_Level/why are you angry/angry (3).MP4,Videos_Sentence_Level/why are you angry/angry (3).MP4,angry (3).MP4,why are you angry,why are you angry,why_are_you_angry,class_092,WHY YOU ANGRY,,.mp4,12.609691,93,25.0,3.72,1920,1080
data/raw/archive/ISL_CSLRT_Corpus/ISL_CSLRT_Corpus/Videos_Sentence_Level/why are you angry/angry (4).MP4,Videos_Sentence_Level/why are you angry/angry (4).MP4,angry (4).MP4,why are you angry,why are you angry,why_are_you_angry,class_092,WHY YOU ANGRY,,.mp4,13.488695,99,25.0,3.96,1920,1080
data/raw/archive/ISL_CSLRT_Corpus/ISL_CSLRT_Corpus/Videos_Sentence_Level/why are you angry/angry (5).MP4,Videos_Sentence_Level/why are you angry/angry (5).MP4,angry (5).MP4,why are you angry,why are you angry,why_are_you_angry,class_092,WHY YOU ANGRY,,.mp4,12.824471,93,25.0,3.72,1920,1080
data/raw/archive/ISL_CSLRT_Corpus/ISL_CSLRT_Corpus/Videos_Sentence_Level/why are you angry/angry.MP4,Videos_Sentence_Level/why are you angry/angry.MP4,angry.MP4,why are you angry,why are you angry,why_are_you_angry,class_092,WHY YOU ANGRY,,.mp4,11.111782,79,25.0,3.16,1920,1080
data/raw/archive/ISL_CSLRT_Corpus/ISL_CSLRT_Corpus/Videos_Sentence_Level/why are you angry/why are you angry (2).mp4,Videos_Sentence_Level/why are you angry/why are you angry (2).mp4,why are you angry (2).mp4,why are you angry,why are you angry,why_are_you_angry,class_092,WHY YOU ANGRY,,.mp4,0.117224,50,25.0,2.0,240,320
data/raw/archive/ISL_CSLRT_Corpus/ISL_CSLRT_Corpus/Videos_Sentence_Level/why are you angry/why are you angry.mp4,Videos_Sentence_Level/why are you angry/why are you angry.mp4,why are you angry.mp4,why are you angry,why are you angry,why_are_you_angry,class_092,WHY YOU ANGRY,,.mp4,0.616077,50,25.0,2.0,240,320
data/raw/archive/ISL_CSLRT_Corpus/ISL_CSLRT_Corpus/Videos_Sentence_Level/why are you crying/crying (2).MP4,Videos_Sentence_Level/why are you crying/crying (2).MP4,crying (2).MP4,why are you crying,why are you crying,why_are_you_crying,class_093,WHY YOU CRY,,.mp4,13.613146,100,25.0,4.0,1920,1080
data/raw/archive/ISL_CSLRT_Corpus/ISL_CSLRT_Corpus/Videos_Sentence_Level/why are you crying/crying (3).MP4,Videos_Sentence_Level/why are you crying/crying (3).MP4,crying (3).MP4,why are you crying,why are you crying,why_are_you_crying,class_093,WHY YOU CRY,,.mp4,15.695657,116,25.0,4.64,1920,1080
data/raw/archive/ISL_CSLRT_Corpus/ISL_CSLRT_Corpus/Videos_Sentence_Level/why are you crying/crying (4).MP4,Videos_Sentence_Level/why are you crying/crying (4).MP4,crying (4).MP4,why are you crying,why are you crying,why_are_you_crying,class_093,WHY YOU CRY,,.mp4,12.430034,91,25.0,3.64,1920,1080
data/raw/archive/ISL_CSLRT_Corpus/ISL_CSLRT_Corpus/Videos_Sentence_Level/why are you crying/crying (5).MP4,Videos_Sentence_Level/why are you crying/crying (5).MP4,crying (5).MP4,why are you crying,why are you crying,why_are_you_crying,class_093,WHY YOU CRY,,.mp4,13.81364,100,25.0,4.0,1920,1080
data/raw/archive/ISL_CSLRT_Corpus/ISL_CSLRT_Corpus/Videos_Sentence_Level/why are you crying/crying.MP4,Videos_Sentence_Level/why are you crying/crying.MP4,crying.MP4,why are you crying,why are you crying,why_are_you_crying,class_093,WHY YOU CRY,,.mp4,13.917501,100,25.0,4.0,1920,1080
data/raw/archive/ISL_CSLRT_Corpus/ISL_CSLRT_Corpus/Videos_Sentence_Level/why are you crying/why are you crying (2).mp4,Videos_Sentence_Level/why are you crying/why are you crying (2).mp4,why are you crying (2).mp4,why are you crying,why are you crying,why_are_you_crying,class_093,WHY YOU CRY,,.mp4,0.113804,50,25.0,2.0,240,320
data/raw/archive/ISL_CSLRT_Corpus/ISL_CSLRT_Corpus/Videos_Sentence_Level/why are you crying/why are you crying.mp4,Videos_Sentence_Level/why are you crying/why are you crying.mp4,why are you crying.mp4,why are you crying,why are you crying,why_are_you_crying,class_093,WHY YOU CRY,,.mp4,0.934434,75,25.0,3.0,240,320
data/raw/archive/ISL_CSLRT_Corpus/ISL_CSLRT_Corpus/Videos_Sentence_Level/why are you disappointed/disappointed (2).MP4,Videos_Sentence_Level/why are you disappointed/disappointed (2).MP4,disappointed (2).MP4,why are you disappointed,why are you disappointed,why_are_you_disappointed,class_094,WHY YOU DISAPPOINTED,,.mp4,16.587692,123,25.0,4.92,1920,1080
data/raw/archive/ISL_CSLRT_Corpus/ISL_CSLRT_Corpus/Videos_Sentence_Level/why are you disappointed/disappointed (3).MP4,Videos_Sentence_Level/why are you disappointed/disappointed (3).MP4,disappointed (3).MP4,why are you disappointed,why are you disappointed,why_are_you_disappointed,class_094,WHY YOU DISAPPOINTED,,.mp4,13.923245,103,25.0,4.12,1920,1080
data/raw/archive/ISL_CSLRT_Corpus/ISL_CSLRT_Corpus/Videos_Sentence_Level/why are you disappointed/disappointed (4).MP4,Videos_Sentence_Level/why are you disappointed/disappointed (4).MP4,disappointed (4).MP4,why are you disappointed,why are you disappointed,why_are_you_disappointed,class_094,WHY YOU DISAPPOINTED,,.mp4,13.389164,99,25.0,3.96,1920,1080
data/raw/archive/ISL_CSLRT_Corpus/ISL_CSLRT_Corpus/Videos_Sentence_Level/why are you disappointed/disappointed (5).MP4,Videos_Sentence_Level/why are you disappointed/disappointed (5).MP4,disappointed (5).MP4,why are you disappointed,why are you disappointed,why_are_you_disappointed,class_094,WHY YOU DISAPPOINTED,,.mp4,15.878407,116,25.0,4.64,1920,1080
data/raw/archive/ISL_CSLRT_Corpus/ISL_CSLRT_Corpus/Videos_Sentence_Level/why are you disappointed/disappointed.MP4,Videos_Sentence_Level/why are you disappointed/disappointed.MP4,disappointed.MP4,why are you disappointed,why are you disappointed,why_are_you_disappointed,class_094,WHY YOU DISAPPOINTED,,.mp4,12.974147,94,25.0,3.76,1920,1080
data/raw/archive/ISL_CSLRT_Corpus/ISL_CSLRT_Corpus/Videos_Sentence_Level/why are you disappointed/why are you disappointed (2).mp4,Videos_Sentence_Level/why are you disappointed/why are you disappointed (2).mp4,why are you disappointed (2).mp4,why are you disappointed,why are you disappointed,why_are_you_disappointed,class_094,WHY YOU DISAPPOINTED,,.mp4,0.19043,75,25.0,3.0,240,320
data/raw/archive/ISL_CSLRT_Corpus/ISL_CSLRT_Corpus/Videos_Sentence_Level/why are you disappointed/why are you disappointed.mp4,Videos_Sentence_Level/why are you disappointed/why are you disappointed.mp4,why are you disappointed.mp4,why are you disappointed,why are you disappointed,why_are_you_disappointed,class_094,WHY YOU DISAPPOINTED,,.mp4,0.96704,75,25.0,3.0,240,320
data/raw/archive/ISL_CSLRT_Corpus/ISL_CSLRT_Corpus/Videos_Sentence_Level/you are bad/bad (2).MP4,Videos_Sentence_Level/you are bad/bad (2).MP4,bad (2).MP4,you are bad,you are bad,you_are_bad,class_095,YOU BAD,,.mp4,10.678761,77,25.0,3.08,1920,1080
data/raw/archive/ISL_CSLRT_Corpus/ISL_CSLRT_Corpus/Videos_Sentence_Level/you are bad/bad (3).MP4,Videos_Sentence_Level/you are bad/bad (3).MP4,bad (3).MP4,you are bad,you are bad,you_are_bad,class_095,YOU BAD,,.mp4,10.479598,76,25.0,3.04,1920,1080
data/raw/archive/ISL_CSLRT_Corpus/ISL_CSLRT_Corpus/Videos_Sentence_Level/you are bad/bad (4).MP4,Videos_Sentence_Level/you are bad/bad (4).MP4,bad (4).MP4,you are bad,you are bad,you_are_bad,class_095,YOU BAD,,.mp4,10.026418,73,25.0,2.92,1920,1080
data/raw/archive/ISL_CSLRT_Corpus/ISL_CSLRT_Corpus/Videos_Sentence_Level/you are bad/bad (5).MP4,Videos_Sentence_Level/you are bad/bad (5).MP4,bad (5).MP4,you are bad,you are bad,you_are_bad,class_095,YOU BAD,,.mp4,8.045133,58,25.0,2.32,1920,1080
data/raw/archive/ISL_CSLRT_Corpus/ISL_CSLRT_Corpus/Videos_Sentence_Level/you are bad/bad 1.MP4,Videos_Sentence_Level/you are bad/bad 1.MP4,bad 1.MP4,you are bad,you are bad,you_are_bad,class_095,YOU BAD,,.mp4,13.720466,101,25.0,4.04,1920,1080
data/raw/archive/ISL_CSLRT_Corpus/ISL_CSLRT_Corpus/Videos_Sentence_Level/you are bad/bad.MP4,Videos_Sentence_Level/you are bad/bad.MP4,bad.MP4,you are bad,you are bad,you_are_bad,class_095,YOU BAD,,.mp4,10.29206,75,25.0,3.0,1920,1080
data/raw/archive/ISL_CSLRT_Corpus/ISL_CSLRT_Corpus/Videos_Sentence_Level/you are bad/you are bad (2).mp4,Videos_Sentence_Level/you are bad/you are bad (2).mp4,you are bad (2).mp4,you are bad,you are bad,you_are_bad,class_095,YOU BAD,,.mp4,0.06335,25,25.0,1.0,240,320
data/raw/archive/ISL_CSLRT_Corpus/ISL_CSLRT_Corpus/Videos_Sentence_Level/you are bad/you are bad.mp4,Videos_Sentence_Level/you are bad/you are bad.mp4,you are bad.mp4,you are bad,you are bad,you_are_bad,class_095,YOU BAD,,.mp4,0.300243,25,25.0,1.0,240,320
data/raw/archive/ISL_CSLRT_Corpus/ISL_CSLRT_Corpus/Videos_Sentence_Level/you are good/good (2).MP4,Videos_Sentence_Level/you are good/good (2).MP4,good (2).MP4,you are good,you are good,you_are_good,class_096,YOU GOOD,,.mp4,9.737447,71,25.0,2.84,1920,1080
data/raw/archive/ISL_CSLRT_Corpus/ISL_CSLRT_Corpus/Videos_Sentence_Level/you are good/good (3).MP4,Videos_Sentence_Level/you are good/good (3).MP4,good (3).MP4,you are good,you are good,you_are_good,class_096,YOU GOOD,,.mp4,9.386952,69,25.0,2.76,1920,1080
data/raw/archive/ISL_CSLRT_Corpus/ISL_CSLRT_Corpus/Videos_Sentence_Level/you are good/good (4).MP4,Videos_Sentence_Level/you are good/good (4).MP4,good (4).MP4,you are good,you are good,you_are_good,class_096,YOU GOOD,,.mp4,9.551356,70,25.0,2.8,1920,1080
data/raw/archive/ISL_CSLRT_Corpus/ISL_CSLRT_Corpus/Videos_Sentence_Level/you are good/good (5).MP4,Videos_Sentence_Level/you are good/good (5).MP4,good (5).MP4,you are good,you are good,you_are_good,class_096,YOU GOOD,,.mp4,10.447765,76,25.0,3.04,1920,1080
data/raw/archive/ISL_CSLRT_Corpus/ISL_CSLRT_Corpus/Videos_Sentence_Level/you are good/good.MP4,Videos_Sentence_Level/you are good/good.MP4,good.MP4,you are good,you are good,you_are_good,class_096,YOU GOOD,,.mp4,9.168377,66,25.0,2.64,1920,1080
data/raw/archive/ISL_CSLRT_Corpus/ISL_CSLRT_Corpus/Videos_Sentence_Level/you are good/you are good (2).mp4,Videos_Sentence_Level/you are good/you are good (2).mp4,you are good (2).mp4,you are good,you are good,you_are_good,class_096,YOU GOOD,,.mp4,0.061439,25,25.0,1.0,240,320
data/raw/archive/ISL_CSLRT_Corpus/ISL_CSLRT_Corpus/Videos_Sentence_Level/you are good/you are good.mp4,Videos_Sentence_Level/you are good/you are good.mp4,you are good.mp4,you are good,you are good,you_are_good,class_096,YOU GOOD,,.mp4,0.627242,50,25.0,2.0,240,320
data/raw/archive/ISL_CSLRT_Corpus/ISL_CSLRT_Corpus/Videos_Sentence_Level/you are welcome/welcome (2).MP4,Videos_Sentence_Level/you are welcome/welcome (2).MP4,welcome (2).MP4,you are welcome,you are welcome,you_are_welcome,class_097,YOU WELCOME,,.mp4,7.257204,51,25.0,2.04,1920,1080
data/raw/archive/ISL_CSLRT_Corpus/ISL_CSLRT_Corpus/Videos_Sentence_Level/you are welcome/welcome (3).MP4,Videos_Sentence_Level/you are welcome/welcome (3).MP4,welcome (3).MP4,you are welcome,you are welcome,you_are_welcome,class_097,YOU WELCOME,,.mp4,11.53782,83,25.0,3.32,1920,1080
data/raw/archive/ISL_CSLRT_Corpus/ISL_CSLRT_Corpus/Videos_Sentence_Level/you are welcome/welcome (4).MP4,Videos_Sentence_Level/you are welcome/welcome (4).MP4,welcome (4).MP4,you are welcome,you are welcome,you_are_welcome,class_097,YOU WELCOME,,.mp4,9.173386,66,25.0,2.64,1920,1080
data/raw/archive/ISL_CSLRT_Corpus/ISL_CSLRT_Corpus/Videos_Sentence_Level/you are welcome/welcome (5).MP4,Videos_Sentence_Level/you are welcome/welcome (5).MP4,welcome (5).MP4,you are welcome,you are welcome,you_are_welcome,class_097,YOU WELCOME,,.mp4,11.14758,82,25.0,3.28,1920,1080
data/raw/archive/ISL_CSLRT_Corpus/ISL_CSLRT_Corpus/Videos_Sentence_Level/you are welcome/welcome.MP4,Videos_Sentence_Level/you are welcome/welcome.MP4,welcome.MP4,you are welcome,you are welcome,you_are_welcome,class_097,YOU WELCOME,,.mp4,10.05442,71,25.0,2.84,1920,1080
data/raw/archive/ISL_CSLRT_Corpus/ISL_CSLRT_Corpus/Videos_Sentence_Level/you are welcome/you are welcome (2).mp4,Videos_Sentence_Level/you are welcome/you are welcome (2).mp4,you are welcome (2).mp4,you are welcome,you are welcome,you_are_welcome,class_097,YOU WELCOME,,.mp4,0.115993,50,25.0,2.0,240,320
data/raw/archive/ISL_CSLRT_Corpus/ISL_CSLRT_Corpus/Videos_Sentence_Level/you are welcome/you are welcome.mp4,Videos_Sentence_Level/you are welcome/you are welcome.mp4,you are welcome.mp4,you are welcome,you are welcome,you_are_welcome,class_097,YOU WELCOME,,.mp4,0.308734,25,25.0,1.0,240,320
data/raw/archive/ISL_CSLRT_Corpus/ISL_CSLRT_Corpus/Videos_Sentence_Level/you can do it/can do (2).MP4,Videos_Sentence_Level/you can do it/can do (2).MP4,can do (2).MP4,you can do it,you can do it,you_can_do_it,class_098,YOU DO IT,,.mp4,13.004463,95,25.0,3.8,1920,1080
data/raw/archive/ISL_CSLRT_Corpus/ISL_CSLRT_Corpus/Videos_Sentence_Level/you can do it/can do (3).MP4,Videos_Sentence_Level/you can do it/can do (3).MP4,can do (3).MP4,you can do it,you can do it,you_can_do_it,class_098,YOU DO IT,,.mp4,13.376969,98,25.0,3.92,1920,1080
data/raw/archive/ISL_CSLRT_Corpus/ISL_CSLRT_Corpus/Videos_Sentence_Level/you can do it/can do (4).MP4,Videos_Sentence_Level/you can do it/can do (4).MP4,can do (4).MP4,you can do it,you can do it,you_can_do_it,class_098,YOU DO IT,,.mp4,11.821774,87,25.0,3.48,1920,1080
data/raw/archive/ISL_CSLRT_Corpus/ISL_CSLRT_Corpus/Videos_Sentence_Level/you can do it/can do (5).MP4,Videos_Sentence_Level/you can do it/can do (5).MP4,can do (5).MP4,you can do it,you can do it,you_can_do_it,class_098,YOU DO IT,,.mp4,12.003742,85,25.0,3.4,1920,1080
data/raw/archive/ISL_CSLRT_Corpus/ISL_CSLRT_Corpus/Videos_Sentence_Level/you can do it/can do.MP4,Videos_Sentence_Level/you can do it/can do.MP4,can do.MP4,you can do it,you can do it,you_can_do_it,class_098,YOU DO IT,,.mp4,13.496956,95,25.0,3.8,1920,1080
data/raw/archive/ISL_CSLRT_Corpus/ISL_CSLRT_Corpus/Videos_Sentence_Level/you can do it/you can do it (2).mp4,Videos_Sentence_Level/you can do it/you can do it (2).mp4,you can do it (2).mp4,you can do it,you can do it,you_can_do_it,class_098,YOU DO IT,,.mp4,0.122084,50,25.0,2.0,240,320
data/raw/archive/ISL_CSLRT_Corpus/ISL_CSLRT_Corpus/Videos_Sentence_Level/you can do it/you can do it.mp4,Videos_Sentence_Level/you can do it/you can do it.mp4,you can do it.mp4,you can do it,you can do it,you_can_do_it,class_098,YOU DO IT,,.mp4,0.978386,75,25.0,3.0,240,320
"data/raw/archive/ISL_CSLRT_Corpus/ISL_CSLRT_Corpus/Videos_Sentence_Level/you do anything, i do not care/care.MP4","Videos_Sentence_Level/you do anything, i do not care/care.MP4",care.MP4,"you do anything, i do not care","you do anything, i do not care","you_do_anything,_i_do_not_care",class_099,"YOU DO ANYTHING, I DO NOT CARE",,.mp4,23.050937,169,25.0,6.76,1920,1080
"data/raw/archive/ISL_CSLRT_Corpus/ISL_CSLRT_Corpus/Videos_Sentence_Level/you do anything, i do not care/donotcare.MP4","Videos_Sentence_Level/you do anything, i do not care/donotcare.MP4",donotcare.MP4,"you do anything, i do not care","you do anything, i do not care","you_do_anything,_i_do_not_care",class_099,"YOU DO ANYTHING, I DO NOT CARE",,.mp4,18.506042,133,25.0,5.32,1920,1080
"data/raw/archive/ISL_CSLRT_Corpus/ISL_CSLRT_Corpus/Videos_Sentence_Level/you do anything, i do not care/dont care (2).MP4","Videos_Sentence_Level/you do anything, i do not care/dont care (2).MP4",dont care (2).MP4,"you do anything, i do not care","you do anything, i do not care","you_do_anything,_i_do_not_care",class_099,"YOU DO ANYTHING, I DO NOT CARE",,.mp4,20.354452,150,25.0,6.0,1920,1080
"data/raw/archive/ISL_CSLRT_Corpus/ISL_CSLRT_Corpus/Videos_Sentence_Level/you do anything, i do not care/dont care.MP4","Videos_Sentence_Level/you do anything, i do not care/dont care.MP4",dont care.MP4,"you do anything, i do not care","you do anything, i do not care","you_do_anything,_i_do_not_care",class_099,"YOU DO ANYTHING, I DO NOT CARE",,.mp4,24.828224,186,25.0,7.44,1920,1080
"data/raw/archive/ISL_CSLRT_Corpus/ISL_CSLRT_Corpus/Videos_Sentence_Level/you do anything, i do not care/you do anything, i do not care (2).mp4","Videos_Sentence_Level/you do anything, i do not care/you do anything, i do not care (2).mp4","you do anything, i do not care (2).mp4","you do anything, i do not care","you do anything, i do not care","you_do_anything,_i_do_not_care",class_099,"YOU DO ANYTHING, I DO NOT CARE",,.mp4,0.178753,75,25.0,3.0,240,320
"data/raw/archive/ISL_CSLRT_Corpus/ISL_CSLRT_Corpus/Videos_Sentence_Level/you do anything, i do not care/you do anything, i do not care.mp4","Videos_Sentence_Level/you do anything, i do not care/you do anything, i do not care.mp4","you do anything, i do not care.mp4","you do anything, i do not care","you do anything, i do not care","you_do_anything,_i_do_not_care",class_099,"YOU DO ANYTHING, I DO NOT CARE",,.mp4,1.549944,125,25.0,5.0,240,320
"data/raw/archive/ISL_CSLRT_Corpus/ISL_CSLRT_Corpus/Videos_Sentence_Level/you need a medicine, take this one/medicine (2).MP4","Videos_Sentence_Level/you need a medicine, take this one/medicine (2).MP4",medicine (2).MP4,"you need a medicine, take this one","you need a medicine, take this one","you_need_a_medicine,_take_this_one",class_100,"YOU NEED A MEDICINE, TAKE THIS ONE",,.mp4,15.98643,118,25.0,4.72,1920,1080
"data/raw/archive/ISL_CSLRT_Corpus/ISL_CSLRT_Corpus/Videos_Sentence_Level/you need a medicine, take this one/medicine (3).MP4","Videos_Sentence_Level/you need a medicine, take this one/medicine (3).MP4",medicine (3).MP4,"you need a medicine, take this one","you need a medicine, take this one","you_need_a_medicine,_take_this_one",class_100,"YOU NEED A MEDICINE, TAKE THIS ONE",,.mp4,21.135113,155,25.0,6.2,1920,1080
"data/raw/archive/ISL_CSLRT_Corpus/ISL_CSLRT_Corpus/Videos_Sentence_Level/you need a medicine, take this one/medicine (4).MP4","Videos_Sentence_Level/you need a medicine, take this one/medicine (4).MP4",medicine (4).MP4,"you need a medicine, take this one","you need a medicine, take this one","you_need_a_medicine,_take_this_one",class_100,"YOU NEED A MEDICINE, TAKE THIS ONE",,.mp4,15.114098,111,25.0,4.44,1920,1080
"data/raw/archive/ISL_CSLRT_Corpus/ISL_CSLRT_Corpus/Videos_Sentence_Level/you need a medicine, take this one/medicine (5).MP4","Videos_Sentence_Level/you need a medicine, take this one/medicine (5).MP4",medicine (5).MP4,"you need a medicine, take this one","you need a medicine, take this one","you_need_a_medicine,_take_this_one",class_100,"YOU NEED A MEDICINE, TAKE THIS ONE",,.mp4,15.889858,115,25.0,4.6,1920,1080
"data/raw/archive/ISL_CSLRT_Corpus/ISL_CSLRT_Corpus/Videos_Sentence_Level/you need a medicine, take this one/medicine.MP4","Videos_Sentence_Level/you need a medicine, take this one/medicine.MP4",medicine.MP4,"you need a medicine, take this one","you need a medicine, take this one","you_need_a_medicine,_take_this_one",class_100,"YOU NEED A MEDICINE, TAKE THIS ONE",,.mp4,16.460844,118,25.0,4.72,1920,1080
"data/raw/archive/ISL_CSLRT_Corpus/ISL_CSLRT_Corpus/Videos_Sentence_Level/you need a medicine, take this one/you need a medicine, take this one..mp4","Videos_Sentence_Level/you need a medicine, take this one/you need a medicine, take this one..mp4","you need a medicine, take this one..mp4","you need a medicine, take this one","you need a medicine, take this one","you_need_a_medicine,_take_this_one",class_100,"YOU NEED A MEDICINE, TAKE THIS ONE",,.mp4,0.129585,50,25.0,2.0,240,320
"data/raw/archive/ISL_CSLRT_Corpus/ISL_CSLRT_Corpus/Videos_Sentence_Level/you need a medicine, take this one/you need a medicine, take this one.mp4","Videos_Sentence_Level/you need a medicine, take this one/you need a medicine, take this one.mp4","you need a medicine, take this one.mp4","you need a medicine, take this one","you need a medicine, take this one","you_need_a_medicine,_take_this_one",class_100,"YOU NEED A MEDICINE, TAKE THIS ONE",,.mp4,0.956576,75,25.0,3.0,240,320
