video_path,relative_video_path,file_name,sentence,sentence_normalized,class_name,label_id,gloss
data/raw/archive/ISL_CSLRT_Corpus/ISL_CSLRT_Corpus/Videos_Sentence_Level/are you free today/are you free today (2).mp4,Videos_Sentence_Level/are you free today/are you free today (2).mp4,are you free today (2).mp4,are you free today,are you free today,are_you_free_today,class_000,YOU FREE TODAY
data/raw/archive/ISL_CSLRT_Corpus/ISL_CSLRT_Corpus/Videos_Sentence_Level/are you free today/are you free today.mp4,Videos_Sentence_Level/are you free today/are you free today.mp4,are you free today.mp4,are you free today,are you free today,are_you_free_today,class_000,YOU FREE TODAY
data/raw/archive/ISL_CSLRT_Corpus/ISL_CSLRT_Corpus/Videos_Sentence_Level/are you free today/free (2).MP4,Videos_Sentence_Level/are you free today/free (2).MP4,free (2).MP4,are you free today,are you free today,are_you_free_today,class_000,YOU FREE TODAY
data/raw/archive/ISL_CSLRT_Corpus/ISL_CSLRT_Corpus/Videos_Sentence_Level/are you free today/free (3).MP4,Videos_Sentence_Level/are you free today/free (3).MP4,free (3).MP4,are you free today,are you free today,are_you_free_today,class_000,YOU FREE TODAY
data/raw/archive/ISL_CSLRT_Corpus/ISL_CSLRT_Corpus/Videos_Sentence_Level/are you free today/free (4).MP4,Videos_Sentence_Level/are you free today/free (4).MP4,free (4).MP4,are you free today,are you free today,are_you_free_today,class_000,YOU FREE TODAY
data/raw/archive/ISL_CSLRT_Corpus/ISL_CSLRT_Corpus/Videos_Sentence_Level/are you free today/free (5).MP4,Videos_Sentence_Level/are you free today/free (5).MP4,free (5).MP4,are you free today,are you free today,are_you_free_today,class_000,YOU FREE TODAY
data/raw/archive/ISL_CSLRT_Corpus/ISL_CSLRT_Corpus/Videos_Sentence_Level/are you free today/free.MP4,Videos_Sentence_Level/are you free today/free.MP4,free.MP4,are you free today,are you free today,are_you_free_today,class_000,YOU FREE TODAY
data/raw/archive/ISL_CSLRT_Corpus/ISL_CSLRT_Corpus/Videos_Sentence_Level/are you hiding something/are you hiding something (2).mp4,Videos_Sentence_Level/are you hiding something/are you hiding something (2).mp4,are you hiding something (2).mp4,are you hiding something,are you hiding something,are_you_hiding_something,class_001,YOU HIDE SOMETHING
data/raw/archive/ISL_CSLRT_Corpus/ISL_CSLRT_Corpus/Videos_Sentence_Level/are you hiding something/are you hiding something.mp4,Videos_Sentence_Level/are you hiding something/are you hiding something.mp4,are you hiding something.mp4,are you hiding something,are you hiding something,are_you_hiding_something,class_001,YOU HIDE SOMETHING
data/raw/archive/ISL_CSLRT_Corpus/ISL_CSLRT_Corpus/Videos_Sentence_Level/are you hiding something/MVI_6209.MP4,Videos_Sentence_Level/are you hiding something/MVI_6209.MP4,MVI_6209.MP4,are you hiding something,are you hiding something,are_you_hiding_something,class_001,YOU HIDE SOMETHING
data/raw/archive/ISL_CSLRT_Corpus/ISL_CSLRT_Corpus/Videos_Sentence_Level/are you hiding something/MVI_6507.MP4,Videos_Sentence_Level/are you hiding something/MVI_6507.MP4,MVI_6507.MP4,are you hiding something,are you hiding something,are_you_hiding_something,class_001,YOU HIDE SOMETHING
data/raw/archive/ISL_CSLRT_Corpus/ISL_CSLRT_Corpus/Videos_Sentence_Level/are you hiding something/MVI_6685.MP4,Videos_Sentence_Level/are you hiding something/MVI_6685.MP4,MVI_6685.MP4,are you hiding something,are you hiding something,are_you_hiding_something,class_001,YOU HIDE SOMETHING
data/raw/archive/ISL_CSLRT_Corpus/ISL_CSLRT_Corpus/Videos_Sentence_Level/are you hiding something/MVI_6817.MP4,Videos_Sentence_Level/are you hiding something/MVI_6817.MP4,MVI_6817.MP4,are you hiding something,are you hiding something,are_you_hiding_something,class_001,YOU HIDE SOMETHING
data/raw/archive/ISL_CSLRT_Corpus/ISL_CSLRT_Corpus/Videos_Sentence_Level/are you hiding something/MVI_6958.MP4,Videos_Sentence_Level/are you hiding something/MVI_6958.MP4,MVI_6958.MP4,are you hiding something,are you hiding something,are_you_hiding_something,class_001,YOU HIDE SOMETHING
data/raw/archive/ISL_CSLRT_Corpus/ISL_CSLRT_Corpus/Videos_Sentence_Level/bring water for me/bring water for me (1).MP4,Videos_Sentence_Level/bring water for me/bring water for me (1).MP4,bring water for me (1).MP4,bring water for me,bring water for me,bring_water_for_me,class_002,BRING WATER ME
data/raw/archive/ISL_CSLRT_Corpus/ISL_CSLRT_Corpus/Videos_Sentence_Level/bring water for me/bring water for me (3).MP4,Videos_Sentence_Level/bring water for me/bring water for me (3).MP4,bring water for me (3).MP4,bring water for me,bring water for me,bring_water_for_me,class_002,BRING WATER ME
data/raw/archive/ISL_CSLRT_Corpus/ISL_CSLRT_Corpus/Videos_Sentence_Level/bring water for me/bring water for me (4).MP4,Videos_Sentence_Level/bring water for me/bring water for me (4).MP4,bring water for me (4).MP4,bring water for me,bring water for me,bring_water_for_me,class_002,BRING WATER ME
data/raw/archive/ISL_CSLRT_Corpus/ISL_CSLRT_Corpus/Videos_Sentence_Level/bring water for me/bring water for me (5).MP4,Videos_Sentence_Level/bring water for me/bring water for me (5).MP4,bring water for me (5).MP4,bring water for me,bring water for me,bring_water_for_me,class_002,BRING WATER ME
data/raw/archive/ISL_CSLRT_Corpus/ISL_CSLRT_Corpus/Videos_Sentence_Level/bring water for me/bring water for me (6).mp4,Videos_Sentence_Level/bring water for me/bring water for me (6).mp4,bring water for me (6).mp4,bring water for me,bring water for me,bring_water_for_me,class_002,BRING WATER ME
data/raw/archive/ISL_CSLRT_Corpus/ISL_CSLRT_Corpus/Videos_Sentence_Level/bring water for me/bring water for me (7).mp4,Videos_Sentence_Level/bring water for me/bring water for me (7).mp4,bring water for me (7).mp4,bring water for me,bring water for me,bring_water_for_me,class_002,BRING WATER ME
data/raw/archive/ISL_CSLRT_Corpus/ISL_CSLRT_Corpus/Videos_Sentence_Level/bring water for me/bring water for me (8).MP4,Videos_Sentence_Level/bring water for me/bring water for me (8).MP4,bring water for me (8).MP4,bring water for me,bring water for me,bring_water_for_me,class_002,BRING WATER ME
data/raw/archive/ISL_CSLRT_Corpus/ISL_CSLRT_Corpus/Videos_Sentence_Level/can i help you/can i help you (2).mp4,Videos_Sentence_Level/can i help you/can i help you (2).mp4,can i help you (2).mp4,can i help you,can i help you,can_i_help_you,class_003,I HELP YOU
data/raw/archive/ISL_CSLRT_Corpus/ISL_CSLRT_Corpus/Videos_Sentence_Level/can i help you/can i help you.mp4,Videos_Sentence_Level/can i help you/can i help you.mp4,can i help you.mp4,can i help you,can i help you,can_i_help_you,class_003,I HELP YOU
data/raw/archive/ISL_CSLRT_Corpus/ISL_CSLRT_Corpus/Videos_Sentence_Level/can i help you/cannot help.MP4,Videos_Sentence_Level/can i help you/cannot help.MP4,cannot help.MP4,can i help you,can i help you,can_i_help_you,class_003,I HELP YOU
data/raw/archive/ISL_CSLRT_Corpus/ISL_CSLRT_Corpus/Videos_Sentence_Level/can i help you/help (2).MP4,Videos_Sentence_Level/can i help you/help (2).MP4,help (2).MP4,can i help you,can i help you,can_i_help_you,class_003,I HELP YOU
data/raw/archive/ISL_CSLRT_Corpus/ISL_CSLRT_Corpus/Videos_Sentence_Level/can i help you/help (3).MP4,Videos_Sentence_Level/can i help you/help (3).MP4,help (3).MP4,can i help you,can i help you,can_i_help_you,class_003,I HELP YOU
data/raw/archive/ISL_CSLRT_Corpus/ISL_CSLRT_Corpus/Videos_Sentence_Level/can i help you/help (4).MP4,Videos_Sentence_Level/can i help you/help (4).MP4,help (4).MP4,can i help you,can i help you,can_i_help_you,class_003,I HELP YOU
data/raw/archive/ISL_CSLRT_Corpus/ISL_CSLRT_Corpus/Videos_Sentence_Level/can i help you/help (5).MP4,Videos_Sentence_Level/can i help you/help (5).MP4,help (5).MP4,can i help you,can i help you,can_i_help_you,class_003,I HELP YOU
data/raw/archive/ISL_CSLRT_Corpus/ISL_CSLRT_Corpus/Videos_Sentence_Level/can i help you/help.MP4,Videos_Sentence_Level/can i help you/help.MP4,help.MP4,can i help you,can i help you,can_i_help_you,class_003,I HELP YOU
data/raw/archive/ISL_CSLRT_Corpus/ISL_CSLRT_Corpus/Videos_Sentence_Level/can you repeat that please/can you repeat that please (1).MP4,Videos_Sentence_Level/can you repeat that please/can you repeat that please (1).MP4,can you repeat that please (1).MP4,can you repeat that please,can you repeat that please,can_you_repeat_that_please,class_004,YOU REPEAT PLEASE
data/raw/archive/ISL_CSLRT_Corpus/ISL_CSLRT_Corpus/Videos_Sentence_Level/can you repeat that please/can you repeat that please (3).MP4,Videos_Sentence_Level/can you repeat that please/can you repeat that please (3).MP4,can you repeat that please (3).MP4,can you repeat that please,can you repeat that please,can_you_repeat_that_please,class_004,YOU REPEAT PLEASE
data/raw/archive/ISL_CSLRT_Corpus/ISL_CSLRT_Corpus/Videos_Sentence_Level/can you repeat that please/can you repeat that please (4).MP4,Videos_Sentence_Level/can you repeat that please/can you repeat that please (4).MP4,can you repeat that please (4).MP4,can you repeat that please,can you repeat that please,can_you_repeat_that_please,class_004,YOU REPEAT PLEASE
data/raw/archive/ISL_CSLRT_Corpus/ISL_CSLRT_Corpus/Videos_Sentence_Level/can you repeat that please/can you repeat that please (5).MP4,Videos_Sentence_Level/can you repeat that please/can you repeat that please (5).MP4,can you repeat that please (5).MP4,can you repeat that please,can you repeat that please,can_you_repeat_that_please,class_004,YOU REPEAT PLEASE
data/raw/archive/ISL_CSLRT_Corpus/ISL_CSLRT_Corpus/Videos_Sentence_Level/can you repeat that please/can you repeat that please (6).MP4,Videos_Sentence_Level/can you repeat that please/can you repeat that please (6).MP4,can you repeat that please (6).MP4,can you repeat that please,can you repeat that please,can_you_repeat_that_please,class_004,YOU REPEAT PLEASE
data/raw/archive/ISL_CSLRT_Corpus/ISL_CSLRT_Corpus/Videos_Sentence_Level/can you repeat that please/can you repeat that please (7).mp4,Videos_Sentence_Level/can you repeat that please/can you repeat that please (7).mp4,can you repeat that please (7).mp4,can you repeat that please,can you repeat that please,can_you_repeat_that_please,class_004,YOU REPEAT PLEASE
data/raw/archive/ISL_CSLRT_Corpus/ISL_CSLRT_Corpus/Videos_Sentence_Level/can you repeat that please/can you repeat that please (8).mp4,Videos_Sentence_Level/can you repeat that please/can you repeat that please (8).mp4,can you repeat that please (8).mp4,can you repeat that please,can you repeat that please,can_you_repeat_that_please,class_004,YOU REPEAT PLEASE
data/raw/archive/ISL_CSLRT_Corpus/ISL_CSLRT_Corpus/Videos_Sentence_Level/comb your hair/comb (2).MP4,Videos_Sentence_Level/comb your hair/comb (2).MP4,comb (2).MP4,comb your hair,comb your hair,comb_your_hair,class_005,COMB YOU HAIR
data/raw/archive/ISL_CSLRT_Corpus/ISL_CSLRT_Corpus/Videos_Sentence_Level/comb your hair/comb (3).MP4,Videos_Sentence_Level/comb your hair/comb (3).MP4,comb (3).MP4,comb your hair,comb your hair,comb_your_hair,class_005,COMB YOU HAIR
data/raw/archive/ISL_CSLRT_Corpus/ISL_CSLRT_Corpus/Videos_Sentence_Level/comb your hair/comb (4).MP4,Videos_Sentence_Level/comb your hair/comb (4).MP4,comb (4).MP4,comb your hair,comb your hair,comb_your_hair,class_005,COMB YOU HAIR
data/raw/archive/ISL_CSLRT_Corpus/ISL_CSLRT_Corpus/Videos_Sentence_Level/comb your hair/comb (5).MP4,Videos_Sentence_Level/comb your hair/comb (5).MP4,comb (5).MP4,comb your hair,comb your hair,comb_your_hair,class_005,COMB YOU HAIR
data/raw/archive/ISL_CSLRT_Corpus/ISL_CSLRT_Corpus/Videos_Sentence_Level/comb your hair/comb your hair (2).mp4,Videos_Sentence_Level/comb your hair/comb your hair (2).mp4,comb your hair (2).mp4,comb your hair,comb your hair,comb_your_hair,class_005,COMB YOU HAIR
data/raw/archive/ISL_CSLRT_Corpus/ISL_CSLRT_Corpus/Videos_Sentence_Level/comb your hair/comb your hair.mp4,Videos_Sentence_Level/comb your hair/comb your hair.mp4,comb your hair.mp4,comb your hair,comb your hair,comb_your_hair,class_005,COMB YOU HAIR
data/raw/archive/ISL_CSLRT_Corpus/ISL_CSLRT_Corpus/Videos_Sentence_Level/comb your hair/comb.MP4,Videos_Sentence_Level/comb your hair/comb.MP4,comb.MP4,comb your hair,comb your hair,comb_your_hair,class_005,COMB YOU HAIR
data/raw/archive/ISL_CSLRT_Corpus/ISL_CSLRT_Corpus/Videos_Sentence_Level/congratulations/congratulations (2).mp4,Videos_Sentence_Level/congratulations/congratulations (2).mp4,congratulations (2).mp4,congratulations,congratulations,congratulations,class_006,CONGRATULATIIONS
data/raw/archive/ISL_CSLRT_Corpus/ISL_CSLRT_Corpus/Videos_Sentence_Level/congratulations/congratulations (3).MP4,Videos_Sentence_Level/congratulations/congratulations (3).MP4,congratulations (3).MP4,congratulations,congratulations,congratulations,class_006,CONGRATULATIIONS
data/raw/archive/ISL_CSLRT_Corpus/ISL_CSLRT_Corpus/Videos_Sentence_Level/congratulations/congratulations (4).MP4,Videos_Sentence_Level/congratulations/congratulations (4).MP4,congratulations (4).MP4,congratulations,congratulations,congratulations,class_006,CONGRATULATIIONS
data/raw/archive/ISL_CSLRT_Corpus/ISL_CSLRT_Corpus/Videos_Sentence_Level/congratulations/congratulations (5).MP4,Videos_Sentence_Level/congratulations/congratulations (5).MP4,congratulations (5).MP4,congratulations,congratulations,congratulations,class_006,CONGRATULATIIONS
data/raw/archive/ISL_CSLRT_Corpus/ISL_CSLRT_Corpus/Videos_Sentence_Level/congratulations/congratulations (6).MP4,Videos_Sentence_Level/congratulations/congratulations (6).MP4,congratulations (6).MP4,congratulations,congratulations,congratulations,class_006,CONGRATULATIIONS
data/raw/archive/ISL_CSLRT_Corpus/ISL_CSLRT_Corpus/Videos_Sentence_Level/congratulations/congratulations (7).MP4,Videos_Sentence_Level/congratulations/congratulations (7).MP4,congratulations (7).MP4,congratulations,congratulations,congratulations,class_006,CONGRATULATIIONS
data/raw/archive/ISL_CSLRT_Corpus/ISL_CSLRT_Corpus/Videos_Sentence_Level/congratulations/congratulations.mp4,Videos_Sentence_Level/congratulations/congratulations.mp4,congratulations.mp4,congratulations,congratulations,congratulations,class_006,CONGRATULATIIONS
data/raw/archive/ISL_CSLRT_Corpus/ISL_CSLRT_Corpus/Videos_Sentence_Level/could you please talk slower/could you please talk slower (1).mp4,Videos_Sentence_Level/could you please talk slower/could you please talk slower (1).mp4,could you please talk slower (1).mp4,could you please talk slower,could you please talk slower,could_you_please_talk_slower,class_007,YOU PLEASE TALK SLOWER
data/raw/archive/ISL_CSLRT_Corpus/ISL_CSLRT_Corpus/Videos_Sentence_Level/could you please talk slower/could you please talk slower (2).mp4,Videos_Sentence_Level/could you please talk slower/could you please talk slower (2).mp4,could you please talk slower (2).mp4,could you please talk slower,could you please talk slower,could_you_please_talk_slower,class_007,YOU PLEASE TALK SLOWER
data/raw/archive/ISL_CSLRT_Corpus/ISL_CSLRT_Corpus/Videos_Sentence_Level/could you please talk slower/could you please talk slower (3).MP4,Videos_Sentence_Level/could you please talk slower/could you please talk slower (3).MP4,could you please talk slower (3).MP4,could you please talk slower,could you please talk slower,could_you_please_talk_slower,class_007,YOU PLEASE TALK SLOWER
data/raw/archive/ISL_CSLRT_Corpus/ISL_CSLRT_Corpus/Videos_Sentence_Level/could you please talk slower/could you please talk slower (4).MP4,Videos_Sentence_Level/could you please talk slower/could you please talk slower (4).MP4,could you please talk slower (4).MP4,could you please talk slower,could you please talk slower,could_you_please_talk_slower,class_007,YOU PLEASE TALK SLOWER
data/raw/archive/ISL_CSLRT_Corpus/ISL_CSLRT_Corpus/Videos_Sentence_Level/could you please talk slower/could you please talk slower (5).MP4,Videos_Sentence_Level/could you please talk slower/could you please talk slower (5).MP4,could you please talk slower (5).MP4,could you please talk slower,could you please talk slower,could_you_please_talk_slower,class_007,YOU PLEASE TALK SLOWER
data/raw/archive/ISL_CSLRT_Corpus/ISL_CSLRT_Corpus/Videos_Sentence_Level/could you please talk slower/could you please talk slower (6).MP4,Videos_Sentence_Level/could you please talk slower/could you please talk slower (6).MP4,could you please talk slower (6).MP4,could you please talk slower,could you please talk slower,could_you_please_talk_slower,class_007,YOU PLEASE TALK SLOWER
data/raw/archive/ISL_CSLRT_Corpus/ISL_CSLRT_Corpus/Videos_Sentence_Level/could you please talk slower/could you please talk slower (7).MP4,Videos_Sentence_Level/could you please talk slower/could you please talk slower (7).MP4,could you please talk slower (7).MP4,could you please talk slower,could you please talk slower,could_you_please_talk_slower,class_007,YOU PLEASE TALK SLOWER
data/raw/archive/ISL_CSLRT_Corpus/ISL_CSLRT_Corpus/Videos_Sentence_Level/do me a favour/do me a favour (2).mp4,Videos_Sentence_Level/do me a favour/do me a favour (2).mp4,do me a favour (2).mp4,do me a favour,do me a favour,do_me_a_favour,class_008,DO ME FAVOUR
data/raw/archive/ISL_CSLRT_Corpus/ISL_CSLRT_Corpus/Videos_Sentence_Level/do me a favour/do me a favour.mp4,Videos_Sentence_Level/do me a favour/do me a favour.mp4,do me a favour.mp4,do me a favour,do me a favour,do_me_a_favour,class_008,DO ME FAVOUR
data/raw/archive/ISL_CSLRT_Corpus/ISL_CSLRT_Corpus/Videos_Sentence_Level/do me a favour/favour (2).MP4,Videos_Sentence_Level/do me a favour/favour (2).MP4,favour (2).MP4,do me a favour,do me a favour,do_me_a_favour,class_008,DO ME FAVOUR
data/raw/archive/ISL_CSLRT_Corpus/ISL_CSLRT_Corpus/Videos_Sentence_Level/do me a favour/favour (3).MP4,Videos_Sentence_Level/do me a favour/favour (3).MP4,favour (3).MP4,do me a favour,do me a favour,do_me_a_favour,class_008,DO ME FAVOUR
data/raw/archive/ISL_CSLRT_Corpus/ISL_CSLRT_Corpus/Videos_Sentence_Level/do me a favour/favour (4).MP4,Videos_Sentence_Level/do me a favour/favour (4).MP4,favour (4).MP4,do me a favour,do me a favour,do_me_a_favour,class_008,DO ME FAVOUR
data/raw/archive/ISL_CSLRT_Corpus/ISL_CSLRT_Corpus/Videos_Sentence_Level/do me a favour/favour (5).MP4,Videos_Sentence_Level/do me a favour/favour (5).MP4,favour (5).MP4,do me a favour,do me a favour,do_me_a_favour,class_008,DO ME FAVOUR
data/raw/archive/ISL_CSLRT_Corpus/ISL_CSLRT_Corpus/Videos_Sentence_Level/do me a favour/favour.MP4,Videos_Sentence_Level/do me a favour/favour.MP4,favour.MP4,do me a favour,do me a favour,do_me_a_favour,class_008,DO ME FAVOUR
data/raw/archive/ISL_CSLRT_Corpus/ISL_CSLRT_Corpus/Videos_Sentence_Level/do not abuse him/abuse (2).MP4,Videos_Sentence_Level/do not abuse him/abuse (2).MP4,abuse (2).MP4,do not abuse him,do not abuse him,do_not_abuse_him,class_009,DONOT ABUSE HIM
data/raw/archive/ISL_CSLRT_Corpus/ISL_CSLRT_Corpus/Videos_Sentence_Level/do not abuse him/abuse (3).MP4,Videos_Sentence_Level/do not abuse him/abuse (3).MP4,abuse (3).MP4,do not abuse him,do not abuse him,do_not_abuse_him,class_009,DONOT ABUSE HIM
data/raw/archive/ISL_CSLRT_Corpus/ISL_CSLRT_Corpus/Videos_Sentence_Level/do not abuse him/abuse (4).MP4,Videos_Sentence_Level/do not abuse him/abuse (4).MP4,abuse (4).MP4,do not abuse him,do not abuse him,do_not_abuse_him,class_009,DONOT ABUSE HIM
data/raw/archive/ISL_CSLRT_Corpus/ISL_CSLRT_Corpus/Videos_Sentence_Level/do not abuse him/abuse.MP4,Videos_Sentence_Level/do not abuse him/abuse.MP4,abuse.MP4,do not abuse him,do not abuse him,do_not_abuse_him,class_009,DONOT ABUSE HIM
data/raw/archive/ISL_CSLRT_Corpus/ISL_CSLRT_Corpus/Videos_Sentence_Level/do not abuse him/do not abuse him (2).mp4,Videos_Sentence_Level/do not abuse him/do not abuse him (2).mp4,do not abuse him (2).mp4,do not abuse him,do not abuse him,do_not_abuse_him,class_009,DONOT ABUSE HIM
data/raw/archive/ISL_CSLRT_Corpus/ISL_CSLRT_Corpus/Videos_Sentence_Level/do not abuse him/do not abuse him.mp4,Videos_Sentence_Level/do not abuse him/do not abuse him.mp4,do not abuse him.mp4,do not abuse him,do not abuse him,do_not_abuse_him,class_009,DONOT ABUSE HIM
data/raw/archive/ISL_CSLRT_Corpus/ISL_CSLRT_Corpus/Videos_Sentence_Level/do not be stubborn/do not be stubborn (2).mp4,Videos_Sentence_Level/do not be stubborn/do not be stubborn (2).mp4,do not be stubborn (2).mp4,do not be stubborn,do not be stubborn,do_not_be_stubborn,class_010,DONOT BE STUBBORN
data/raw/archive/ISL_CSLRT_Corpus/ISL_CSLRT_Corpus/Videos_Sentence_Level/do not be stubborn/do not be stubborn.mp4,Videos_Sentence_Level/do not be stubborn/do not be stubborn.mp4,do not be stubborn.mp4,do not be stubborn,do not be stubborn,do_not_be_stubborn,class_010,DONOT BE STUBBORN
data/raw/archive/ISL_CSLRT_Corpus/ISL_CSLRT_Corpus/Videos_Sentence_Level/do not be stubborn/stubborn (2).MP4,Videos_Sentence_Level/do not be stubborn/stubborn (2).MP4,stubborn (2).MP4,do not be stubborn,do not be stubborn,do_not_be_stubborn,class_010,DONOT BE STUBBORN
data/raw/archive/ISL_CSLRT_Corpus/ISL_CSLRT_Corpus/Videos_Sentence_Level/do not be stubborn/stubborn (3).MP4,Videos_Sentence_Level/do not be stubborn/stubborn (3).MP4,stubborn (3).MP4,do not be stubborn,do not be stubborn,do_not_be_stubborn,class_010,DONOT BE STUBBORN
data/raw/archive/ISL_CSLRT_Corpus/ISL_CSLRT_Corpus/Videos_Sentence_Level/do not be stubborn/stubborn (4).MP4,Videos_Sentence_Level/do not be stubborn/stubborn (4).MP4,stubborn (4).MP4,do not be stubborn,do not be stubborn,do_not_be_stubborn,class_010,DONOT BE STUBBORN
data/raw/archive/ISL_CSLRT_Corpus/ISL_CSLRT_Corpus/Videos_Sentence_Level/do not be stubborn/stubborn.MP4,Videos_Sentence_Level/do not be stubborn/stubborn.MP4,stubborn.MP4,do not be stubborn,do not be stubborn,do_not_be_stubborn,class_010,DONOT BE STUBBORN
data/raw/archive/ISL_CSLRT_Corpus/ISL_CSLRT_Corpus/Videos_Sentence_Level/do not hurt me/do not hurt me (2).mp4,Videos_Sentence_Level/do not hurt me/do not hurt me (2).mp4,do not hurt me (2).mp4,do not hurt me,do not hurt me,do_not_hurt_me,class_011,DONOT HURT ME
data/raw/archive/ISL_CSLRT_Corpus/ISL_CSLRT_Corpus/Videos_Sentence_Level/do not hurt me/do not hurt me.mp4,Videos_Sentence_Level/do not hurt me/do not hurt me.mp4,do not hurt me.mp4,do not hurt me,do not hurt me,do_not_hurt_me,class_011,DONOT HURT ME
data/raw/archive/ISL_CSLRT_Corpus/ISL_CSLRT_Corpus/Videos_Sentence_Level/do not hurt me/hurt me (2).MP4,Videos_Sentence_Level/do not hurt me/hurt me (2).MP4,hurt me (2).MP4,do not hurt me,do not hurt me,do_not_hurt_me,class_011,DONOT HURT ME
data/raw/archive/ISL_CSLRT_Corpus/ISL_CSLRT_Corpus/Videos_Sentence_Level/do not hurt me/hurt me (3).MP4,Videos_Sentence_Level/do not hurt me/hurt me (3).MP4,hurt me (3).MP4,do not hurt me,do not hurt me,do_not_hurt_me,class_011,DONOT HURT ME
data/raw/archive/ISL_CSLRT_Corpus/ISL_CSLRT_Corpus/Videos_Sentence_Level/do not hurt me/hurt me (4).MP4,Videos_Sentence_Level/do not hurt me/hurt me (4).MP4,hurt me (4).MP4,do not hurt me,do not hurt me,do_not_hurt_me,class_011,DONOT HURT ME
data/raw/archive/ISL_CSLRT_Corpus/ISL_CSLRT_Corpus/Videos_Sentence_Level/do not hurt me/hurt me.MP4,Videos_Sentence_Level/do not hurt me/hurt me.MP4,hurt me.MP4,do not hurt me,do not hurt me,do_not_hurt_me,class_011,DONOT HURT ME
data/raw/archive/ISL_CSLRT_Corpus/ISL_CSLRT_Corpus/Videos_Sentence_Level/do not hurt me/hurt.MP4,Videos_Sentence_Level/do not hurt me/hurt.MP4,hurt.MP4,do not hurt me,do not hurt me,do_not_hurt_me,class_011,DONOT HURT ME
data/raw/archive/ISL_CSLRT_Corpus/ISL_CSLRT_Corpus/Videos_Sentence_Level/do not make me angry/do not make me angry (2).mp4,Videos_Sentence_Level/do not make me angry/do not make me angry (2).mp4,do not make me angry (2).mp4,do not make me angry,do not make me angry,do_not_make_me_angry,class_012,DO NOT MAKE ME ANGRY
data/raw/archive/ISL_CSLRT_Corpus/ISL_CSLRT_Corpus/Videos_Sentence_Level/do not make me angry/do not make me angry.mp4,Videos_Sentence_Level/do not make me angry/do not make me angry.mp4,do not make me angry.mp4,do not make me angry,do not make me angry,do_not_make_me_angry,class_012,DO NOT MAKE ME ANGRY
data/raw/archive/ISL_CSLRT_Corpus/ISL_CSLRT_Corpus/Videos_Sentence_Level/do not make me angry/me angry (2).MP4,Videos_Sentence_Level/do not make me angry/me angry (2).MP4,me angry (2).MP4,do not make me angry,do not make me angry,do_not_make_me_angry,class_012,DO NOT MAKE ME ANGRY
data/raw/archive/ISL_CSLRT_Corpus/ISL_CSLRT_Corpus/Videos_Sentence_Level/do not make me angry/me angry (3).MP4,Videos_Sentence_Level/do not make me angry/me angry (3).MP4,me angry (3).MP4,do not make me angry,do not make me angry,do_not_make_me_angry,class_012,DO NOT MAKE ME ANGRY
data/raw/archive/ISL_CSLRT_Corpus/ISL_CSLRT_Corpus/Videos_Sentence_Level/do not make me angry/me angry (4).MP4,Videos_Sentence_Level/do not make me angry/me angry (4).MP4,me angry (4).MP4,do not make me angry,do not make me angry,do_not_make_me_angry,class_012,DO NOT MAKE ME ANGRY
data/raw/archive/ISL_CSLRT_Corpus/ISL_CSLRT_Corpus/Videos_Sentence_Level/do not make me angry/me angry (5).MP4,Videos_Sentence_Level/do not make me angry/me angry (5).MP4,me angry (5).MP4,do not make me angry,do not make me angry,do_not_make_me_angry,class_012,DO NOT MAKE ME ANGRY
data/raw/archive/ISL_CSLRT_Corpus/ISL_CSLRT_Corpus/Videos_Sentence_Level/do not make me angry/me angry.MP4,Videos_Sentence_Level/do not make me angry/me angry.MP4,me angry.MP4,do not make me angry,do not make me angry,do_not_make_me_angry,class_012,DO NOT MAKE ME ANGRY
data/raw/archive/ISL_CSLRT_Corpus/ISL_CSLRT_Corpus/Videos_Sentence_Level/do not take it to the heart/do not take it to the heart (2).mp4,Videos_Sentence_Level/do not take it to the heart/do not take it to the heart (2).mp4,do not take it to the heart (2).mp4,do not take it to the heart,do not take it to the heart,do_not_take_it_to_the_heart,class_013,DO NOT TAKE IT HEART
data/raw/archive/ISL_CSLRT_Corpus/ISL_CSLRT_Corpus/Videos_Sentence_Level/do not take it to the heart/do not take it to the heart.mp4,Videos_Sentence_Level/do not take it to the heart/do not take it to the heart.mp4,do not take it to the heart.mp4,do not take it to the heart,do not take it to the heart,do_not_take_it_to_the_heart,class_013,DO NOT TAKE IT HEART
data/raw/archive/ISL_CSLRT_Corpus/ISL_CSLRT_Corpus/Videos_Sentence_Level/do not take it to the heart/heart (2).MP4,Videos_Sentence_Level/do not take it to the heart/heart (2).MP4,heart (2).MP4,do not take it to the heart,do not take it to the heart,do_not_take_it_to_the_heart,class_013,DO NOT TAKE IT HEART
data/raw/archive/ISL_CSLRT_Corpus/ISL_CSLRT_Corpus/Videos_Sentence_Level/do not take it to the heart/heart (3).MP4,Videos_Sentence_Level/do not take it to the heart/heart (3).MP4,heart (3).MP4,do not take it to the heart,do not take it to the heart,do_not_take_it_to_the_heart,class_013,DO NOT TAKE IT HEART
data/raw/archive/ISL_CSLRT_Corpus/ISL_CSLRT_Corpus/Videos_Sentence_Level/do not take it to the heart/heart (4).MP4,Videos_Sentence_Level/do not take it to the heart/heart (4).MP4,heart (4).MP4,do not take it to the heart,do not take it to the heart,do_not_take_it_to_the_heart,class_013,DO NOT TAKE IT HEART
data/raw/archive/ISL_CSLRT_Corpus/ISL_CSLRT_Corpus/Videos_Sentence_Level/do not take it to the heart/heart (5).MP4,Videos_Sentence_Level/do not take it to the heart/heart (5).MP4,heart (5).MP4,do not take it to the heart,do not take it to the heart,do_not_take_it_to_the_heart,class_013,DO NOT TAKE IT HEART
data/raw/archive/ISL_CSLRT_Corpus/ISL_CSLRT_Corpus/Videos_Sentence_Level/do not take it to the heart/heart.MP4,Videos_Sentence_Level/do not take it to the heart/heart.MP4,heart.MP4,do not take it to the heart,do not take it to the heart,do_not_take_it_to_the_heart,class_013,DO NOT TAKE IT HEART
data/raw/archive/ISL_CSLRT_Corpus/ISL_CSLRT_Corpus/Videos_Sentence_Level/do not worry/do not worry (2).mp4,Videos_Sentence_Level/do not worry/do not worry (2).mp4,do not worry (2).mp4,do not worry,do not worry,do_not_worry,class_014,DO NOT WORRY
data/raw/archive/ISL_CSLRT_Corpus/ISL_CSLRT_Corpus/Videos_Sentence_Level/do not worry/do not worry.mp4,Videos_Sentence_Level/do not worry/do not worry.mp4,do not worry.mp4,do not worry,do not worry,do_not_worry,class_014,DO NOT WORRY
data/raw/archive/ISL_CSLRT_Corpus/ISL_CSLRT_Corpus/Videos_Sentence_Level/do not worry/MVI_6633.MP4,Videos_Sentence_Level/do not worry/MVI_6633.MP4,MVI_6633.MP4,do not worry,do not worry,do_not_worry,class_014,DO NOT WORRY
data/raw/archive/ISL_CSLRT_Corpus/ISL_CSLRT_Corpus/Videos_Sentence_Level/do not worry/worry (2).MP4,Videos_Sentence_Level/do not worry/worry (2).MP4,worry (2).MP4,do not worry,do not worry,do_not_worry,class_014,DO NOT WORRY
data/raw/archive/ISL_CSLRT_Corpus/ISL_CSLRT_Corpus/Videos_Sentence_Level/do not worry/worry (3).MP4,Videos_Sentence_Level/do not worry/worry (3).MP4,worry (3).MP4,do not worry,do not worry,do_not_worry,class_014,DO NOT WORRY
data/raw/archive/ISL_CSLRT_Corpus/ISL_CSLRT_Corpus/Videos_Sentence_Level/do not worry/worry (4).MP4,Videos_Sentence_Level/do not worry/worry (4).MP4,worry (4).MP4,do not worry,do not worry,do_not_worry,class_014,DO NOT WORRY
data/raw/archive/ISL_CSLRT_Corpus/ISL_CSLRT_Corpus/Videos_Sentence_Level/do not worry/worry.MP4,Videos_Sentence_Level/do not worry/worry.MP4,worry.MP4,do not worry,do not worry,do_not_worry,class_014,DO NOT WORRY
data/raw/archive/ISL_CSLRT_Corpus/ISL_CSLRT_Corpus/Videos_Sentence_Level/do you need something/do you need something (2).mp4,Videos_Sentence_Level/do you need something/do you need something (2).mp4,do you need something (2).mp4,do you need something,do you need something,do_you_need_something,class_015,DO YOU NEED SOMETHING
data/raw/archive/ISL_CSLRT_Corpus/ISL_CSLRT_Corpus/Videos_Sentence_Level/do you need something/do you need something.mp4,Videos_Sentence_Level/do you need something/do you need something.mp4,do you need something.mp4,do you need something,do you need something,do_you_need_something,class_015,DO YOU NEED SOMETHING
data/raw/archive/ISL_CSLRT_Corpus/ISL_CSLRT_Corpus/Videos_Sentence_Level/do you need something/need something (2).MP4,Videos_Sentence_Level/do you need something/need something (2).MP4,need something (2).MP4,do you need something,do you need something,do_you_need_something,class_015,DO YOU NEED SOMETHING
data/raw/archive/ISL_CSLRT_Corpus/ISL_CSLRT_Corpus/Videos_Sentence_Level/do you need something/need something.MP4,Videos_Sentence_Level/do you need something/need something.MP4,need something.MP4,do you need something,do you need something,do_you_need_something,class_015,DO YOU NEED SOMETHING
data/raw/archive/ISL_CSLRT_Corpus/ISL_CSLRT_Corpus/Videos_Sentence_Level/do you need something/something (2).MP4,Videos_Sentence_Level/do you need something/something (2).MP4,something (2).MP4,do you need something,do you need something,do_you_need_something,class_015,DO YOU NEED SOMETHING
data/raw/archive/ISL_CSLRT_Corpus/ISL_CSLRT_Corpus/Videos_Sentence_Level/do you need something/something (3).MP4,Videos_Sentence_Level/do you need something/something (3).MP4,something (3).MP4,do you need something,do you need something,do_you_need_something,class_015,DO YOU NEED SOMETHING
data/raw/archive/ISL_CSLRT_Corpus/ISL_CSLRT_Corpus/Videos_Sentence_Level/do you need something/something.MP4,Videos_Sentence_Level/do you need something/something.MP4,something.MP4,do you need something,do you need something,do_you_need_something,class_015,DO YOU NEED SOMETHING
data/raw/archive/ISL_CSLRT_Corpus/ISL_CSLRT_Corpus/Videos_Sentence_Level/go and sleep/go and sleep (2).mp4,Videos_Sentence_Level/go and sleep/go and sleep (2).mp4,go and sleep (2).mp4,go and sleep,go and sleep,go_and_sleep,class_016,GO SLEEP
data/raw/archive/ISL_CSLRT_Corpus/ISL_CSLRT_Corpus/Videos_Sentence_Level/go and sleep/go and sleep.mp4,Videos_Sentence_Level/go and sleep/go and sleep.mp4,go and sleep.mp4,go and sleep,go and sleep,go_and_sleep,class_016,GO SLEEP
data/raw/archive/ISL_CSLRT_Corpus/ISL_CSLRT_Corpus/Videos_Sentence_Level/go and sleep/sleep (2).MP4,Videos_Sentence_Level/go and sleep/sleep (2).MP4,sleep (2).MP4,go and sleep,go and sleep,go_and_sleep,class_016,GO SLEEP
data/raw/archive/ISL_CSLRT_Corpus/ISL_CSLRT_Corpus/Videos_Sentence_Level/go and sleep/sleep (3).MP4,Videos_Sentence_Level/go and sleep/sleep (3).MP4,sleep (3).MP4,go and sleep,go and sleep,go_and_sleep,class_016,GO SLEEP
data/raw/archive/ISL_CSLRT_Corpus/ISL_CSLRT_Corpus/Videos_Sentence_Level/go and sleep/sleep (4).MP4,Videos_Sentence_Level/go and sleep/sleep (4).MP4,sleep (4).MP4,go and sleep,go and sleep,go_and_sleep,class_016,GO SLEEP
data/raw/archive/ISL_CSLRT_Corpus/ISL_CSLRT_Corpus/Videos_Sentence_Level/go and sleep/sleep (5).MP4,Videos_Sentence_Level/go and sleep/sleep (5).MP4,sleep (5).MP4,go and sleep,go and sleep,go_and_sleep,class_016,GO SLEEP
data/raw/archive/ISL_CSLRT_Corpus/ISL_CSLRT_Corpus/Videos_Sentence_Level/go and sleep/sleep (6).MP4,Videos_Sentence_Level/go and sleep/sleep (6).MP4,sleep (6).MP4,go and sleep,go and sleep,go_and_sleep,class_016,GO SLEEP
data/raw/archive/ISL_CSLRT_Corpus/ISL_CSLRT_Corpus/Videos_Sentence_Level/go and sleep/sleep.MP4,Videos_Sentence_Level/go and sleep/sleep.MP4,sleep.MP4,go and sleep,go and sleep,go_and_sleep,class_016,GO SLEEP
data/raw/archive/ISL_CSLRT_Corpus/ISL_CSLRT_Corpus/Videos_Sentence_Level/had your food/food (2).MP4,Videos_Sentence_Level/had your food/food (2).MP4,food (2).MP4,had your food,had your food,had_your_food,class_017,YOUR FOOD
data/raw/archive/ISL_CSLRT_Corpus/ISL_CSLRT_Corpus/Videos_Sentence_Level/had your food/food (3).MP4,Videos_Sentence_Level/had your food/food (3).MP4,food (3).MP4,had your food,had your food,had_your_food,class_017,YOUR FOOD
data/raw/archive/ISL_CSLRT_Corpus/ISL_CSLRT_Corpus/Videos_Sentence_Level/had your food/food (4).MP4,Videos_Sentence_Level/had your food/food (4).MP4,food (4).MP4,had your food,had your food,had_your_food,class_017,YOUR FOOD
data/raw/archive/ISL_CSLRT_Corpus/ISL_CSLRT_Corpus/Videos_Sentence_Level/had your food/food (5).MP4,Videos_Sentence_Level/had your food/food (5).MP4,food (5).MP4,had your food,had your food,had_your_food,class_017,YOUR FOOD
data/raw/archive/ISL_CSLRT_Corpus/ISL_CSLRT_Corpus/Videos_Sentence_Level/had your food/food.MP4,Videos_Sentence_Level/had your food/food.MP4,food.MP4,had your food,had your food,had_your_food,class_017,YOUR FOOD
data/raw/archive/ISL_CSLRT_Corpus/ISL_CSLRT_Corpus/Videos_Sentence_Level/had your food/had your food (2).mp4,Videos_Sentence_Level/had your food/had your food (2).mp4,had your food (2).mp4,had your food,had your food,had_your_food,class_017,YOUR FOOD
data/raw/archive/ISL_CSLRT_Corpus/ISL_CSLRT_Corpus/Videos_Sentence_Level/had your food/had your food.mp4,Videos_Sentence_Level/had your food/had your food.mp4,had your food.mp4,had your food,had your food,had_your_food,class_017,YOUR FOOD
data/raw/archive/ISL_CSLRT_Corpus/ISL_CSLRT_Corpus/Videos_Sentence_Level/he came by train/he came by train (2).mp4,Videos_Sentence_Level/he came by train/he came by train (2).mp4,he came by train (2).mp4,he came by train,he came by train,he_came_by_train,class_018,HE CAME TRAIN
data/raw/archive/ISL_CSLRT_Corpus/ISL_CSLRT_Corpus/Videos_Sentence_Level/he came by train/he came by train.mp4,Videos_Sentence_Level/he came by train/he came by train.mp4,he came by train.mp4,he came by train,he came by train,he_came_by_train,class_018,HE CAME TRAIN
data/raw/archive/ISL_CSLRT_Corpus/ISL_CSLRT_Corpus/Videos_Sentence_Level/he came by train/train (2).MP4,Videos_Sentence_Level/he came by train/train (2).MP4,train (2).MP4,he came by train,he came by train,he_came_by_train,class_018,HE CAME TRAIN
data/raw/archive/ISL_CSLRT_Corpus/ISL_CSLRT_Corpus/Videos_Sentence_Level/he came by train/train (3).MP4,Videos_Sentence_Level/he came by train/train (3).MP4,train (3).MP4,he came by train,he came by train,he_came_by_train,class_018,HE CAME TRAIN
data/raw/archive/ISL_CSLRT_Corpus/ISL_CSLRT_Corpus/Videos_Sentence_Level/he came by train/train (4).MP4,Videos_Sentence_Level/he came by train/train (4).MP4,train (4).MP4,he came by train,he came by train,he_came_by_train,class_018,HE CAME TRAIN
data/raw/archive/ISL_CSLRT_Corpus/ISL_CSLRT_Corpus/Videos_Sentence_Level/he came by train/train (5).MP4,Videos_Sentence_Level/he came by train/train (5).MP4,train (5).MP4,he came by train,he came by train,he_came_by_train,class_018,HE CAME TRAIN
data/raw/archive/ISL_CSLRT_Corpus/ISL_CSLRT_Corpus/Videos_Sentence_Level/he came by train/train.MP4,Videos_Sentence_Level/he came by train/train.MP4,train.MP4,he came by train,he came by train,he_came_by_train,class_018,HE CAME TRAIN
data/raw/archive/ISL_CSLRT_Corpus/ISL_CSLRT_Corpus/Videos_Sentence_Level/He is going into the room/he is going into the room (2).mp4,Videos_Sentence_Level/He is going into the room/he is going into the room (2).mp4,he is going into the room (2).mp4,He is going into the room,he is going into the room,he_is_going_into_the_room,class_019,HE GO  INTO  ROOM
data/raw/archive/ISL_CSLRT_Corpus/ISL_CSLRT_Corpus/Videos_Sentence_Level/He is going into the room/he is going into the room.mp4,Videos_Sentence_Level/He is going into the room/he is going into the room.mp4,he is going into the room.mp4,He is going into the room,he is going into the room,he_is_going_into_the_room,class_019,HE GO  INTO  ROOM
data/raw/archive/ISL_CSLRT_Corpus/ISL_CSLRT_Corpus/Videos_Sentence_Level/He is going into the room/MVI_6503.MP4,Videos_Sentence_Level/He is going into the room/MVI_6503.MP4,MVI_6503.MP4,He is going into the room,he is going into the room,he_is_going_into_the_room,class_019,HE GO  INTO  ROOM
data/raw/archive/ISL_CSLRT_Corpus/ISL_CSLRT_Corpus/Videos_Sentence_Level/He is going into the room/room (2).MP4,Videos_Sentence_Level/He is going into the room/room (2).MP4,room (2).MP4,He is going into the room,he is going into the room,he_is_going_into_the_room,class_019,HE GO  INTO  ROOM
data/raw/archive/ISL_CSLRT_Corpus/ISL_CSLRT_Corpus/Videos_Sentence_Level/He is going into the room/room (3).MP4,Videos_Sentence_Level/He is going into the room/room (3).MP4,room (3).MP4,He is going into the room,he is going into the room,he_is_going_into_the_room,class_019,HE GO  INTO  ROOM
data/raw/archive/ISL_CSLRT_Corpus/ISL_CSLRT_Corpus/Videos_Sentence_Level/He is going into the room/room (4).MP4,Videos_Sentence_Level/He is going into the room/room (4).MP4,room (4).MP4,He is going into the room,he is going into the room,he_is_going_into_the_room,class_019,HE GO  INTO  ROOM
data/raw/archive/ISL_CSLRT_Corpus/ISL_CSLRT_Corpus/Videos_Sentence_Level/He is going into the room/room.MP4,Videos_Sentence_Level/He is going into the room/room.MP4,room.MP4,He is going into the room,he is going into the room,he_is_going_into_the_room,class_019,HE GO  INTO  ROOM
data/raw/archive/ISL_CSLRT_Corpus/ISL_CSLRT_Corpus/Videos_Sentence_Level/he is on the way/he is on the way (2).mp4,Videos_Sentence_Level/he is on the way/he is on the way (2).mp4,he is on the way (2).mp4,he is on the way,he is on the way,he_is_on_the_way,class_020,HE ON WAY
data/raw/archive/ISL_CSLRT_Corpus/ISL_CSLRT_Corpus/Videos_Sentence_Level/he is on the way/he is on the way.mp4,Videos_Sentence_Level/he is on the way/he is on the way.mp4,he is on the way.mp4,he is on the way,he is on the way,he_is_on_the_way,class_020,HE ON WAY
data/raw/archive/ISL_CSLRT_Corpus/ISL_CSLRT_Corpus/Videos_Sentence_Level/he is on the way/way (2).MP4,Videos_Sentence_Level/he is on the way/way (2).MP4,way (2).MP4,he is on the way,he is on the way,he_is_on_the_way,class_020,HE ON WAY
data/raw/archive/ISL_CSLRT_Corpus/ISL_CSLRT_Corpus/Videos_Sentence_Level/he is on the way/way (3).MP4,Videos_Sentence_Level/he is on the way/way (3).MP4,way (3).MP4,he is on the way,he is on the way,he_is_on_the_way,class_020,HE ON WAY
data/raw/archive/ISL_CSLRT_Corpus/ISL_CSLRT_Corpus/Videos_Sentence_Level/he is on the way/way (4).MP4,Videos_Sentence_Level/he is on the way/way (4).MP4,way (4).MP4,he is on the way,he is on the way,he_is_on_the_way,class_020,HE ON WAY
data/raw/archive/ISL_CSLRT_Corpus/ISL_CSLRT_Corpus/Videos_Sentence_Level/he is on the way/way.MP4,Videos_Sentence_Level/he is on the way/way.MP4,way.MP4,he is on the way,he is on the way,he_is_on_the_way,class_020,HE ON WAY
data/raw/archive/ISL_CSLRT_Corpus/ISL_CSLRT_Corpus/Videos_Sentence_Level/he she is my friend/friend (2).MP4,Videos_Sentence_Level/he she is my friend/friend (2).MP4,friend (2).MP4,he she is my friend,he she is my friend,he_she_is_my_friend,class_021,HE SHE MY FRIEND
data/raw/archive/ISL_CSLRT_Corpus/ISL_CSLRT_Corpus/Videos_Sentence_Level/he she is my friend/friend (3).MP4,Videos_Sentence_Level/he she is my friend/friend (3).MP4,friend (3).MP4,he she is my friend,he she is my friend,he_she_is_my_friend,class_021,HE SHE MY FRIEND
data/raw/archive/ISL_CSLRT_Corpus/ISL_CSLRT_Corpus/Videos_Sentence_Level/he she is my friend/friend (4).MP4,Videos_Sentence_Level/he she is my friend/friend (4).MP4,friend (4).MP4,he she is my friend,he she is my friend,he_she_is_my_friend,class_021,HE SHE MY FRIEND
data/raw/archive/ISL_CSLRT_Corpus/ISL_CSLRT_Corpus/Videos_Sentence_Level/he she is my friend/friend.MP4,Videos_Sentence_Level/he she is my friend/friend.MP4,friend.MP4,he she is my friend,he she is my friend,he_she_is_my_friend,class_021,HE SHE MY FRIEND
data/raw/archive/ISL_CSLRT_Corpus/ISL_CSLRT_Corpus/Videos_Sentence_Level/he she is my friend/heshe is my friend.mp4,Videos_Sentence_Level/he she is my friend/heshe is my friend.mp4,heshe is my friend.mp4,he she is my friend,he she is my friend,he_she_is_my_friend,class_021,HE SHE MY FRIEND
data/raw/archive/ISL_CSLRT_Corpus/ISL_CSLRT_Corpus/Videos_Sentence_Level/he she is my friend/MVI_6500.MP4,Videos_Sentence_Level/he she is my friend/MVI_6500.MP4,MVI_6500.MP4,he she is my friend,he she is my friend,he_she_is_my_friend,class_021,HE SHE MY FRIEND
data/raw/archive/ISL_CSLRT_Corpus/ISL_CSLRT_Corpus/Videos_Sentence_Level/he she is my friend/she is my friend.mp4,Videos_Sentence_Level/he she is my friend/she is my friend.mp4,she is my friend.mp4,he she is my friend,he she is my friend,he_she_is_my_friend,class_021,HE SHE MY FRIEND
data/raw/archive/ISL_CSLRT_Corpus/ISL_CSLRT_Corpus/Videos_Sentence_Level/he would be coming today/he would be coming today (2).mp4,Videos_Sentence_Level/he would be coming today/he would be coming today (2).mp4,he would be coming today (2).mp4,he would be coming today,he would be coming today,he_would_be_coming_today,class_022,HE COMING TODAY
data/raw/archive/ISL_CSLRT_Corpus/ISL_CSLRT_Corpus/Videos_Sentence_Level/he would be coming today/he would be coming today.mp4,Videos_Sentence_Level/he would be coming today/he would be coming today.mp4,he would be coming today.mp4,he would be coming today,he would be coming today,he_would_be_coming_today,class_022,HE COMING TODAY
data/raw/archive/ISL_CSLRT_Corpus/ISL_CSLRT_Corpus/Videos_Sentence_Level/he would be coming today/today (2).MP4,Videos_Sentence_Level/he would be coming today/today (2).MP4,today (2).MP4,he would be coming today,he would be coming today,he_would_be_coming_today,class_022,HE COMING TODAY
data/raw/archive/ISL_CSLRT_Corpus/ISL_CSLRT_Corpus/Videos_Sentence_Level/he would be coming today/today (3).MP4,Videos_Sentence_Level/he would be coming today/today (3).MP4,today (3).MP4,he would be coming today,he would be coming today,he_would_be_coming_today,class_022,HE COMING TODAY
data/raw/archive/ISL_CSLRT_Corpus/ISL_CSLRT_Corpus/Videos_Sentence_Level/he would be coming today/today (4).MP4,Videos_Sentence_Level/he would be coming today/today (4).MP4,today (4).MP4,he would be coming today,he would be coming today,he_would_be_coming_today,class_022,HE COMING TODAY
data/raw/archive/ISL_CSLRT_Corpus/ISL_CSLRT_Corpus/Videos_Sentence_Level/he would be coming today/today (5).MP4,Videos_Sentence_Level/he would be coming today/today (5).MP4,today (5).MP4,he would be coming today,he would be coming today,he_would_be_coming_today,class_022,HE COMING TODAY
data/raw/archive/ISL_CSLRT_Corpus/ISL_CSLRT_Corpus/Videos_Sentence_Level/he would be coming today/today.MP4,Videos_Sentence_Level/he would be coming today/today.MP4,today.MP4,he would be coming today,he would be coming today,he_would_be_coming_today,class_022,HE COMING TODAY
data/raw/archive/ISL_CSLRT_Corpus/ISL_CSLRT_Corpus/Videos_Sentence_Level/help me/help me (1).MP4,Videos_Sentence_Level/help me/help me (1).MP4,help me (1).MP4,help me,help me,help_me,class_023,HELP ME
data/raw/archive/ISL_CSLRT_Corpus/ISL_CSLRT_Corpus/Videos_Sentence_Level/help me/help me (3).MP4,Videos_Sentence_Level/help me/help me (3).MP4,help me (3).MP4,help me,help me,help_me,class_023,HELP ME
data/raw/archive/ISL_CSLRT_Corpus/ISL_CSLRT_Corpus/Videos_Sentence_Level/help me/help me (4).MP4,Videos_Sentence_Level/help me/help me (4).MP4,help me (4).MP4,help me,help me,help_me,class_023,HELP ME
data/raw/archive/ISL_CSLRT_Corpus/ISL_CSLRT_Corpus/Videos_Sentence_Level/help me/help me (5).MP4,Videos_Sentence_Level/help me/help me (5).MP4,help me (5).MP4,help me,help me,help_me,class_023,HELP ME
data/raw/archive/ISL_CSLRT_Corpus/ISL_CSLRT_Corpus/Videos_Sentence_Level/help me/help me (6).mp4,Videos_Sentence_Level/help me/help me (6).mp4,help me (6).mp4,help me,help me,help_me,class_023,HELP ME
data/raw/archive/ISL_CSLRT_Corpus/ISL_CSLRT_Corpus/Videos_Sentence_Level/help me/help me (7).mp4,Videos_Sentence_Level/help me/help me (7).mp4,help me (7).mp4,help me,help me,help_me,class_023,HELP ME
data/raw/archive/ISL_CSLRT_Corpus/ISL_CSLRT_Corpus/Videos_Sentence_Level/help me/help me (8).MP4,Videos_Sentence_Level/help me/help me (8).MP4,help me (8).MP4,help me,help me,help_me,class_023,HELP ME
data/raw/archive/ISL_CSLRT_Corpus/ISL_CSLRT_Corpus/Videos_Sentence_Level/hi how are you/hi how are you (1).mp4,Videos_Sentence_Level/hi how are you/hi how are you (1).mp4,hi how are you (1).mp4,hi how are you,hi how are you,hi_how_are_you,class_024,HI HOW YOU
data/raw/archive/ISL_CSLRT_Corpus/ISL_CSLRT_Corpus/Videos_Sentence_Level/hi how are you/hi how are you (2).mp4,Videos_Sentence_Level/hi how are you/hi how are you (2).mp4,hi how are you (2).mp4,hi how are you,hi how are you,hi_how_are_you,class_024,HI HOW YOU
data/raw/archive/ISL_CSLRT_Corpus/ISL_CSLRT_Corpus/Videos_Sentence_Level/hi how are you/hi how are you (3).MP4,Videos_Sentence_Level/hi how are you/hi how are you (3).MP4,hi how are you (3).MP4,hi how are you,hi how are you,hi_how_are_you,class_024,HI HOW YOU
data/raw/archive/ISL_CSLRT_Corpus/ISL_CSLRT_Corpus/Videos_Sentence_Level/hi how are you/hi how are you (4).MP4,Videos_Sentence_Level/hi how are you/hi how are you (4).MP4,hi how are you (4).MP4,hi how are you,hi how are you,hi_how_are_you,class_024,HI HOW YOU
data/raw/archive/ISL_CSLRT_Corpus/ISL_CSLRT_Corpus/Videos_Sentence_Level/hi how are you/hi how are you (5).MP4,Videos_Sentence_Level/hi how are you/hi how are you (5).MP4,hi how are you (5).MP4,hi how are you,hi how are you,hi_how_are_you,class_024,HI HOW YOU
data/raw/archive/ISL_CSLRT_Corpus/ISL_CSLRT_Corpus/Videos_Sentence_Level/hi how are you/hi how are you (6).MP4,Videos_Sentence_Level/hi how are you/hi how are you (6).MP4,hi how are you (6).MP4,hi how are you,hi how are you,hi_how_are_you,class_024,HI HOW YOU
data/raw/archive/ISL_CSLRT_Corpus/ISL_CSLRT_Corpus/Videos_Sentence_Level/hi how are you/hi how are you (7).MP4,Videos_Sentence_Level/hi how are you/hi how are you (7).MP4,hi how are you (7).MP4,hi how are you,hi how are you,hi_how_are_you,class_024,HI HOW YOU
data/raw/archive/ISL_CSLRT_Corpus/ISL_CSLRT_Corpus/Videos_Sentence_Level/how are things/how are things (2).mp4,Videos_Sentence_Level/how are things/how are things (2).mp4,how are things (2).mp4,how are things,how are things,how_are_things,class_025,HOW THINGS
data/raw/archive/ISL_CSLRT_Corpus/ISL_CSLRT_Corpus/Videos_Sentence_Level/how are things/how are things.mp4,Videos_Sentence_Level/how are things/how are things.mp4,how are things.mp4,how are things,how are things,how_are_things,class_025,HOW THINGS
data/raw/archive/ISL_CSLRT_Corpus/ISL_CSLRT_Corpus/Videos_Sentence_Level/how are things/things (2).MP4,Videos_Sentence_Level/how are things/things (2).MP4,things (2).MP4,how are things,how are things,how_are_things,class_025,HOW THINGS
data/raw/archive/ISL_CSLRT_Corpus/ISL_CSLRT_Corpus/Videos_Sentence_Level/how are things/things (3).MP4,Videos_Sentence_Level/how are things/things (3).MP4,things (3).MP4,how are things,how are things,how_are_things,class_025,HOW THINGS
data/raw/archive/ISL_CSLRT_Corpus/ISL_CSLRT_Corpus/Videos_Sentence_Level/how are things/things (4).MP4,Videos_Sentence_Level/how are things/things (4).MP4,things (4).MP4,how are things,how are things,how_are_things,class_025,HOW THINGS
data/raw/archive/ISL_CSLRT_Corpus/ISL_CSLRT_Corpus/Videos_Sentence_Level/how are things/things.MP4,Videos_Sentence_Level/how are things/things.MP4,things.MP4,how are things,how are things,how_are_things,class_025,HOW THINGS
data/raw/archive/ISL_CSLRT_Corpus/ISL_CSLRT_Corpus/Videos_Sentence_Level/how can i help you/how can i help you (1).mp4,Videos_Sentence_Level/how can i help you/how can i help you (1).mp4,how can i help you (1).mp4,how can i help you,how can i help you,how_can_i_help_you,class_026,HOW I HELP YOU
data/raw/archive/ISL_CSLRT_Corpus/ISL_CSLRT_Corpus/Videos_Sentence_Level/how can i help you/how can i help you (2).mp4,Videos_Sentence_Level/how can i help you/how can i help you (2).mp4,how can i help you (2).mp4,how can i help you,how can i help you,how_can_i_help_you,class_026,HOW I HELP YOU
data/raw/archive/ISL_CSLRT_Corpus/ISL_CSLRT_Corpus/Videos_Sentence_Level/how can i help you/how can i help you (3).MP4,Videos_Sentence_Level/how can i help you/how can i help you (3).MP4,how can i help you (3).MP4,how can i help you,how can i help you,how_can_i_help_you,class_026,HOW I HELP YOU
data/raw/archive/ISL_CSLRT_Corpus/ISL_CSLRT_Corpus/Videos_Sentence_Level/how can i help you/how can i help you (4).MP4,Videos_Sentence_Level/how can i help you/how can i help you (4).MP4,how can i help you (4).MP4,how can i help you,how can i help you,how_can_i_help_you,class_026,HOW I HELP YOU
data/raw/archive/ISL_CSLRT_Corpus/ISL_CSLRT_Corpus/Videos_Sentence_Level/how can i help you/how can i help you (5).MP4,Videos_Sentence_Level/how can i help you/how can i help you (5).MP4,how can i help you (5).MP4,how can i help you,how can i help you,how_can_i_help_you,class_026,HOW I HELP YOU
data/raw/archive/ISL_CSLRT_Corpus/ISL_CSLRT_Corpus/Videos_Sentence_Level/how can i help you/how can i help you (6).MP4,Videos_Sentence_Level/how can i help you/how can i help you (6).MP4,how can i help you (6).MP4,how can i help you,how can i help you,how_can_i_help_you,class_026,HOW I HELP YOU
data/raw/archive/ISL_CSLRT_Corpus/ISL_CSLRT_Corpus/Videos_Sentence_Level/how can i help you/how can i help you (7).MP4,Videos_Sentence_Level/how can i help you/how can i help you (7).MP4,how can i help you (7).MP4,how can i help you,how can i help you,how_can_i_help_you,class_026,HOW I HELP YOU
data/raw/archive/ISL_CSLRT_Corpus/ISL_CSLRT_Corpus/Videos_Sentence_Level/how can i trust you/how can i trust you (2).mp4,Videos_Sentence_Level/how can i trust you/how can i trust you (2).mp4,how can i trust you (2).mp4,how can i trust you,how can i trust you,how_can_i_trust_you,class_027,HOW I TRUST YOU
data/raw/archive/ISL_CSLRT_Corpus/ISL_CSLRT_Corpus/Videos_Sentence_Level/how can i trust you/how can i trust you.mp4,Videos_Sentence_Level/how can i trust you/how can i trust you.mp4,how can i trust you.mp4,how can i trust you,how can i trust you,how_can_i_trust_you,class_027,HOW I TRUST YOU
data/raw/archive/ISL_CSLRT_Corpus/ISL_CSLRT_Corpus/Videos_Sentence_Level/how can i trust you/trust (2).MP4,Videos_Sentence_Level/how can i trust you/trust (2).MP4,trust (2).MP4,how can i trust you,how can i trust you,how_can_i_trust_you,class_027,HOW I TRUST YOU
data/raw/archive/ISL_CSLRT_Corpus/ISL_CSLRT_Corpus/Videos_Sentence_Level/how can i trust you/trust (3).MP4,Videos_Sentence_Level/how can i trust you/trust (3).MP4,trust (3).MP4,how can i trust you,how can i trust you,how_can_i_trust_you,class_027,HOW I TRUST YOU
data/raw/archive/ISL_CSLRT_Corpus/ISL_CSLRT_Corpus/Videos_Sentence_Level/how can i trust you/trust (4).MP4,Videos_Sentence_Level/how can i trust you/trust (4).MP4,trust (4).MP4,how can i trust you,how can i trust you,how_can_i_trust_you,class_027,HOW I TRUST YOU
data/raw/archive/ISL_CSLRT_Corpus/ISL_CSLRT_Corpus/Videos_Sentence_Level/how can i trust you/trust (5).MP4,Videos_Sentence_Level/how can i trust you/trust (5).MP4,trust (5).MP4,how can i trust you,how can i trust you,how_can_i_trust_you,class_027,HOW I TRUST YOU
data/raw/archive/ISL_CSLRT_Corpus/ISL_CSLRT_Corpus/Videos_Sentence_Level/how can i trust you/trust.MP4,Videos_Sentence_Level/how can i trust you/trust.MP4,trust.MP4,how can i trust you,how can i trust you,how_can_i_trust_you,class_027,HOW I TRUST YOU
data/raw/archive/ISL_CSLRT_Corpus/ISL_CSLRT_Corpus/Videos_Sentence_Level/how dare you/dare (2).MP4,Videos_Sentence_Level/how dare you/dare (2).MP4,dare (2).MP4,how dare you,how dare you,how_dare_you,class_028,HOW DARE YOU
data/raw/archive/ISL_CSLRT_Corpus/ISL_CSLRT_Corpus/Videos_Sentence_Level/how dare you/dare (3).MP4,Videos_Sentence_Level/how dare you/dare (3).MP4,dare (3).MP4,how dare you,how dare you,how_dare_you,class_028,HOW DARE YOU
data/raw/archive/ISL_CSLRT_Corpus/ISL_CSLRT_Corpus/Videos_Sentence_Level/how dare you/dare (4).MP4,Videos_Sentence_Level/how dare you/dare (4).MP4,dare (4).MP4,how dare you,how dare you,how_dare_you,class_028,HOW DARE YOU
data/raw/archive/ISL_CSLRT_Corpus/ISL_CSLRT_Corpus/Videos_Sentence_Level/how dare you/dare (5).MP4,Videos_Sentence_Level/how dare you/dare (5).MP4,dare (5).MP4,how dare you,how dare you,how_dare_you,class_028,HOW DARE YOU
data/raw/archive/ISL_CSLRT_Corpus/ISL_CSLRT_Corpus/Videos_Sentence_Level/how dare you/dare.MP4,Videos_Sentence_Level/how dare you/dare.MP4,dare.MP4,how dare you,how dare you,how_dare_you,class_028,HOW DARE YOU
data/raw/archive/ISL_CSLRT_Corpus/ISL_CSLRT_Corpus/Videos_Sentence_Level/how dare you/how dare you (2).mp4,Videos_Sentence_Level/how dare you/how dare you (2).mp4,how dare you (2).mp4,how dare you,how dare you,how_dare_you,class_028,HOW DARE YOU
data/raw/archive/ISL_CSLRT_Corpus/ISL_CSLRT_Corpus/Videos_Sentence_Level/how dare you/how dare you.mp4,Videos_Sentence_Level/how dare you/how dare you.mp4,how dare you.mp4,how dare you,how dare you,how_dare_you,class_028,HOW DARE YOU
data/raw/archive/ISL_CSLRT_Corpus/ISL_CSLRT_Corpus/Videos_Sentence_Level/how old are you/how old are you (1).mp4,Videos_Sentence_Level/how old are you/how old are you (1).mp4,how old are you (1).mp4,how old are you,how old are you,how_old_are_you,class_029,HOW OLD YOU
data/raw/archive/ISL_CSLRT_Corpus/ISL_CSLRT_Corpus/Videos_Sentence_Level/how old are you/how old are you (2).mp4,Videos_Sentence_Level/how old are you/how old are you (2).mp4,how old are you (2).mp4,how old are you,how old are you,how_old_are_you,class_029,HOW OLD YOU
data/raw/archive/ISL_CSLRT_Corpus/ISL_CSLRT_Corpus/Videos_Sentence_Level/how old are you/how old are you (3).MP4,Videos_Sentence_Level/how old are you/how old are you (3).MP4,how old are you (3).MP4,how old are you,how old are you,how_old_are_you,class_029,HOW OLD YOU
data/raw/archive/ISL_CSLRT_Corpus/ISL_CSLRT_Corpus/Videos_Sentence_Level/how old are you/how old are you (4).MP4,Videos_Sentence_Level/how old are you/how old are you (4).MP4,how old are you (4).MP4,how old are you,how old are you,how_old_are_you,class_029,HOW OLD YOU
data/raw/archive/ISL_CSLRT_Corpus/ISL_CSLRT_Corpus/Videos_Sentence_Level/how old are you/how old are you (5).MP4,Videos_Sentence_Level/how old are you/how old are you (5).MP4,how old are you (5).MP4,how old are you,how old are you,how_old_are_you,class_029,HOW OLD YOU
data/raw/archive/ISL_CSLRT_Corpus/ISL_CSLRT_Corpus/Videos_Sentence_Level/how old are you/how old are you (6).MP4,Videos_Sentence_Level/how old are you/how old are you (6).MP4,how old are you (6).MP4,how old are you,how old are you,how_old_are_you,class_029,HOW OLD YOU
data/raw/archive/ISL_CSLRT_Corpus/ISL_CSLRT_Corpus/Videos_Sentence_Level/how old are you/how old are you (7).MP4,Videos_Sentence_Level/how old are you/how old are you (7).MP4,how old are you (7).MP4,how old are you,how old are you,how_old_are_you,class_029,HOW OLD YOU
data/raw/archive/ISL_CSLRT_Corpus/ISL_CSLRT_Corpus/Videos_Sentence_Level/i am (age)/i am (age) (1).MP4,Videos_Sentence_Level/i am (age)/i am (age) (1).MP4,i am (age) (1).MP4,i am (age),i am (age),i_am_(age),class_030,I (AGE)
data/raw/archive/ISL_CSLRT_Corpus/ISL_CSLRT_Corpus/Videos_Sentence_Level/i am (age)/i am (age) (2).MP4,Videos_Sentence_Level/i am (age)/i am (age) (2).MP4,i am (age) (2).MP4,i am (age),i am (age),i_am_(age),class_030,I (AGE)
data/raw/archive/ISL_CSLRT_Corpus/ISL_CSLRT_Corpus/Videos_Sentence_Level/i am (age)/i am (age) (3).MP4,Videos_Sentence_Level/i am (age)/i am (age) (3).MP4,i am (age) (3).MP4,i am (age),i am (age),i_am_(age),class_030,I (AGE)
data/raw/archive/ISL_CSLRT_Corpus/ISL_CSLRT_Corpus/Videos_Sentence_Level/i am (age)/i am (age) (4).MP4,Videos_Sentence_Level/i am (age)/i am (age) (4).MP4,i am (age) (4).MP4,i am (age),i am (age),i_am_(age),class_030,I (AGE)
data/raw/archive/ISL_CSLRT_Corpus/ISL_CSLRT_Corpus/Videos_Sentence_Level/i am (age)/i am (age) (5).MP4,Videos_Sentence_Level/i am (age)/i am (age) (5).MP4,i am (age) (5).MP4,i am (age),i am (age),i_am_(age),class_030,I (AGE)
data/raw/archive/ISL_CSLRT_Corpus/ISL_CSLRT_Corpus/Videos_Sentence_Level/i am (age)/i am (age) (6).mp4,Videos_Sentence_Level/i am (age)/i am (age) (6).mp4,i am (age) (6).mp4,i am (age),i am (age),i_am_(age),class_030,I (AGE)
data/raw/archive/ISL_CSLRT_Corpus/ISL_CSLRT_Corpus/Videos_Sentence_Level/i am afraid of that/afraid (2).MP4,Videos_Sentence_Level/i am afraid of that/afraid (2).MP4,afraid (2).MP4,i am afraid of that,i am afraid of that,i_am_afraid_of_that,class_031,I AFRAID THAT
data/raw/archive/ISL_CSLRT_Corpus/ISL_CSLRT_Corpus/Videos_Sentence_Level/i am afraid of that/afraid (3).MP4,Videos_Sentence_Level/i am afraid of that/afraid (3).MP4,afraid (3).MP4,i am afraid of that,i am afraid of that,i_am_afraid_of_that,class_031,I AFRAID THAT
data/raw/archive/ISL_CSLRT_Corpus/ISL_CSLRT_Corpus/Videos_Sentence_Level/i am afraid of that/afraid (4).MP4,Videos_Sentence_Level/i am afraid of that/afraid (4).MP4,afraid (4).MP4,i am afraid of that,i am afraid of that,i_am_afraid_of_that,class_031,I AFRAID THAT
data/raw/archive/ISL_CSLRT_Corpus/ISL_CSLRT_Corpus/Videos_Sentence_Level/i am afraid of that/afraid (5).MP4,Videos_Sentence_Level/i am afraid of that/afraid (5).MP4,afraid (5).MP4,i am afraid of that,i am afraid of that,i_am_afraid_of_that,class_031,I AFRAID THAT
data/raw/archive/ISL_CSLRT_Corpus/ISL_CSLRT_Corpus/Videos_Sentence_Level/i am afraid of that/afraid.MP4,Videos_Sentence_Level/i am afraid of that/afraid.MP4,afraid.MP4,i am afraid of that,i am afraid of that,i_am_afraid_of_that,class_031,I AFRAID THAT
data/raw/archive/ISL_CSLRT_Corpus/ISL_CSLRT_Corpus/Videos_Sentence_Level/i am afraid of that/i am afraid of that (2).mp4,Videos_Sentence_Level/i am afraid of that/i am afraid of that (2).mp4,i am afraid of that (2).mp4,i am afraid of that,i am afraid of that,i_am_afraid_of_that,class_031,I AFRAID THAT
data/raw/archive/ISL_CSLRT_Corpus/ISL_CSLRT_Corpus/Videos_Sentence_Level/i am afraid of that/i am afraid of that.mp4,Videos_Sentence_Level/i am afraid of that/i am afraid of that.mp4,i am afraid of that.mp4,i am afraid of that,i am afraid of that,i_am_afraid_of_that,class_031,I AFRAID THAT
data/raw/archive/ISL_CSLRT_Corpus/ISL_CSLRT_Corpus/Videos_Sentence_Level/i am crying/i am crying (2).mp4,Videos_Sentence_Level/i am crying/i am crying (2).mp4,i am crying (2).mp4,i am crying,i am crying,i_am_crying,class_032,I CRY
data/raw/archive/ISL_CSLRT_Corpus/ISL_CSLRT_Corpus/Videos_Sentence_Level/i am crying/i am crying (3).MP4,Videos_Sentence_Level/i am crying/i am crying (3).MP4,i am crying (3).MP4,i am crying,i am crying,i_am_crying,class_032,I CRY
data/raw/archive/ISL_CSLRT_Corpus/ISL_CSLRT_Corpus/Videos_Sentence_Level/i am crying/i am crying (4).MP4,Videos_Sentence_Level/i am crying/i am crying (4).MP4,i am crying (4).MP4,i am crying,i am crying,i_am_crying,class_032,I CRY
data/raw/archive/ISL_CSLRT_Corpus/ISL_CSLRT_Corpus/Videos_Sentence_Level/i am crying/i am crying (5).MP4,Videos_Sentence_Level/i am crying/i am crying (5).MP4,i am crying (5).MP4,i am crying,i am crying,i_am_crying,class_032,I CRY
data/raw/archive/ISL_CSLRT_Corpus/ISL_CSLRT_Corpus/Videos_Sentence_Level/i am crying/i am crying (6).MP4,Videos_Sentence_Level/i am crying/i am crying (6).MP4,i am crying (6).MP4,i am crying,i am crying,i_am_crying,class_032,I CRY
data/raw/archive/ISL_CSLRT_Corpus/ISL_CSLRT_Corpus/Videos_Sentence_Level/i am crying/i am crying (7).MP4,Videos_Sentence_Level/i am crying/i am crying (7).MP4,i am crying (7).MP4,i am crying,i am crying,i_am_crying,class_032,I CRY
data/raw/archive/ISL_CSLRT_Corpus/ISL_CSLRT_Corpus/Videos_Sentence_Level/i am crying/i am crying.mp4,Videos_Sentence_Level/i am crying/i am crying.mp4,i am crying.mp4,i am crying,i am crying,i_am_crying,class_032,I CRY
data/raw/archive/ISL_CSLRT_Corpus/ISL_CSLRT_Corpus/Videos_Sentence_Level/i am feeling bored/bored (2).MP4,Videos_Sentence_Level/i am feeling bored/bored (2).MP4,bored (2).MP4,i am feeling bored,i am feeling bored,i_am_feeling_bored,class_033,I FEELING BORED
data/raw/archive/ISL_CSLRT_Corpus/ISL_CSLRT_Corpus/Videos_Sentence_Level/i am feeling bored/bored (3).MP4,Videos_Sentence_Level/i am feeling bored/bored (3).MP4,bored (3).MP4,i am feeling bored,i am feeling bored,i_am_feeling_bored,class_033,I FEELING BORED
data/raw/archive/ISL_CSLRT_Corpus/ISL_CSLRT_Corpus/Videos_Sentence_Level/i am feeling bored/bored (4).MP4,Videos_Sentence_Level/i am feeling bored/bored (4).MP4,bored (4).MP4,i am feeling bored,i am feeling bored,i_am_feeling_bored,class_033,I FEELING BORED
data/raw/archive/ISL_CSLRT_Corpus/ISL_CSLRT_Corpus/Videos_Sentence_Level/i am feeling bored/bored (5).MP4,Videos_Sentence_Level/i am feeling bored/bored (5).MP4,bored (5).MP4,i am feeling bored,i am feeling bored,i_am_feeling_bored,class_033,I FEELING BORED
data/raw/archive/ISL_CSLRT_Corpus/ISL_CSLRT_Corpus/Videos_Sentence_Level/i am feeling bored/bored.MP4,Videos_Sentence_Level/i am feeling bored/bored.MP4,bored.MP4,i am feeling bored,i am feeling bored,i_am_feeling_bored,class_033,I FEELING BORED
data/raw/archive/ISL_CSLRT_Corpus/ISL_CSLRT_Corpus/Videos_Sentence_Level/i am feeling bored/i am feeling bored (2).mp4,Videos_Sentence_Level/i am feeling bored/i am feeling bored (2).mp4,i am feeling bored (2).mp4,i am feeling bored,i am feeling bored,i_am_feeling_bored,class_033,I FEELING BORED
data/raw/archive/ISL_CSLRT_Corpus/ISL_CSLRT_Corpus/Videos_Sentence_Level/i am feeling bored/i am feeling bored.mp4,Videos_Sentence_Level/i am feeling bored/i am feeling bored.mp4,i am feeling bored.mp4,i am feeling bored,i am feeling bored,i_am_feeling_bored,class_033,I FEELING BORED
data/raw/archive/ISL_CSLRT_Corpus/ISL_CSLRT_Corpus/Videos_Sentence_Level/i am feeling cold/cold (2).MP4,Videos_Sentence_Level/i am feeling cold/cold (2).MP4,cold (2).MP4,i am feeling cold,i am feeling cold,i_am_feeling_cold,class_034,I FEELING COLD
data/raw/archive/ISL_CSLRT_Corpus/ISL_CSLRT_Corpus/Videos_Sentence_Level/i am feeling cold/cold (3).MP4,Videos_Sentence_Level/i am feeling cold/cold (3).MP4,cold (3).MP4,i am feeling cold,i am feeling cold,i_am_feeling_cold,class_034,I FEELING COLD
data/raw/archive/ISL_CSLRT_Corpus/ISL_CSLRT_Corpus/Videos_Sentence_Level/i am feeling cold/cold (4).MP4,Videos_Sentence_Level/i am feeling cold/cold (4).MP4,cold (4).MP4,i am feeling cold,i am feeling cold,i_am_feeling_cold,class_034,I FEELING COLD
data/raw/archive/ISL_CSLRT_Corpus/ISL_CSLRT_Corpus/Videos_Sentence_Level/i am feeling cold/cold (5).MP4,Videos_Sentence_Level/i am feeling cold/cold (5).MP4,cold (5).MP4,i am feeling cold,i am feeling cold,i_am_feeling_cold,class_034,I FEELING COLD
data/raw/archive/ISL_CSLRT_Corpus/ISL_CSLRT_Corpus/Videos_Sentence_Level/i am feeling cold/cold.MP4,Videos_Sentence_Level/i am feeling cold/cold.MP4,cold.MP4,i am feeling cold,i am feeling cold,i_am_feeling_cold,class_034,I FEELING COLD
data/raw/archive/ISL_CSLRT_Corpus/ISL_CSLRT_Corpus/Videos_Sentence_Level/i am feeling cold/i am feeling cold (2).mp4,Videos_Sentence_Level/i am feeling cold/i am feeling cold (2).mp4,i am feeling cold (2).mp4,i am feeling cold,i am feeling cold,i_am_feeling_cold,class_034,I FEELING COLD
data/raw/archive/ISL_CSLRT_Corpus/ISL_CSLRT_Corpus/Videos_Sentence_Level/i am feeling cold/i am feeling cold.mp4,Videos_Sentence_Level/i am feeling cold/i am feeling cold.mp4,i am feeling cold.mp4,i am feeling cold,i am feeling cold,i_am_feeling_cold,class_034,I FEELING COLD
data/raw/archive/ISL_CSLRT_Corpus/ISL_CSLRT_Corpus/Videos_Sentence_Level/i am fine. thank you sir/fine thank (2).MP4,Videos_Sentence_Level/i am fine. thank you sir/fine thank (2).MP4,fine thank (2).MP4,i am fine. thank you sir,i am fine. thank you sir,i_am_fine._thank_you_sir,class_035,I FINE. THANK YOU SIR
data/raw/archive/ISL_CSLRT_Corpus/ISL_CSLRT_Corpus/Videos_Sentence_Level/i am fine. thank you sir/fine thank (3).MP4,Videos_Sentence_Level/i am fine. thank you sir/fine thank (3).MP4,fine thank (3).MP4,i am fine. thank you sir,i am fine. thank you sir,i_am_fine._thank_you_sir,class_035,I FINE. THANK YOU SIR
data/raw/archive/ISL_CSLRT_Corpus/ISL_CSLRT_Corpus/Videos_Sentence_Level/i am fine. thank you sir/fine thank (4).MP4,Videos_Sentence_Level/i am fine. thank you sir/fine thank (4).MP4,fine thank (4).MP4,i am fine. thank you sir,i am fine. thank you sir,i_am_fine._thank_you_sir,class_035,I FINE. THANK YOU SIR
data/raw/archive/ISL_CSLRT_Corpus/ISL_CSLRT_Corpus/Videos_Sentence_Level/i am fine. thank you sir/fine thank (5).MP4,Videos_Sentence_Level/i am fine. thank you sir/fine thank (5).MP4,fine thank (5).MP4,i am fine. thank you sir,i am fine. thank you sir,i_am_fine._thank_you_sir,class_035,I FINE. THANK YOU SIR
data/raw/archive/ISL_CSLRT_Corpus/ISL_CSLRT_Corpus/Videos_Sentence_Level/i am fine. thank you sir/fine thank.MP4,Videos_Sentence_Level/i am fine. thank you sir/fine thank.MP4,fine thank.MP4,i am fine. thank you sir,i am fine. thank you sir,i_am_fine._thank_you_sir,class_035,I FINE. THANK YOU SIR
data/raw/archive/ISL_CSLRT_Corpus/ISL_CSLRT_Corpus/Videos_Sentence_Level/i am fine. thank you sir/i am fine. thank you sir (2).mp4,Videos_Sentence_Level/i am fine. thank you sir/i am fine. thank you sir (2).mp4,i am fine. thank you sir (2).mp4,i am fine. thank you sir,i am fine. thank you sir,i_am_fine._thank_you_sir,class_035,I FINE. THANK YOU SIR
data/raw/archive/ISL_CSLRT_Corpus/ISL_CSLRT_Corpus/Videos_Sentence_Level/i am fine. thank you sir/i am fine. thank you sir.mp4,Videos_Sentence_Level/i am fine. thank you sir/i am fine. thank you sir.mp4,i am fine. thank you sir.mp4,i am fine. thank you sir,i am fine. thank you sir,i_am_fine._thank_you_sir,class_035,I FINE. THANK YOU SIR
data/raw/archive/ISL_CSLRT_Corpus/ISL_CSLRT_Corpus/Videos_Sentence_Level/i am hungry/i am hungry   (1).mp4,Videos_Sentence_Level/i am hungry/i am hungry   (1).mp4,i am hungry   (1).mp4,i am hungry,i am hungry,i_am_hungry,class_036,I HUNGRY
data/raw/archive/ISL_CSLRT_Corpus/ISL_CSLRT_Corpus/Videos_Sentence_Level/i am hungry/i am hungry   (2).mp4,Videos_Sentence_Level/i am hungry/i am hungry   (2).mp4,i am hungry   (2).mp4,i am hungry,i am hungry,i_am_hungry,class_036,I HUNGRY
data/raw/archive/ISL_CSLRT_Corpus/ISL_CSLRT_Corpus/Videos_Sentence_Level/i am hungry/i am hungry   (3).MP4,Videos_Sentence_Level/i am hungry/i am hungry   (3).MP4,i am hungry   (3).MP4,i am hungry,i am hungry,i_am_hungry,class_036,I HUNGRY
data/raw/archive/ISL_CSLRT_Corpus/ISL_CSLRT_Corpus/Videos_Sentence_Level/i am hungry/i am hungry   (4).MP4,Videos_Sentence_Level/i am hungry/i am hungry   (4).MP4,i am hungry   (4).MP4,i am hungry,i am hungry,i_am_hungry,class_036,I HUNGRY
data/raw/archive/ISL_CSLRT_Corpus/ISL_CSLRT_Corpus/Videos_Sentence_Level/i am hungry/i am hungry   (5).MP4,Videos_Sentence_Level/i am hungry/i am hungry   (5).MP4,i am hungry   (5).MP4,i am hungry,i am hungry,i_am_hungry,class_036,I HUNGRY
data/raw/archive/ISL_CSLRT_Corpus/ISL_CSLRT_Corpus/Videos_Sentence_Level/i am hungry/i am hungry   (6).MP4,Videos_Sentence_Level/i am hungry/i am hungry   (6).MP4,i am hungry   (6).MP4,i am hungry,i am hungry,i_am_hungry,class_036,I HUNGRY
data/raw/archive/ISL_CSLRT_Corpus/ISL_CSLRT_Corpus/Videos_Sentence_Level/i am hungry/i am hungry   (7).MP4,Videos_Sentence_Level/i am hungry/i am hungry   (7).MP4,i am hungry   (7).MP4,i am hungry,i am hungry,i_am_hungry,class_036,I HUNGRY
data/raw/archive/ISL_CSLRT_Corpus/ISL_CSLRT_Corpus/Videos_Sentence_Level/i am in dilemma what to do/dilemma (2).MP4,Videos_Sentence_Level/i am in dilemma what to do/dilemma (2).MP4,dilemma (2).MP4,i am in dilemma what to do,i am in dilemma what to do,i_am_in_dilemma_what_to_do,class_037,I IN DILEMMA WHAT TO DO
data/raw/archive/ISL_CSLRT_Corpus/ISL_CSLRT_Corpus/Videos_Sentence_Level/i am in dilemma what to do/dilemma (3).MP4,Videos_Sentence_Level/i am in dilemma what to do/dilemma (3).MP4,dilemma (3).MP4,i am in dilemma what to do,i am in dilemma what to do,i_am_in_dilemma_what_to_do,class_037,I IN DILEMMA WHAT TO DO
data/raw/archive/ISL_CSLRT_Corpus/ISL_CSLRT_Corpus/Videos_Sentence_Level/i am in dilemma what to do/dilemma (4).MP4,Videos_Sentence_Level/i am in dilemma what to do/dilemma (4).MP4,dilemma (4).MP4,i am in dilemma what to do,i am in dilemma what to do,i_am_in_dilemma_what_to_do,class_037,I IN DILEMMA WHAT TO DO
data/raw/archive/ISL_CSLRT_Corpus/ISL_CSLRT_Corpus/Videos_Sentence_Level/i am in dilemma what to do/dilemma (5).MP4,Videos_Sentence_Level/i am in dilemma what to do/dilemma (5).MP4,dilemma (5).MP4,i am in dilemma what to do,i am in dilemma what to do,i_am_in_dilemma_what_to_do,class_037,I IN DILEMMA WHAT TO DO
data/raw/archive/ISL_CSLRT_Corpus/ISL_CSLRT_Corpus/Videos_Sentence_Level/i am in dilemma what to do/dilemma.MP4,Videos_Sentence_Level/i am in dilemma what to do/dilemma.MP4,dilemma.MP4,i am in dilemma what to do,i am in dilemma what to do,i_am_in_dilemma_what_to_do,class_037,I IN DILEMMA WHAT TO DO
data/raw/archive/ISL_CSLRT_Corpus/ISL_CSLRT_Corpus/Videos_Sentence_Level/i am in dilemma what to do/i am in dilemma what to do (2).mp4,Videos_Sentence_Level/i am in dilemma what to do/i am in dilemma what to do (2).mp4,i am in dilemma what to do (2).mp4,i am in dilemma what to do,i am in dilemma what to do,i_am_in_dilemma_what_to_do,class_037,I IN DILEMMA WHAT TO DO
data/raw/archive/ISL_CSLRT_Corpus/ISL_CSLRT_Corpus/Videos_Sentence_Level/i am in dilemma what to do/i am in dilemma what to do.mp4,Videos_Sentence_Level/i am in dilemma what to do/i am in dilemma what to do.mp4,i am in dilemma what to do.mp4,i am in dilemma what to do,i am in dilemma what to do,i_am_in_dilemma_what_to_do,class_037,I IN DILEMMA WHAT TO DO
data/raw/archive/ISL_CSLRT_Corpus/ISL_CSLRT_Corpus/Videos_Sentence_Level/i am not really sure/i am not really sure (2).mp4,Videos_Sentence_Level/i am not really sure/i am not really sure (2).mp4,i am not really sure (2).mp4,i am not really sure,i am not really sure,i_am_not_really_sure,class_038,I NOT REALLY SURE
data/raw/archive/ISL_CSLRT_Corpus/ISL_CSLRT_Corpus/Videos_Sentence_Level/i am not really sure/i am not really sure.mp4,Videos_Sentence_Level/i am not really sure/i am not really sure.mp4,i am not really sure.mp4,i am not really sure,i am not really sure,i_am_not_really_sure,class_038,I NOT REALLY SURE
data/raw/archive/ISL_CSLRT_Corpus/ISL_CSLRT_Corpus/Videos_Sentence_Level/i am not really sure/MVI_6546.MP4,Videos_Sentence_Level/i am not really sure/MVI_6546.MP4,MVI_6546.MP4,i am not really sure,i am not really sure,i_am_not_really_sure,class_038,I NOT REALLY SURE
data/raw/archive/ISL_CSLRT_Corpus/ISL_CSLRT_Corpus/Videos_Sentence_Level/i am not really sure/really sure (2).MP4,Videos_Sentence_Level/i am not really sure/really sure (2).MP4,really sure (2).MP4,i am not really sure,i am not really sure,i_am_not_really_sure,class_038,I NOT REALLY SURE
data/raw/archive/ISL_CSLRT_Corpus/ISL_CSLRT_Corpus/Videos_Sentence_Level/i am not really sure/really sure (3).MP4,Videos_Sentence_Level/i am not really sure/really sure (3).MP4,really sure (3).MP4,i am not really sure,i am not really sure,i_am_not_really_sure,class_038,I NOT REALLY SURE
data/raw/archive/ISL_CSLRT_Corpus/ISL_CSLRT_Corpus/Videos_Sentence_Level/i am not really sure/really sure (4).MP4,Videos_Sentence_Level/i am not really sure/really sure (4).MP4,really sure (4).MP4,i am not really sure,i am not really sure,i_am_not_really_sure,class_038,I NOT REALLY SURE
data/raw/archive/ISL_CSLRT_Corpus/ISL_CSLRT_Corpus/Videos_Sentence_Level/i am not really sure/really sure.MP4,Videos_Sentence_Level/i am not really sure/really sure.MP4,really sure.MP4,i am not really sure,i am not really sure,i_am_not_really_sure,class_038,I NOT REALLY SURE
data/raw/archive/ISL_CSLRT_Corpus/ISL_CSLRT_Corpus/Videos_Sentence_Level/i am really grateful/i am really grateful (2).mp4,Videos_Sentence_Level/i am really grateful/i am really grateful (2).mp4,i am really grateful (2).mp4,i am really grateful,i am really grateful,i_am_really_grateful,class_039,I REALLY GRATEFUL
data/raw/archive/ISL_CSLRT_Corpus/ISL_CSLRT_Corpus/Videos_Sentence_Level/i am really grateful/i am really grateful.mp4,Videos_Sentence_Level/i am really grateful/i am really grateful.mp4,i am really grateful.mp4,i am really grateful,i am really grateful,i_am_really_grateful,class_039,I REALLY GRATEFUL
data/raw/archive/ISL_CSLRT_Corpus/ISL_CSLRT_Corpus/Videos_Sentence_Level/i am really grateful/MVI_6104.MP4,Videos_Sentence_Level/i am really grateful/MVI_6104.MP4,MVI_6104.MP4,i am really grateful,i am really grateful,i_am_really_grateful,class_039,I REALLY GRATEFUL
data/raw/archive/ISL_CSLRT_Corpus/ISL_CSLRT_Corpus/Videos_Sentence_Level/i am really grateful/MVI_6395.MP4,Videos_Sentence_Level/i am really grateful/MVI_6395.MP4,MVI_6395.MP4,i am really grateful,i am really grateful,i_am_really_grateful,class_039,I REALLY GRATEFUL
data/raw/archive/ISL_CSLRT_Corpus/ISL_CSLRT_Corpus/Videos_Sentence_Level/i am really grateful/MVI_6539.MP4,Videos_Sentence_Level/i am really grateful/MVI_6539.MP4,MVI_6539.MP4,i am really grateful,i am really grateful,i_am_really_grateful,class_039,I REALLY GRATEFUL
data/raw/archive/ISL_CSLRT_Corpus/ISL_CSLRT_Corpus/Videos_Sentence_Level/i am really grateful/MVI_6721.MP4,Videos_Sentence_Level/i am really grateful/MVI_6721.MP4,MVI_6721.MP4,i am really grateful,i am really grateful,i_am_really_grateful,class_039,I REALLY GRATEFUL
data/raw/archive/ISL_CSLRT_Corpus/ISL_CSLRT_Corpus/Videos_Sentence_Level/i am really grateful/MVI_6849.MP4,Videos_Sentence_Level/i am really grateful/MVI_6849.MP4,MVI_6849.MP4,i am really grateful,i am really grateful,i_am_really_grateful,class_039,I REALLY GRATEFUL
data/raw/archive/ISL_CSLRT_Corpus/ISL_CSLRT_Corpus/Videos_Sentence_Level/i am sitting in the class/i am sitting in the class (2).mp4,Videos_Sentence_Level/i am sitting in the class/i am sitting in the class (2).mp4,i am sitting in the class (2).mp4,i am sitting in the class,i am sitting in the class,i_am_sitting_in_the_class,class_040,I SITTING IN THE CLASS
data/raw/archive/ISL_CSLRT_Corpus/ISL_CSLRT_Corpus/Videos_Sentence_Level/i am sitting in the class/i am sitting in the class.mp4,Videos_Sentence_Level/i am sitting in the class/i am sitting in the class.mp4,i am sitting in the class.mp4,i am sitting in the class,i am sitting in the class,i_am_sitting_in_the_class,class_040,I SITTING IN THE CLASS
data/raw/archive/ISL_CSLRT_Corpus/ISL_CSLRT_Corpus/Videos_Sentence_Level/i am sitting in the class/sitting (2).MP4,Videos_Sentence_Level/i am sitting in the class/sitting (2).MP4,sitting (2).MP4,i am sitting in the class,i am sitting in the class,i_am_sitting_in_the_class,class_040,I SITTING IN THE CLASS
data/raw/archive/ISL_CSLRT_Corpus/ISL_CSLRT_Corpus/Videos_Sentence_Level/i am sitting in the class/sitting (3).MP4,Videos_Sentence_Level/i am sitting in the class/sitting (3).MP4,sitting (3).MP4,i am sitting in the class,i am sitting in the class,i_am_sitting_in_the_class,class_040,I SITTING IN THE CLASS
data/raw/archive/ISL_CSLRT_Corpus/ISL_CSLRT_Corpus/Videos_Sentence_Level/i am sitting in the class/sitting (4).MP4,Videos_Sentence_Level/i am sitting in the class/sitting (4).MP4,sitting (4).MP4,i am sitting in the class,i am sitting in the class,i_am_sitting_in_the_class,class_040,I SITTING IN THE CLASS
data/raw/archive/ISL_CSLRT_Corpus/ISL_CSLRT_Corpus/Videos_Sentence_Level/i am sitting in the class/sitting (5).MP4,Videos_Sentence_Level/i am sitting in the class/sitting (5).MP4,sitting (5).MP4,i am sitting in the class,i am sitting in the class,i_am_sitting_in_the_class,class_040,I SITTING IN THE CLASS
data/raw/archive/ISL_CSLRT_Corpus/ISL_CSLRT_Corpus/Videos_Sentence_Level/i am sitting in the class/sitting.MP4,Videos_Sentence_Level/i am sitting in the class/sitting.MP4,sitting.MP4,i am sitting in the class,i am sitting in the class,i_am_sitting_in_the_class,class_040,I SITTING IN THE CLASS
data/raw/archive/ISL_CSLRT_Corpus/ISL_CSLRT_Corpus/Videos_Sentence_Level/i am so sorry to hear that/i am so sorry to hear that (2).mp4,Videos_Sentence_Level/i am so sorry to hear that/i am so sorry to hear that (2).mp4,i am so sorry to hear that (2).mp4,i am so sorry to hear that,i am so sorry to hear that,i_am_so_sorry_to_hear_that,class_041,I AM SO SORRY TO HEAR THAT
data/raw/archive/ISL_CSLRT_Corpus/ISL_CSLRT_Corpus/Videos_Sentence_Level/i am so sorry to hear that/i am so sorry to hear that.mp4,Videos_Sentence_Level/i am so sorry to hear that/i am so sorry to hear that.mp4,i am so sorry to hear that.mp4,i am so sorry to hear that,i am so sorry to hear that,i_am_so_sorry_to_hear_that,class_041,I AM SO SORRY TO HEAR THAT
data/raw/archive/ISL_CSLRT_Corpus/ISL_CSLRT_Corpus/Videos_Sentence_Level/i am so sorry to hear that/sorry hear (2).MP4,Videos_Sentence_Level/i am so sorry to hear that/sorry hear (2).MP4,sorry hear (2).MP4,i am so sorry to hear that,i am so sorry to hear that,i_am_so_sorry_to_hear_that,class_041,I AM SO SORRY TO HEAR THAT
data/raw/archive/ISL_CSLRT_Corpus/ISL_CSLRT_Corpus/Videos_Sentence_Level/i am so sorry to hear that/sorry hear (3).MP4,Videos_Sentence_Level/i am so sorry to hear that/sorry hear (3).MP4,sorry hear (3).MP4,i am so sorry to hear that,i am so sorry to hear that,i_am_so_sorry_to_hear_that,class_041,I AM SO SORRY TO HEAR THAT
data/raw/archive/ISL_CSLRT_Corpus/ISL_CSLRT_Corpus/Videos_Sentence_Level/i am so sorry to hear that/sorry hear (4).MP4,Videos_Sentence_Level/i am so sorry to hear that/sorry hear (4).MP4,sorry hear (4).MP4,i am so sorry to hear that,i am so sorry to hear that,i_am_so_sorry_to_hear_that,class_041,I AM SO SORRY TO HEAR THAT
data/raw/archive/ISL_CSLRT_Corpus/ISL_CSLRT_Corpus/Videos_Sentence_Level/i am so sorry to hear that/sorry hear (5).MP4,Videos_Sentence_Level/i am so sorry to hear that/sorry hear (5).MP4,sorry hear (5).MP4,i am so sorry to hear that,i am so sorry to hear that,i_am_so_sorry_to_hear_that,class_041,I AM SO SORRY TO HEAR THAT
data/raw/archive/ISL_CSLRT_Corpus/ISL_CSLRT_Corpus/Videos_Sentence_Level/i am so sorry to hear that/sorry hear.MP4,Videos_Sentence_Level/i am so sorry to hear that/sorry hear.MP4,sorry hear.MP4,i am so sorry to hear that,i am so sorry to hear that,i_am_so_sorry_to_hear_that,class_041,I AM SO SORRY TO HEAR THAT
data/raw/archive/ISL_CSLRT_Corpus/ISL_CSLRT_Corpus/Videos_Sentence_Level/i am suffering from fever/fever (2).MP4,Videos_Sentence_Level/i am suffering from fever/fever (2).MP4,fever (2).MP4,i am suffering from fever,i am suffering from fever,i_am_suffering_from_fever,class_042,I SUFFERING FROM FEVER
data/raw/archive/ISL_CSLRT_Corpus/ISL_CSLRT_Corpus/Videos_Sentence_Level/i am suffering from fever/fever (3).MP4,Videos_Sentence_Level/i am suffering from fever/fever (3).MP4,fever (3).MP4,i am suffering from fever,i am suffering from fever,i_am_suffering_from_fever,class_042,I SUFFERING FROM FEVER
data/raw/archive/ISL_CSLRT_Corpus/ISL_CSLRT_Corpus/Videos_Sentence_Level/i am suffering from fever/fever (4).MP4,Videos_Sentence_Level/i am suffering from fever/fever (4).MP4,fever (4).MP4,i am suffering from fever,i am suffering from fever,i_am_suffering_from_fever,class_042,I SUFFERING FROM FEVER
data/raw/archive/ISL_CSLRT_Corpus/ISL_CSLRT_Corpus/Videos_Sentence_Level/i am suffering from fever/fever (5).MP4,Videos_Sentence_Level/i am suffering from fever/fever (5).MP4,fever (5).MP4,i am suffering from fever,i am suffering from fever,i_am_suffering_from_fever,class_042,I SUFFERING FROM FEVER
data/raw/archive/ISL_CSLRT_Corpus/ISL_CSLRT_Corpus/Videos_Sentence_Level/i am suffering from fever/fever.MP4,Videos_Sentence_Level/i am suffering from fever/fever.MP4,fever.MP4,i am suffering from fever,i am suffering from fever,i_am_suffering_from_fever,class_042,I SUFFERING FROM FEVER
data/raw/archive/ISL_CSLRT_Corpus/ISL_CSLRT_Corpus/Videos_Sentence_Level/i am suffering from fever/i am suffering from fever (2).mp4,Videos_Sentence_Level/i am suffering from fever/i am suffering from fever (2).mp4,i am suffering from fever (2).mp4,i am suffering from fever,i am suffering from fever,i_am_suffering_from_fever,class_042,I SUFFERING FROM FEVER
data/raw/archive/ISL_CSLRT_Corpus/ISL_CSLRT_Corpus/Videos_Sentence_Level/i am suffering from fever/i am suffering from fever.mp4,Videos_Sentence_Level/i am suffering from fever/i am suffering from fever.mp4,i am suffering from fever.mp4,i am suffering from fever,i am suffering from fever,i_am_suffering_from_fever,class_042,I SUFFERING FROM FEVER
data/raw/archive/ISL_CSLRT_Corpus/ISL_CSLRT_Corpus/Videos_Sentence_Level/i am tired/i am tired (2).mp4,Videos_Sentence_Level/i am tired/i am tired (2).mp4,i am tired (2).mp4,i am tired,i am tired,i_am_tired,class_043,I TIRED
data/raw/archive/ISL_CSLRT_Corpus/ISL_CSLRT_Corpus/Videos_Sentence_Level/i am tired/i am tired.mp4,Videos_Sentence_Level/i am tired/i am tired.mp4,i am tired.mp4,i am tired,i am tired,i_am_tired,class_043,I TIRED
data/raw/archive/ISL_CSLRT_Corpus/ISL_CSLRT_Corpus/Videos_Sentence_Level/i am tired/tired (2).MP4,Videos_Sentence_Level/i am tired/tired (2).MP4,tired (2).MP4,i am tired,i am tired,i_am_tired,class_043,I TIRED
data/raw/archive/ISL_CSLRT_Corpus/ISL_CSLRT_Corpus/Videos_Sentence_Level/i am tired/tired (3).MP4,Videos_Sentence_Level/i am tired/tired (3).MP4,tired (3).MP4,i am tired,i am tired,i_am_tired,class_043,I TIRED
data/raw/archive/ISL_CSLRT_Corpus/ISL_CSLRT_Corpus/Videos_Sentence_Level/i am tired/tired (4).MP4,Videos_Sentence_Level/i am tired/tired (4).MP4,tired (4).MP4,i am tired,i am tired,i_am_tired,class_043,I TIRED
data/raw/archive/ISL_CSLRT_Corpus/ISL_CSLRT_Corpus/Videos_Sentence_Level/i am tired/tired (5).MP4,Videos_Sentence_Level/i am tired/tired (5).MP4,tired (5).MP4,i am tired,i am tired,i_am_tired,class_043,I TIRED
data/raw/archive/ISL_CSLRT_Corpus/ISL_CSLRT_Corpus/Videos_Sentence_Level/i am tired/tired.MP4,Videos_Sentence_Level/i am tired/tired.MP4,tired.MP4,i am tired,i am tired,i_am_tired,class_043,I TIRED
data/raw/archive/ISL_CSLRT_Corpus/ISL_CSLRT_Corpus/Videos_Sentence_Level/i am very happy/i am very happy (2).mp4,Videos_Sentence_Level/i am very happy/i am very happy (2).mp4,i am very happy (2).mp4,i am very happy,i am very happy,i_am_very_happy,class_044,I VERY HAPPY
data/raw/archive/ISL_CSLRT_Corpus/ISL_CSLRT_Corpus/Videos_Sentence_Level/i am very happy/i am very happy.mp4,Videos_Sentence_Level/i am very happy/i am very happy.mp4,i am very happy.mp4,i am very happy,i am very happy,i_am_very_happy,class_044,I VERY HAPPY
data/raw/archive/ISL_CSLRT_Corpus/ISL_CSLRT_Corpus/Videos_Sentence_Level/i am very happy/very happy (2).MP4,Videos_Sentence_Level/i am very happy/very happy (2).MP4,very happy (2).MP4,i am very happy,i am very happy,i_am_very_happy,class_044,I VERY HAPPY
data/raw/archive/ISL_CSLRT_Corpus/ISL_CSLRT_Corpus/Videos_Sentence_Level/i am very happy/very happy (3).MP4,Videos_Sentence_Level/i am very happy/very happy (3).MP4,very happy (3).MP4,i am very happy,i am very happy,i_am_very_happy,class_044,I VERY HAPPY
data/raw/archive/ISL_CSLRT_Corpus/ISL_CSLRT_Corpus/Videos_Sentence_Level/i am very happy/very happy (4).MP4,Videos_Sentence_Level/i am very happy/very happy (4).MP4,very happy (4).MP4,i am very happy,i am very happy,i_am_very_happy,class_044,I VERY HAPPY
data/raw/archive/ISL_CSLRT_Corpus/ISL_CSLRT_Corpus/Videos_Sentence_Level/i am very happy/very happy.MP4,Videos_Sentence_Level/i am very happy/very happy.MP4,very happy.MP4,i am very happy,i am very happy,i_am_very_happy,class_044,I VERY HAPPY
data/raw/archive/ISL_CSLRT_Corpus/ISL_CSLRT_Corpus/Videos_Sentence_Level/i can not help you there/i can not help you there (2).mp4,Videos_Sentence_Level/i can not help you there/i can not help you there (2).mp4,i can not help you there (2).mp4,i can not help you there,i can not help you there,i_can_not_help_you_there,class_045,I NOT HELP YOU THERE
data/raw/archive/ISL_CSLRT_Corpus/ISL_CSLRT_Corpus/Videos_Sentence_Level/i can not help you there/i can not help you there.mp4,Videos_Sentence_Level/i can not help you there/i can not help you there.mp4,i can not help you there.mp4,i can not help you there,i can not help you there,i_can_not_help_you_there,class_045,I NOT HELP YOU THERE
data/raw/archive/ISL_CSLRT_Corpus/ISL_CSLRT_Corpus/Videos_Sentence_Level/i can not help you there/MVI_6109.MP4,Videos_Sentence_Level/i can not help you there/MVI_6109.MP4,MVI_6109.MP4,i can not help you there,i can not help you there,i_can_not_help_you_there,class_045,I NOT HELP YOU THERE
data/raw/archive/ISL_CSLRT_Corpus/ISL_CSLRT_Corpus/Videos_Sentence_Level/i can not help you there/MVI_6399.MP4,Videos_Sentence_Level/i can not help you there/MVI_6399.MP4,MVI_6399.MP4,i can not help you there,i can not help you there,i_can_not_help_you_there,class_045,I NOT HELP YOU THERE
data/raw/archive/ISL_CSLRT_Corpus/ISL_CSLRT_Corpus/Videos_Sentence_Level/i can not help you there/MVI_6545.MP4,Videos_Sentence_Level/i can not help you there/MVI_6545.MP4,MVI_6545.MP4,i can not help you there,i can not help you there,i_can_not_help_you_there,class_045,I NOT HELP YOU THERE
data/raw/archive/ISL_CSLRT_Corpus/ISL_CSLRT_Corpus/Videos_Sentence_Level/i can not help you there/MVI_6725.MP4,Videos_Sentence_Level/i can not help you there/MVI_6725.MP4,MVI_6725.MP4,i can not help you there,i can not help you there,i_can_not_help_you_there,class_045,I NOT HELP YOU THERE
data/raw/archive/ISL_CSLRT_Corpus/ISL_CSLRT_Corpus/Videos_Sentence_Level/i can not help you there/MVI_6854.MP4,Videos_Sentence_Level/i can not help you there/MVI_6854.MP4,MVI_6854.MP4,i can not help you there,i can not help you there,i_can_not_help_you_there,class_045,I NOT HELP YOU THERE
data/raw/archive/ISL_CSLRT_Corpus/ISL_CSLRT_Corpus/Videos_Sentence_Level/i do not agree/agree (2).MP4,Videos_Sentence_Level/i do not agree/agree (2).MP4,agree (2).MP4,i do not agree,i do not agree,i_do_not_agree,class_046,I DONOT AGREE
data/raw/archive/ISL_CSLRT_Corpus/ISL_CSLRT_Corpus/Videos_Sentence_Level/i do not agree/agree (3).MP4,Videos_Sentence_Level/i do not agree/agree (3).MP4,agree (3).MP4,i do not agree,i do not agree,i_do_not_agree,class_046,I DONOT AGREE
data/raw/archive/ISL_CSLRT_Corpus/ISL_CSLRT_Corpus/Videos_Sentence_Level/i do not agree/agree (4).MP4,Videos_Sentence_Level/i do not agree/agree (4).MP4,agree (4).MP4,i do not agree,i do not agree,i_do_not_agree,class_046,I DONOT AGREE
data/raw/archive/ISL_CSLRT_Corpus/ISL_CSLRT_Corpus/Videos_Sentence_Level/i do not agree/agree (5).MP4,Videos_Sentence_Level/i do not agree/agree (5).MP4,agree (5).MP4,i do not agree,i do not agree,i_do_not_agree,class_046,I DONOT AGREE
data/raw/archive/ISL_CSLRT_Corpus/ISL_CSLRT_Corpus/Videos_Sentence_Level/i do not agree/agree.MP4,Videos_Sentence_Level/i do not agree/agree.MP4,agree.MP4,i do not agree,i do not agree,i_do_not_agree,class_046,I DONOT AGREE
data/raw/archive/ISL_CSLRT_Corpus/ISL_CSLRT_Corpus/Videos_Sentence_Level/i do not agree/i do not agree (2).mp4,Videos_Sentence_Level/i do not agree/i do not agree (2).mp4,i do not agree (2).mp4,i do not agree,i do not agree,i_do_not_agree,class_046,I DONOT AGREE
data/raw/archive/ISL_CSLRT_Corpus/ISL_CSLRT_Corpus/Videos_Sentence_Level/i do not agree/i do not agree.mp4,Videos_Sentence_Level/i do not agree/i do not agree.mp4,i do not agree.mp4,i do not agree,i do not agree,i_do_not_agree,class_046,I DONOT AGREE
data/raw/archive/ISL_CSLRT_Corpus/ISL_CSLRT_Corpus/Videos_Sentence_Level/i do not like it/hate (2).MP4,Videos_Sentence_Level/i do not like it/hate (2).MP4,hate (2).MP4,i do not like it,i do not like it,i_do_not_like_it,class_047,I DO NOT LIKE IT
data/raw/archive/ISL_CSLRT_Corpus/ISL_CSLRT_Corpus/Videos_Sentence_Level/i do not like it/hate (3).MP4,Videos_Sentence_Level/i do not like it/hate (3).MP4,hate (3).MP4,i do not like it,i do not like it,i_do_not_like_it,class_047,I DO NOT LIKE IT
data/raw/archive/ISL_CSLRT_Corpus/ISL_CSLRT_Corpus/Videos_Sentence_Level/i do not like it/hate (4).MP4,Videos_Sentence_Level/i do not like it/hate (4).MP4,hate (4).MP4,i do not like it,i do not like it,i_do_not_like_it,class_047,I DO NOT LIKE IT
data/raw/archive/ISL_CSLRT_Corpus/ISL_CSLRT_Corpus/Videos_Sentence_Level/i do not like it/hate it.MP4,Videos_Sentence_Level/i do not like it/hate it.MP4,hate it.MP4,i do not like it,i do not like it,i_do_not_like_it,class_047,I DO NOT LIKE IT
data/raw/archive/ISL_CSLRT_Corpus/ISL_CSLRT_Corpus/Videos_Sentence_Level/i do not like it/hate.MP4,Videos_Sentence_Level/i do not like it/hate.MP4,hate.MP4,i do not like it,i do not like it,i_do_not_like_it,class_047,I DO NOT LIKE IT
data/raw/archive/ISL_CSLRT_Corpus/ISL_CSLRT_Corpus/Videos_Sentence_Level/i do not like it/i do not like it (2).mp4,Videos_Sentence_Level/i do not like it/i do not like it (2).mp4,i do not like it (2).mp4,i do not like it,i do not like it,i_do_not_like_it,class_047,I DO NOT LIKE IT
data/raw/archive/ISL_CSLRT_Corpus/ISL_CSLRT_Corpus/Videos_Sentence_Level/i do not like it/i do not like it.mp4,Videos_Sentence_Level/i do not like it/i do not like it.mp4,i do not like it.mp4,i do not like it,i do not like it,i_do_not_like_it,class_047,I DO NOT LIKE IT
data/raw/archive/ISL_CSLRT_Corpus/ISL_CSLRT_Corpus/Videos_Sentence_Level/i do not mean it/i do not mean it (3).mp4,Videos_Sentence_Level/i do not mean it/i do not mean it (3).mp4,i do not mean it (3).mp4,i do not mean it,i do not mean it,i_do_not_mean_it,class_048,I DO NOT MEAN IT
data/raw/archive/ISL_CSLRT_Corpus/ISL_CSLRT_Corpus/Videos_Sentence_Level/i do not mean it/i do not mean it.mp4,Videos_Sentence_Level/i do not mean it/i do not mean it.mp4,i do not mean it.mp4,i do not mean it,i do not mean it,i_do_not_mean_it,class_048,I DO NOT MEAN IT
data/raw/archive/ISL_CSLRT_Corpus/ISL_CSLRT_Corpus/Videos_Sentence_Level/i do not mean it/mean (2).MP4,Videos_Sentence_Level/i do not mean it/mean (2).MP4,mean (2).MP4,i do not mean it,i do not mean it,i_do_not_mean_it,class_048,I DO NOT MEAN IT
data/raw/archive/ISL_CSLRT_Corpus/ISL_CSLRT_Corpus/Videos_Sentence_Level/i do not mean it/mean (3).MP4,Videos_Sentence_Level/i do not mean it/mean (3).MP4,mean (3).MP4,i do not mean it,i do not mean it,i_do_not_mean_it,class_048,I DO NOT MEAN IT
data/raw/archive/ISL_CSLRT_Corpus/ISL_CSLRT_Corpus/Videos_Sentence_Level/i do not mean it/mean (4).MP4,Videos_Sentence_Level/i do not mean it/mean (4).MP4,mean (4).MP4,i do not mean it,i do not mean it,i_do_not_mean_it,class_048,I DO NOT MEAN IT
data/raw/archive/ISL_CSLRT_Corpus/ISL_CSLRT_Corpus/Videos_Sentence_Level/i do not mean it/mean (5).MP4,Videos_Sentence_Level/i do not mean it/mean (5).MP4,mean (5).MP4,i do not mean it,i do not mean it,i_do_not_mean_it,class_048,I DO NOT MEAN IT
data/raw/archive/ISL_CSLRT_Corpus/ISL_CSLRT_Corpus/Videos_Sentence_Level/i do not mean it/mean.MP4,Videos_Sentence_Level/i do not mean it/mean.MP4,mean.MP4,i do not mean it,i do not mean it,i_do_not_mean_it,class_048,I DO NOT MEAN IT
data/raw/archive/ISL_CSLRT_Corpus/ISL_CSLRT_Corpus/Videos_Sentence_Level/i dont agree/MVI_6494.MP4,Videos_Sentence_Level/i dont agree/MVI_6494.MP4,MVI_6494.MP4,i dont agree,i dont agree,i_dont_agree,class_049,I DONT AGREE
data/raw/archive/ISL_CSLRT_Corpus/ISL_CSLRT_Corpus/Videos_Sentence_Level/i enjoyed a lot/enjoy (2).MP4,Videos_Sentence_Level/i enjoyed a lot/enjoy (2).MP4,enjoy (2).MP4,i enjoyed a lot,i enjoyed a lot,i_enjoyed_a_lot,class_050,I ENJOYED A LOT
data/raw/archive/ISL_CSLRT_Corpus/ISL_CSLRT_Corpus/Videos_Sentence_Level/i enjoyed a lot/enjoy.MP4,Videos_Sentence_Level/i enjoyed a lot/enjoy.MP4,enjoy.MP4,i enjoyed a lot,i enjoyed a lot,i_enjoyed_a_lot,class_050,I ENJOYED A LOT
data/raw/archive/ISL_CSLRT_Corpus/ISL_CSLRT_Corpus/Videos_Sentence_Level/i enjoyed a lot/enjoyed (2).MP4,Videos_Sentence_Level/i enjoyed a lot/enjoyed (2).MP4,enjoyed (2).MP4,i enjoyed a lot,i enjoyed a lot,i_enjoyed_a_lot,class_050,I ENJOYED A LOT
data/raw/archive/ISL_CSLRT_Corpus/ISL_CSLRT_Corpus/Videos_Sentence_Level/i enjoyed a lot/enjoyed (3).MP4,Videos_Sentence_Level/i enjoyed a lot/enjoyed (3).MP4,enjoyed (3).MP4,i enjoyed a lot,i enjoyed a lot,i_enjoyed_a_lot,class_050,I ENJOYED A LOT
data/raw/archive/ISL_CSLRT_Corpus/ISL_CSLRT_Corpus/Videos_Sentence_Level/i enjoyed a lot/enjoyed (4).MP4,Videos_Sentence_Level/i enjoyed a lot/enjoyed (4).MP4,enjoyed (4).MP4,i enjoyed a lot,i enjoyed a lot,i_enjoyed_a_lot,class_050,I ENJOYED A LOT
data/raw/archive/ISL_CSLRT_Corpus/ISL_CSLRT_Corpus/Videos_Sentence_Level/i enjoyed a lot/enjoyed.MP4,Videos_Sentence_Level/i enjoyed a lot/enjoyed.MP4,enjoyed.MP4,i enjoyed a lot,i enjoyed a lot,i_enjoyed_a_lot,class_050,I ENJOYED A LOT
data/raw/archive/ISL_CSLRT_Corpus/ISL_CSLRT_Corpus/Videos_Sentence_Level/i enjoyed a lot/i enjoyed a lot (2).mp4,Videos_Sentence_Level/i enjoyed a lot/i enjoyed a lot (2).mp4,i enjoyed a lot (2).mp4,i enjoyed a lot,i enjoyed a lot,i_enjoyed_a_lot,class_050,I ENJOYED A LOT
data/raw/archive/ISL_CSLRT_Corpus/ISL_CSLRT_Corpus/Videos_Sentence_Level/i enjoyed a lot/i enjoyed a lot.mp4,Videos_Sentence_Level/i enjoyed a lot/i enjoyed a lot.mp4,i enjoyed a lot.mp4,i enjoyed a lot,i enjoyed a lot,i_enjoyed_a_lot,class_050,I ENJOYED A LOT
data/raw/archive/ISL_CSLRT_Corpus/ISL_CSLRT_Corpus/Videos_Sentence_Level/i got hurt/got hurt (2).MP4,Videos_Sentence_Level/i got hurt/got hurt (2).MP4,got hurt (2).MP4,i got hurt,i got hurt,i_got_hurt,class_051,I GOT HURT
data/raw/archive/ISL_CSLRT_Corpus/ISL_CSLRT_Corpus/Videos_Sentence_Level/i got hurt/got hurt (3).MP4,Videos_Sentence_Level/i got hurt/got hurt (3).MP4,got hurt (3).MP4,i got hurt,i got hurt,i_got_hurt,class_051,I GOT HURT
data/raw/archive/ISL_CSLRT_Corpus/ISL_CSLRT_Corpus/Videos_Sentence_Level/i got hurt/got hurt (4).MP4,Videos_Sentence_Level/i got hurt/got hurt (4).MP4,got hurt (4).MP4,i got hurt,i got hurt,i_got_hurt,class_051,I GOT HURT
data/raw/archive/ISL_CSLRT_Corpus/ISL_CSLRT_Corpus/Videos_Sentence_Level/i got hurt/got hurt (5).MP4,Videos_Sentence_Level/i got hurt/got hurt (5).MP4,got hurt (5).MP4,i got hurt,i got hurt,i_got_hurt,class_051,I GOT HURT
data/raw/archive/ISL_CSLRT_Corpus/ISL_CSLRT_Corpus/Videos_Sentence_Level/i got hurt/got hurt.MP4,Videos_Sentence_Level/i got hurt/got hurt.MP4,got hurt.MP4,i got hurt,i got hurt,i_got_hurt,class_051,I GOT HURT
data/raw/archive/ISL_CSLRT_Corpus/ISL_CSLRT_Corpus/Videos_Sentence_Level/i got hurt/i got hurt (2).mp4,Videos_Sentence_Level/i got hurt/i got hurt (2).mp4,i got hurt (2).mp4,i got hurt,i got hurt,i_got_hurt,class_051,I GOT HURT
data/raw/archive/ISL_CSLRT_Corpus/ISL_CSLRT_Corpus/Videos_Sentence_Level/i got hurt/i got hurt.mp4,Videos_Sentence_Level/i got hurt/i got hurt.mp4,i got hurt.mp4,i got hurt,i got hurt,i_got_hurt,class_051,I GOT HURT
data/raw/archive/ISL_CSLRT_Corpus/ISL_CSLRT_Corpus/Videos_Sentence_Level/i like you i love you/i love you (2).mp4,Videos_Sentence_Level/i like you i love you/i love you (2).mp4,i love you (2).mp4,i like you i love you,i like you i love you,i_like_you_i_love_you,class_052,I LIKE YOU I LOVE YOU
data/raw/archive/ISL_CSLRT_Corpus/ISL_CSLRT_Corpus/Videos_Sentence_Level/i like you i love you/i love you.mp4,Videos_Sentence_Level/i like you i love you/i love you.mp4,i love you.mp4,i like you i love you,i like you i love you,i_like_you_i_love_you,class_052,I LIKE YOU I LOVE YOU
data/raw/archive/ISL_CSLRT_Corpus/ISL_CSLRT_Corpus/Videos_Sentence_Level/i like you i love you/love.MP4,Videos_Sentence_Level/i like you i love you/love.MP4,love.MP4,i like you i love you,i like you i love you,i_like_you_i_love_you,class_052,I LIKE YOU I LOVE YOU
data/raw/archive/ISL_CSLRT_Corpus/ISL_CSLRT_Corpus/Videos_Sentence_Level/i like you i love you/MVI_6207.MP4,Videos_Sentence_Level/i like you i love you/MVI_6207.MP4,MVI_6207.MP4,i like you i love you,i like you i love you,i_like_you_i_love_you,class_052,I LIKE YOU I LOVE YOU
data/raw/archive/ISL_CSLRT_Corpus/ISL_CSLRT_Corpus/Videos_Sentence_Level/i like you i love you/MVI_6505.MP4,Videos_Sentence_Level/i like you i love you/MVI_6505.MP4,MVI_6505.MP4,i like you i love you,i like you i love you,i_like_you_i_love_you,class_052,I LIKE YOU I LOVE YOU
data/raw/archive/ISL_CSLRT_Corpus/ISL_CSLRT_Corpus/Videos_Sentence_Level/i like you i love you/MVI_6682.MP4,Videos_Sentence_Level/i like you i love you/MVI_6682.MP4,MVI_6682.MP4,i like you i love you,i like you i love you,i_like_you_i_love_you,class_052,I LIKE YOU I LOVE YOU
data/raw/archive/ISL_CSLRT_Corpus/ISL_CSLRT_Corpus/Videos_Sentence_Level/i like you i love you/MVI_6814.MP4,Videos_Sentence_Level/i like you i love you/MVI_6814.MP4,MVI_6814.MP4,i like you i love you,i like you i love you,i_like_you_i_love_you,class_052,I LIKE YOU I LOVE YOU
data/raw/archive/ISL_CSLRT_Corpus/ISL_CSLRT_Corpus/Videos_Sentence_Level/i like you i love you/MVI_6956.MP4,Videos_Sentence_Level/i like you i love you/MVI_6956.MP4,MVI_6956.MP4,i like you i love you,i like you i love you,i_like_you_i_love_you,class_052,I LIKE YOU I LOVE YOU
data/raw/archive/ISL_CSLRT_Corpus/ISL_CSLRT_Corpus/Videos_Sentence_Level/i need water/i need water 1.mp4,Videos_Sentence_Level/i need water/i need water 1.mp4,i need water 1.mp4,i need water,i need water,i_need_water,class_053,I NEED WATER
data/raw/archive/ISL_CSLRT_Corpus/ISL_CSLRT_Corpus/Videos_Sentence_Level/i need water/i need water 2.mp4,Videos_Sentence_Level/i need water/i need water 2.mp4,i need water 2.mp4,i need water,i need water,i_need_water,class_053,I NEED WATER
data/raw/archive/ISL_CSLRT_Corpus/ISL_CSLRT_Corpus/Videos_Sentence_Level/i need water/i need water 3.MP4,Videos_Sentence_Level/i need water/i need water 3.MP4,i need water 3.MP4,i need water,i need water,i_need_water,class_053,I NEED WATER
data/raw/archive/ISL_CSLRT_Corpus/ISL_CSLRT_Corpus/Videos_Sentence_Level/i need water/i need water 4.MP4,Videos_Sentence_Level/i need water/i need water 4.MP4,i need water 4.MP4,i need water,i need water,i_need_water,class_053,I NEED WATER
data/raw/archive/ISL_CSLRT_Corpus/ISL_CSLRT_Corpus/Videos_Sentence_Level/i need water/i need water 5.MP4,Videos_Sentence_Level/i need water/i need water 5.MP4,i need water 5.MP4,i need water,i need water,i_need_water,class_053,I NEED WATER
data/raw/archive/ISL_CSLRT_Corpus/ISL_CSLRT_Corpus/Videos_Sentence_Level/i need water/i need water 6.MP4,Videos_Sentence_Level/i need water/i need water 6.MP4,i need water 6.MP4,i need water,i need water,i_need_water,class_053,I NEED WATER
data/raw/archive/ISL_CSLRT_Corpus/ISL_CSLRT_Corpus/Videos_Sentence_Level/i need water/i need water 7.MP4,Videos_Sentence_Level/i need water/i need water 7.MP4,i need water 7.MP4,i need water,i need water,i_need_water,class_053,I NEED WATER
data/raw/archive/ISL_CSLRT_Corpus/ISL_CSLRT_Corpus/Videos_Sentence_Level/i promise/i promise (2).mp4,Videos_Sentence_Level/i promise/i promise (2).mp4,i promise (2).mp4,i promise,i promise,i_promise,class_054,I PROMISE
data/raw/archive/ISL_CSLRT_Corpus/ISL_CSLRT_Corpus/Videos_Sentence_Level/i promise/i promise.mp4,Videos_Sentence_Level/i promise/i promise.mp4,i promise.mp4,i promise,i promise,i_promise,class_054,I PROMISE
data/raw/archive/ISL_CSLRT_Corpus/ISL_CSLRT_Corpus/Videos_Sentence_Level/i promise/promise (2).MP4,Videos_Sentence_Level/i promise/promise (2).MP4,promise (2).MP4,i promise,i promise,i_promise,class_054,I PROMISE
data/raw/archive/ISL_CSLRT_Corpus/ISL_CSLRT_Corpus/Videos_Sentence_Level/i promise/promise (3).MP4,Videos_Sentence_Level/i promise/promise (3).MP4,promise (3).MP4,i promise,i promise,i_promise,class_054,I PROMISE
data/raw/archive/ISL_CSLRT_Corpus/ISL_CSLRT_Corpus/Videos_Sentence_Level/i promise/promise (4).MP4,Videos_Sentence_Level/i promise/promise (4).MP4,promise (4).MP4,i promise,i promise,i_promise,class_054,I PROMISE
data/raw/archive/ISL_CSLRT_Corpus/ISL_CSLRT_Corpus/Videos_Sentence_Level/i promise/promise (5).MP4,Videos_Sentence_Level/i promise/promise (5).MP4,promise (5).MP4,i promise,i promise,i_promise,class_054,I PROMISE
data/raw/archive/ISL_CSLRT_Corpus/ISL_CSLRT_Corpus/Videos_Sentence_Level/i promise/promise.MP4,Videos_Sentence_Level/i promise/promise.MP4,promise.MP4,i promise,i promise,i_promise,class_054,I PROMISE
data/raw/archive/ISL_CSLRT_Corpus/ISL_CSLRT_Corpus/Videos_Sentence_Level/i really appreciate it/i really appreciate it (1).mp4,Videos_Sentence_Level/i really appreciate it/i really appreciate it (1).mp4,i really appreciate it (1).mp4,i really appreciate it,i really appreciate it,i_really_appreciate_it,class_055,I REALLY APPRECIATE IT
data/raw/archive/ISL_CSLRT_Corpus/ISL_CSLRT_Corpus/Videos_Sentence_Level/i really appreciate it/i really appreciate it (2).mp4,Videos_Sentence_Level/i really appreciate it/i really appreciate it (2).mp4,i really appreciate it (2).mp4,i really appreciate it,i really appreciate it,i_really_appreciate_it,class_055,I REALLY APPRECIATE IT
data/raw/archive/ISL_CSLRT_Corpus/ISL_CSLRT_Corpus/Videos_Sentence_Level/i really appreciate it/i really appreciate it (3).MP4,Videos_Sentence_Level/i really appreciate it/i really appreciate it (3).MP4,i really appreciate it (3).MP4,i really appreciate it,i really appreciate it,i_really_appreciate_it,class_055,I REALLY APPRECIATE IT
data/raw/archive/ISL_CSLRT_Corpus/ISL_CSLRT_Corpus/Videos_Sentence_Level/i really appreciate it/i really appreciate it (4).MP4,Videos_Sentence_Level/i really appreciate it/i really appreciate it (4).MP4,i really appreciate it (4).MP4,i really appreciate it,i really appreciate it,i_really_appreciate_it,class_055,I REALLY APPRECIATE IT
data/raw/archive/ISL_CSLRT_Corpus/ISL_CSLRT_Corpus/Videos_Sentence_Level/i really appreciate it/i really appreciate it (5).MP4,Videos_Sentence_Level/i really appreciate it/i really appreciate it (5).MP4,i really appreciate it (5).MP4,i really appreciate it,i really appreciate it,i_really_appreciate_it,class_055,I REALLY APPRECIATE IT
data/raw/archive/ISL_CSLRT_Corpus/ISL_CSLRT_Corpus/Videos_Sentence_Level/i really appreciate it/i really appreciate it (6).MP4,Videos_Sentence_Level/i really appreciate it/i really appreciate it (6).MP4,i really appreciate it (6).MP4,i really appreciate it,i really appreciate it,i_really_appreciate_it,class_055,I REALLY APPRECIATE IT
data/raw/archive/ISL_CSLRT_Corpus/ISL_CSLRT_Corpus/Videos_Sentence_Level/i really appreciate it/i really appreciate it (7).MP4,Videos_Sentence_Level/i really appreciate it/i really appreciate it (7).MP4,i really appreciate it (7).MP4,i really appreciate it,i really appreciate it,i_really_appreciate_it,class_055,I REALLY APPRECIATE IT
data/raw/archive/ISL_CSLRT_Corpus/ISL_CSLRT_Corpus/Videos_Sentence_Level/i somehow got to know about it/i somehow got to know about it..mp4,Videos_Sentence_Level/i somehow got to know about it/i somehow got to know about it..mp4,i somehow got to know about it..mp4,i somehow got to know about it,i somehow got to know about it,i_somehow_got_to_know_about_it,class_056,I SOMEHOW GOT KNOW ABOUT IT
data/raw/archive/ISL_CSLRT_Corpus/ISL_CSLRT_Corpus/Videos_Sentence_Level/i somehow got to know about it/i somehow got to know about it.mp4,Videos_Sentence_Level/i somehow got to know about it/i somehow got to know about it.mp4,i somehow got to know about it.mp4,i somehow got to know about it,i somehow got to know about it,i_somehow_got_to_know_about_it,class_056,I SOMEHOW GOT KNOW ABOUT IT
data/raw/archive/ISL_CSLRT_Corpus/ISL_CSLRT_Corpus/Videos_Sentence_Level/i somehow got to know about it/somehow (2).MP4,Videos_Sentence_Level/i somehow got to know about it/somehow (2).MP4,somehow (2).MP4,i somehow got to know about it,i somehow got to know about it,i_somehow_got_to_know_about_it,class_056,I SOMEHOW GOT KNOW ABOUT IT
data/raw/archive/ISL_CSLRT_Corpus/ISL_CSLRT_Corpus/Videos_Sentence_Level/i somehow got to know about it/somehow (3).MP4,Videos_Sentence_Level/i somehow got to know about it/somehow (3).MP4,somehow (3).MP4,i somehow got to know about it,i somehow got to know about it,i_somehow_got_to_know_about_it,class_056,I SOMEHOW GOT KNOW ABOUT IT
data/raw/archive/ISL_CSLRT_Corpus/ISL_CSLRT_Corpus/Videos_Sentence_Level/i somehow got to know about it/somehow (4).MP4,Videos_Sentence_Level/i somehow got to know about it/somehow (4).MP4,somehow (4).MP4,i somehow got to know about it,i somehow got to know about it,i_somehow_got_to_know_about_it,class_056,I SOMEHOW GOT KNOW ABOUT IT
data/raw/archive/ISL_CSLRT_Corpus/ISL_CSLRT_Corpus/Videos_Sentence_Level/i somehow got to know about it/somehow (5).MP4,Videos_Sentence_Level/i somehow got to know about it/somehow (5).MP4,somehow (5).MP4,i somehow got to know about it,i somehow got to know about it,i_somehow_got_to_know_about_it,class_056,I SOMEHOW GOT KNOW ABOUT IT
data/raw/archive/ISL_CSLRT_Corpus/ISL_CSLRT_Corpus/Videos_Sentence_Level/i somehow got to know about it/somehow.MP4,Videos_Sentence_Level/i somehow got to know about it/somehow.MP4,somehow.MP4,i somehow got to know about it,i somehow got to know about it,i_somehow_got_to_know_about_it,class_056,I SOMEHOW GOT KNOW ABOUT IT
data/raw/archive/ISL_CSLRT_Corpus/ISL_CSLRT_Corpus/Videos_Sentence_Level/i was stopped by some one/i was stopped by someone (2).mp4,Videos_Sentence_Level/i was stopped by some one/i was stopped by someone (2).mp4,i was stopped by someone (2).mp4,i was stopped by some one,i was stopped by some one,i_was_stopped_by_some_one,class_057,I STOPPED BY SOMEONE
data/raw/archive/ISL_CSLRT_Corpus/ISL_CSLRT_Corpus/Videos_Sentence_Level/i was stopped by some one/i was stopped by someone.mp4,Videos_Sentence_Level/i was stopped by some one/i was stopped by someone.mp4,i was stopped by someone.mp4,i was stopped by some one,i was stopped by some one,i_was_stopped_by_some_one,class_057,I STOPPED BY SOMEONE
data/raw/archive/ISL_CSLRT_Corpus/ISL_CSLRT_Corpus/Videos_Sentence_Level/i was stopped by some one/MVI_6504.MP4,Videos_Sentence_Level/i was stopped by some one/MVI_6504.MP4,MVI_6504.MP4,i was stopped by some one,i was stopped by some one,i_was_stopped_by_some_one,class_057,I STOPPED BY SOMEONE
data/raw/archive/ISL_CSLRT_Corpus/ISL_CSLRT_Corpus/Videos_Sentence_Level/i was stopped by some one/MVI_6955.MP4,Videos_Sentence_Level/i was stopped by some one/MVI_6955.MP4,MVI_6955.MP4,i was stopped by some one,i was stopped by some one,i_was_stopped_by_some_one,class_057,I STOPPED BY SOMEONE
data/raw/archive/ISL_CSLRT_Corpus/ISL_CSLRT_Corpus/Videos_Sentence_Level/i was stopped by some one/stopped (2).MP4,Videos_Sentence_Level/i was stopped by some one/stopped (2).MP4,stopped (2).MP4,i was stopped by some one,i was stopped by some one,i_was_stopped_by_some_one,class_057,I STOPPED BY SOMEONE
data/raw/archive/ISL_CSLRT_Corpus/ISL_CSLRT_Corpus/Videos_Sentence_Level/i was stopped by some one/stopped (3).MP4,Videos_Sentence_Level/i was stopped by some one/stopped (3).MP4,stopped (3).MP4,i was stopped by some one,i was stopped by some one,i_was_stopped_by_some_one,class_057,I STOPPED BY SOMEONE
data/raw/archive/ISL_CSLRT_Corpus/ISL_CSLRT_Corpus/Videos_Sentence_Level/i was stopped by some one/stopped.MP4,Videos_Sentence_Level/i was stopped by some one/stopped.MP4,stopped.MP4,i was stopped by some one,i was stopped by some one,i_was_stopped_by_some_one,class_057,I STOPPED BY SOMEONE
data/raw/archive/ISL_CSLRT_Corpus/ISL_CSLRT_Corpus/Videos_Sentence_Level/it does not make any difference to me/difference (2).MP4,Videos_Sentence_Level/it does not make any difference to me/difference (2).MP4,difference (2).MP4,it does not make any difference to me,it does not make any difference to me,it_does_not_make_any_difference_to_me,class_058,IT DO NOT MAKE ANY DIFFERENCE TO ME
data/raw/archive/ISL_CSLRT_Corpus/ISL_CSLRT_Corpus/Videos_Sentence_Level/it does not make any difference to me/difference (3).MP4,Videos_Sentence_Level/it does not make any difference to me/difference (3).MP4,difference (3).MP4,it does not make any difference to me,it does not make any difference to me,it_does_not_make_any_difference_to_me,class_058,IT DO NOT MAKE ANY DIFFERENCE TO ME
data/raw/archive/ISL_CSLRT_Corpus/ISL_CSLRT_Corpus/Videos_Sentence_Level/it does not make any difference to me/difference (4).MP4,Videos_Sentence_Level/it does not make any difference to me/difference (4).MP4,difference (4).MP4,it does not make any difference to me,it does not make any difference to me,it_does_not_make_any_difference_to_me,class_058,IT DO NOT MAKE ANY DIFFERENCE TO ME
data/raw/archive/ISL_CSLRT_Corpus/ISL_CSLRT_Corpus/Videos_Sentence_Level/it does not make any difference to me/difference (5).MP4,Videos_Sentence_Level/it does not make any difference to me/difference (5).MP4,difference (5).MP4,it does not make any difference to me,it does not make any difference to me,it_does_not_make_any_difference_to_me,class_058,IT DO NOT MAKE ANY DIFFERENCE TO ME
data/raw/archive/ISL_CSLRT_Corpus/ISL_CSLRT_Corpus/Videos_Sentence_Level/it does not make any difference to me/difference.MP4,Videos_Sentence_Level/it does not make any difference to me/difference.MP4,difference.MP4,it does not make any difference to me,it does not make any difference to me,it_does_not_make_any_difference_to_me,class_058,IT DO NOT MAKE ANY DIFFERENCE TO ME
data/raw/archive/ISL_CSLRT_Corpus/ISL_CSLRT_Corpus/Videos_Sentence_Level/it does not make any difference to me/it does not make any difference to me (2).mp4,Videos_Sentence_Level/it does not make any difference to me/it does not make any difference to me (2).mp4,it does not make any difference to me (2).mp4,it does not make any difference to me,it does not make any difference to me,it_does_not_make_any_difference_to_me,class_058,IT DO NOT MAKE ANY DIFFERENCE TO ME
data/raw/archive/ISL_CSLRT_Corpus/ISL_CSLRT_Corpus/Videos_Sentence_Level/it does not make any difference to me/it does not make any difference to me.mp4,Videos_Sentence_Level/it does not make any difference to me/it does not make any difference to me.mp4,it does not make any difference to me.mp4,it does not make any difference to me,it does not make any difference to me,it_does_not_make_any_difference_to_me,class_058,IT DO NOT MAKE ANY DIFFERENCE TO ME
data/raw/archive/ISL_CSLRT_Corpus/ISL_CSLRT_Corpus/Videos_Sentence_Level/it was nice chatting with you/it was nice chatting with you (2).mp4,Videos_Sentence_Level/it was nice chatting with you/it was nice chatting with you (2).mp4,it was nice chatting with you (2).mp4,it was nice chatting with you,it was nice chatting with you,it_was_nice_chatting_with_you,class_059,IT NICE CHAT WITH YOU
data/raw/archive/ISL_CSLRT_Corpus/ISL_CSLRT_Corpus/Videos_Sentence_Level/it was nice chatting with you/it was nice chatting with you.mp4,Videos_Sentence_Level/it was nice chatting with you/it was nice chatting with you.mp4,it was nice chatting with you.mp4,it was nice chatting with you,it was nice chatting with you,it_was_nice_chatting_with_you,class_059,IT NICE CHAT WITH YOU
data/raw/archive/ISL_CSLRT_Corpus/ISL_CSLRT_Corpus/Videos_Sentence_Level/it was nice chatting with you/MVI_6107.MP4,Videos_Sentence_Level/it was nice chatting with you/MVI_6107.MP4,MVI_6107.MP4,it was nice chatting with you,it was nice chatting with you,it_was_nice_chatting_with_you,class_059,IT NICE CHAT WITH YOU
data/raw/archive/ISL_CSLRT_Corpus/ISL_CSLRT_Corpus/Videos_Sentence_Level/it was nice chatting with you/MVI_6398.MP4,Videos_Sentence_Level/it was nice chatting with you/MVI_6398.MP4,MVI_6398.MP4,it was nice chatting with you,it was nice chatting with you,it_was_nice_chatting_with_you,class_059,IT NICE CHAT WITH YOU
data/raw/archive/ISL_CSLRT_Corpus/ISL_CSLRT_Corpus/Videos_Sentence_Level/it was nice chatting with you/MVI_6542.MP4,Videos_Sentence_Level/it was nice chatting with you/MVI_6542.MP4,MVI_6542.MP4,it was nice chatting with you,it was nice chatting with you,it_was_nice_chatting_with_you,class_059,IT NICE CHAT WITH YOU
data/raw/archive/ISL_CSLRT_Corpus/ISL_CSLRT_Corpus/Videos_Sentence_Level/it was nice chatting with you/MVI_6724.MP4,Videos_Sentence_Level/it was nice chatting with you/MVI_6724.MP4,MVI_6724.MP4,it was nice chatting with you,it was nice chatting with you,it_was_nice_chatting_with_you,class_059,IT NICE CHAT WITH YOU
data/raw/archive/ISL_CSLRT_Corpus/ISL_CSLRT_Corpus/Videos_Sentence_Level/it was nice chatting with you/MVI_6853.MP4,Videos_Sentence_Level/it was nice chatting with you/MVI_6853.MP4,MVI_6853.MP4,it was nice chatting with you,it was nice chatting with you,it_was_nice_chatting_with_you,class_059,IT NICE CHAT WITH YOU
data/raw/archive/ISL_CSLRT_Corpus/ISL_CSLRT_Corpus/Videos_Sentence_Level/let him take time/let him take time (2).mp4,Videos_Sentence_Level/let him take time/let him take time (2).mp4,let him take time (2).mp4,let him take time,let him take time,let_him_take_time,class_060,LET HIM TAKE TIME
data/raw/archive/ISL_CSLRT_Corpus/ISL_CSLRT_Corpus/Videos_Sentence_Level/let him take time/let him take time.mp4,Videos_Sentence_Level/let him take time/let him take time.mp4,let him take time.mp4,let him take time,let him take time,let_him_take_time,class_060,LET HIM TAKE TIME
data/raw/archive/ISL_CSLRT_Corpus/ISL_CSLRT_Corpus/Videos_Sentence_Level/let him take time/time (2).MP4,Videos_Sentence_Level/let him take time/time (2).MP4,time (2).MP4,let him take time,let him take time,let_him_take_time,class_060,LET HIM TAKE TIME
data/raw/archive/ISL_CSLRT_Corpus/ISL_CSLRT_Corpus/Videos_Sentence_Level/let him take time/time (3).MP4,Videos_Sentence_Level/let him take time/time (3).MP4,time (3).MP4,let him take time,let him take time,let_him_take_time,class_060,LET HIM TAKE TIME
data/raw/archive/ISL_CSLRT_Corpus/ISL_CSLRT_Corpus/Videos_Sentence_Level/let him take time/time (4).MP4,Videos_Sentence_Level/let him take time/time (4).MP4,time (4).MP4,let him take time,let him take time,let_him_take_time,class_060,LET HIM TAKE TIME
data/raw/archive/ISL_CSLRT_Corpus/ISL_CSLRT_Corpus/Videos_Sentence_Level/let him take time/time (5).MP4,Videos_Sentence_Level/let him take time/time (5).MP4,time (5).MP4,let him take time,let him take time,let_him_take_time,class_060,LET HIM TAKE TIME
data/raw/archive/ISL_CSLRT_Corpus/ISL_CSLRT_Corpus/Videos_Sentence_Level/let him take time/time.MP4,Videos_Sentence_Level/let him take time/time.MP4,time.MP4,let him take time,let him take time,let_him_take_time,class_060,LET HIM TAKE TIME
data/raw/archive/ISL_CSLRT_Corpus/ISL_CSLRT_Corpus/Videos_Sentence_Level/my name is xxxxxxxx/my name is xxxxxxxx (1).MP4,Videos_Sentence_Level/my name is xxxxxxxx/my name is xxxxxxxx (1).MP4,my name is xxxxxxxx (1).MP4,my name is xxxxxxxx,my name is xxxxxxxx,my_name_is_xxxxxxxx,class_061,MY NAME XXXXXXXX
data/raw/archive/ISL_CSLRT_Corpus/ISL_CSLRT_Corpus/Videos_Sentence_Level/my name is xxxxxxxx/my name is xxxxxxxx (2).MP4,Videos_Sentence_Level/my name is xxxxxxxx/my name is xxxxxxxx (2).MP4,my name is xxxxxxxx (2).MP4,my name is xxxxxxxx,my name is xxxxxxxx,my_name_is_xxxxxxxx,class_061,MY NAME XXXXXXXX
data/raw/archive/ISL_CSLRT_Corpus/ISL_CSLRT_Corpus/Videos_Sentence_Level/my name is xxxxxxxx/my name is xxxxxxxx (3).MP4,Videos_Sentence_Level/my name is xxxxxxxx/my name is xxxxxxxx (3).MP4,my name is xxxxxxxx (3).MP4,my name is xxxxxxxx,my name is xxxxxxxx,my_name_is_xxxxxxxx,class_061,MY NAME XXXXXXXX
data/raw/archive/ISL_CSLRT_Corpus/ISL_CSLRT_Corpus/Videos_Sentence_Level/my name is xxxxxxxx/my name is xxxxxxxx (4).MP4,Videos_Sentence_Level/my name is xxxxxxxx/my name is xxxxxxxx (4).MP4,my name is xxxxxxxx (4).MP4,my name is xxxxxxxx,my name is xxxxxxxx,my_name_is_xxxxxxxx,class_061,MY NAME XXXXXXXX
data/raw/archive/ISL_CSLRT_Corpus/ISL_CSLRT_Corpus/Videos_Sentence_Level/my name is xxxxxxxx/my name is xxxxxxxx (5).MP4,Videos_Sentence_Level/my name is xxxxxxxx/my name is xxxxxxxx (5).MP4,my name is xxxxxxxx (5).MP4,my name is xxxxxxxx,my name is xxxxxxxx,my_name_is_xxxxxxxx,class_061,MY NAME XXXXXXXX
data/raw/archive/ISL_CSLRT_Corpus/ISL_CSLRT_Corpus/Videos_Sentence_Level/my name is xxxxxxxx/my name is xxxxxxxx (6).mp4,Videos_Sentence_Level/my name is xxxxxxxx/my name is xxxxxxxx (6).mp4,my name is xxxxxxxx (6).mp4,my name is xxxxxxxx,my name is xxxxxxxx,my_name_is_xxxxxxxx,class_061,MY NAME XXXXXXXX
data/raw/archive/ISL_CSLRT_Corpus/ISL_CSLRT_Corpus/Videos_Sentence_Level/my name is xxxxxxxx/my name is xxxxxxxx (7).mp4,Videos_Sentence_Level/my name is xxxxxxxx/my name is xxxxxxxx (7).mp4,my name is xxxxxxxx (7).mp4,my name is xxxxxxxx,my name is xxxxxxxx,my_name_is_xxxxxxxx,class_061,MY NAME XXXXXXXX
data/raw/archive/ISL_CSLRT_Corpus/ISL_CSLRT_Corpus/Videos_Sentence_Level/nice to meet you/nice to meet you (1).MP4,Videos_Sentence_Level/nice to meet you/nice to meet you (1).MP4,nice to meet you (1).MP4,nice to meet you,nice to meet you,nice_to_meet_you,class_062,NICE MEET YOU
data/raw/archive/ISL_CSLRT_Corpus/ISL_CSLRT_Corpus/Videos_Sentence_Level/nice to meet you/nice to meet you (3).MP4,Videos_Sentence_Level/nice to meet you/nice to meet you (3).MP4,nice to meet you (3).MP4,nice to meet you,nice to meet you,nice_to_meet_you,class_062,NICE MEET YOU
data/raw/archive/ISL_CSLRT_Corpus/ISL_CSLRT_Corpus/Videos_Sentence_Level/nice to meet you/nice to meet you (4).MP4,Videos_Sentence_Level/nice to meet you/nice to meet you (4).MP4,nice to meet you (4).MP4,nice to meet you,nice to meet you,nice_to_meet_you,class_062,NICE MEET YOU
data/raw/archive/ISL_CSLRT_Corpus/ISL_CSLRT_Corpus/Videos_Sentence_Level/nice to meet you/nice to meet you (5).MP4,Videos_Sentence_Level/nice to meet you/nice to meet you (5).MP4,nice to meet you (5).MP4,nice to meet you,nice to meet you,nice_to_meet_you,class_062,NICE MEET YOU
data/raw/archive/ISL_CSLRT_Corpus/ISL_CSLRT_Corpus/Videos_Sentence_Level/nice to meet you/nice to meet you (6).MP4,Videos_Sentence_Level/nice to meet you/nice to meet you (6).MP4,nice to meet you (6).MP4,nice to meet you,nice to meet you,nice_to_meet_you,class_062,NICE MEET YOU
data/raw/archive/ISL_CSLRT_Corpus/ISL_CSLRT_Corpus/Videos_Sentence_Level/nice to meet you/nice to meet you (7).mp4,Videos_Sentence_Level/nice to meet you/nice to meet you (7).mp4,nice to meet you (7).mp4,nice to meet you,nice to meet you,nice_to_meet_you,class_062,NICE MEET YOU
data/raw/archive/ISL_CSLRT_Corpus/ISL_CSLRT_Corpus/Videos_Sentence_Level/nice to meet you/nice to meet you (8).mp4,Videos_Sentence_Level/nice to meet you/nice to meet you (8).mp4,nice to meet you (8).mp4,nice to meet you,nice to meet you,nice_to_meet_you,class_062,NICE MEET YOU
data/raw/archive/ISL_CSLRT_Corpus/ISL_CSLRT_Corpus/Videos_Sentence_Level/No need to worry dont worry/MVI_6496.MP4,Videos_Sentence_Level/No need to worry dont worry/MVI_6496.MP4,MVI_6496.MP4,No need to worry dont worry,no need to worry dont worry,no_need_to_worry_dont_worry,class_063,NO NEED WORRY DONT WORRY
data/raw/archive/ISL_CSLRT_Corpus/ISL_CSLRT_Corpus/Videos_Sentence_Level/now onwards he will never hurt you/never hurt (2).MP4,Videos_Sentence_Level/now onwards he will never hurt you/never hurt (2).MP4,never hurt (2).MP4,now onwards he will never hurt you,now onwards he will never hurt you,now_onwards_he_will_never_hurt_you,class_064,NOW ONWARDS HE NEVER HURT YOU
data/raw/archive/ISL_CSLRT_Corpus/ISL_CSLRT_Corpus/Videos_Sentence_Level/now onwards he will never hurt you/never hurt (3).MP4,Videos_Sentence_Level/now onwards he will never hurt you/never hurt (3).MP4,never hurt (3).MP4,now onwards he will never hurt you,now onwards he will never hurt you,now_onwards_he_will_never_hurt_you,class_064,NOW ONWARDS HE NEVER HURT YOU
data/raw/archive/ISL_CSLRT_Corpus/ISL_CSLRT_Corpus/Videos_Sentence_Level/now onwards he will never hurt you/never hurt (4).MP4,Videos_Sentence_Level/now onwards he will never hurt you/never hurt (4).MP4,never hurt (4).MP4,now onwards he will never hurt you,now onwards he will never hurt you,now_onwards_he_will_never_hurt_you,class_064,NOW ONWARDS HE NEVER HURT YOU
data/raw/archive/ISL_CSLRT_Corpus/ISL_CSLRT_Corpus/Videos_Sentence_Level/now onwards he will never hurt you/never hurt (5).MP4,Videos_Sentence_Level/now onwards he will never hurt you/never hurt (5).MP4,never hurt (5).MP4,now onwards he will never hurt you,now onwards he will never hurt you,now_onwards_he_will_never_hurt_you,class_064,NOW ONWARDS HE NEVER HURT YOU
data/raw/archive/ISL_CSLRT_Corpus/ISL_CSLRT_Corpus/Videos_Sentence_Level/now onwards he will never hurt you/never hurt.MP4,Videos_Sentence_Level/now onwards he will never hurt you/never hurt.MP4,never hurt.MP4,now onwards he will never hurt you,now onwards he will never hurt you,now_onwards_he_will_never_hurt_you,class_064,NOW ONWARDS HE NEVER HURT YOU
data/raw/archive/ISL_CSLRT_Corpus/ISL_CSLRT_Corpus/Videos_Sentence_Level/now onwards he will never hurt you/now onwards he will never hurt you.mp4,Videos_Sentence_Level/now onwards he will never hurt you/now onwards he will never hurt you.mp4,now onwards he will never hurt you.mp4,now onwards he will never hurt you,now onwards he will never hurt you,now_onwards_he_will_never_hurt_you,class_064,NOW ONWARDS HE NEVER HURT YOU
data/raw/archive/ISL_CSLRT_Corpus/ISL_CSLRT_Corpus/Videos_Sentence_Level/pour some more water into the glass/pour (2).MP4,Videos_Sentence_Level/pour some more water into the glass/pour (2).MP4,pour (2).MP4,pour some more water into the glass,pour some more water into the glass,pour_some_more_water_into_the_glass,class_065,POUR SOME MORE WATER INTO THE GLASS
data/raw/archive/ISL_CSLRT_Corpus/ISL_CSLRT_Corpus/Videos_Sentence_Level/pour some more water into the glass/pour (3).MP4,Videos_Sentence_Level/pour some more water into the glass/pour (3).MP4,pour (3).MP4,pour some more water into the glass,pour some more water into the glass,pour_some_more_water_into_the_glass,class_065,POUR SOME MORE WATER INTO THE GLASS
data/raw/archive/ISL_CSLRT_Corpus/ISL_CSLRT_Corpus/Videos_Sentence_Level/pour some more water into the glass/pour (4).MP4,Videos_Sentence_Level/pour some more water into the glass/pour (4).MP4,pour (4).MP4,pour some more water into the glass,pour some more water into the glass,pour_some_more_water_into_the_glass,class_065,POUR SOME MORE WATER INTO THE GLASS
data/raw/archive/ISL_CSLRT_Corpus/ISL_CSLRT_Corpus/Videos_Sentence_Level/pour some more water into the glass/pour (5).MP4,Videos_Sentence_Level/pour some more water into the glass/pour (5).MP4,pour (5).MP4,pour some more water into the glass,pour some more water into the glass,pour_some_more_water_into_the_glass,class_065,POUR SOME MORE WATER INTO THE GLASS
data/raw/archive/ISL_CSLRT_Corpus/ISL_CSLRT_Corpus/Videos_Sentence_Level/pour some more water into the glass/pour some more water into the glass (2).mp4,Videos_Sentence_Level/pour some more water into the glass/pour some more water into the glass (2).mp4,pour some more water into the glass (2).mp4,pour some more water into the glass,pour some more water into the glass,pour_some_more_water_into_the_glass,class_065,POUR SOME MORE WATER INTO THE GLASS
data/raw/archive/ISL_CSLRT_Corpus/ISL_CSLRT_Corpus/Videos_Sentence_Level/pour some more water into the glass/pour some more water into the glass.mp4,Videos_Sentence_Level/pour some more water into the glass/pour some more water into the glass.mp4,pour some more water into the glass.mp4,pour some more water into the glass,pour some more water into the glass,pour_some_more_water_into_the_glass,class_065,POUR SOME MORE WATER INTO THE GLASS
data/raw/archive/ISL_CSLRT_Corpus/ISL_CSLRT_Corpus/Videos_Sentence_Level/pour some more water into the glass/pour.MP4,Videos_Sentence_Level/pour some more water into the glass/pour.MP4,pour.MP4,pour some more water into the glass,pour some more water into the glass,pour_some_more_water_into_the_glass,class_065,POUR SOME MORE WATER INTO THE GLASS
data/raw/archive/ISL_CSLRT_Corpus/ISL_CSLRT_Corpus/Videos_Sentence_Level/prepare the bed/bed (2).MP4,Videos_Sentence_Level/prepare the bed/bed (2).MP4,bed (2).MP4,prepare the bed,prepare the bed,prepare_the_bed,class_066,PREPARE BED
data/raw/archive/ISL_CSLRT_Corpus/ISL_CSLRT_Corpus/Videos_Sentence_Level/prepare the bed/bed (3).MP4,Videos_Sentence_Level/prepare the bed/bed (3).MP4,bed (3).MP4,prepare the bed,prepare the bed,prepare_the_bed,class_066,PREPARE BED
data/raw/archive/ISL_CSLRT_Corpus/ISL_CSLRT_Corpus/Videos_Sentence_Level/prepare the bed/bed (4).MP4,Videos_Sentence_Level/prepare the bed/bed (4).MP4,bed (4).MP4,prepare the bed,prepare the bed,prepare_the_bed,class_066,PREPARE BED
data/raw/archive/ISL_CSLRT_Corpus/ISL_CSLRT_Corpus/Videos_Sentence_Level/prepare the bed/bed (5).MP4,Videos_Sentence_Level/prepare the bed/bed (5).MP4,bed (5).MP4,prepare the bed,prepare the bed,prepare_the_bed,class_066,PREPARE BED
data/raw/archive/ISL_CSLRT_Corpus/ISL_CSLRT_Corpus/Videos_Sentence_Level/prepare the bed/bed.MP4,Videos_Sentence_Level/prepare the bed/bed.MP4,bed.MP4,prepare the bed,prepare the bed,prepare_the_bed,class_066,PREPARE BED
data/raw/archive/ISL_CSLRT_Corpus/ISL_CSLRT_Corpus/Videos_Sentence_Level/prepare the bed/prepare the bed (2).mp4,Videos_Sentence_Level/prepare the bed/prepare the bed (2).mp4,prepare the bed (2).mp4,prepare the bed,prepare the bed,prepare_the_bed,class_066,PREPARE BED
data/raw/archive/ISL_CSLRT_Corpus/ISL_CSLRT_Corpus/Videos_Sentence_Level/prepare the bed/prepare the bed.mp4,Videos_Sentence_Level/prepare the bed/prepare the bed.mp4,prepare the bed.mp4,prepare the bed,prepare the bed,prepare_the_bed,class_066,PREPARE BED
data/raw/archive/ISL_CSLRT_Corpus/ISL_CSLRT_Corpus/Videos_Sentence_Level/serve the food/serve (2).MP4,Videos_Sentence_Level/serve the food/serve (2).MP4,serve (2).MP4,serve the food,serve the food,serve_the_food,class_067,SERVE FOOD
data/raw/archive/ISL_CSLRT_Corpus/ISL_CSLRT_Corpus/Videos_Sentence_Level/serve the food/serve (3).MP4,Videos_Sentence_Level/serve the food/serve (3).MP4,serve (3).MP4,serve the food,serve the food,serve_the_food,class_067,SERVE FOOD
data/raw/archive/ISL_CSLRT_Corpus/ISL_CSLRT_Corpus/Videos_Sentence_Level/serve the food/serve (4).MP4,Videos_Sentence_Level/serve the food/serve (4).MP4,serve (4).MP4,serve the food,serve the food,serve_the_food,class_067,SERVE FOOD
data/raw/archive/ISL_CSLRT_Corpus/ISL_CSLRT_Corpus/Videos_Sentence_Level/serve the food/serve (5).MP4,Videos_Sentence_Level/serve the food/serve (5).MP4,serve (5).MP4,serve the food,serve the food,serve_the_food,class_067,SERVE FOOD
data/raw/archive/ISL_CSLRT_Corpus/ISL_CSLRT_Corpus/Videos_Sentence_Level/serve the food/serve 1.MP4,Videos_Sentence_Level/serve the food/serve 1.MP4,serve 1.MP4,serve the food,serve the food,serve_the_food,class_067,SERVE FOOD
data/raw/archive/ISL_CSLRT_Corpus/ISL_CSLRT_Corpus/Videos_Sentence_Level/serve the food/serve food.MP4,Videos_Sentence_Level/serve the food/serve food.MP4,serve food.MP4,serve the food,serve the food,serve_the_food,class_067,SERVE FOOD
data/raw/archive/ISL_CSLRT_Corpus/ISL_CSLRT_Corpus/Videos_Sentence_Level/serve the food/serve the food (2).mp4,Videos_Sentence_Level/serve the food/serve the food (2).mp4,serve the food (2).mp4,serve the food,serve the food,serve_the_food,class_067,SERVE FOOD
data/raw/archive/ISL_CSLRT_Corpus/ISL_CSLRT_Corpus/Videos_Sentence_Level/serve the food/serve the food.mp4,Videos_Sentence_Level/serve the food/serve the food.mp4,serve the food.mp4,serve the food,serve the food,serve_the_food,class_067,SERVE FOOD
data/raw/archive/ISL_CSLRT_Corpus/ISL_CSLRT_Corpus/Videos_Sentence_Level/serve the food/serve.MP4,Videos_Sentence_Level/serve the food/serve.MP4,serve.MP4,serve the food,serve the food,serve_the_food,class_067,SERVE FOOD
data/raw/archive/ISL_CSLRT_Corpus/ISL_CSLRT_Corpus/Videos_Sentence_Level/shall we go outside/MVI_6498.MP4,Videos_Sentence_Level/shall we go outside/MVI_6498.MP4,MVI_6498.MP4,shall we go outside,shall we go outside,shall_we_go_outside,class_068,WE GO OUTSIDE
data/raw/archive/ISL_CSLRT_Corpus/ISL_CSLRT_Corpus/Videos_Sentence_Level/shall we go outside/outside (2).MP4,Videos_Sentence_Level/shall we go outside/outside (2).MP4,outside (2).MP4,shall we go outside,shall we go outside,shall_we_go_outside,class_068,WE GO OUTSIDE
data/raw/archive/ISL_CSLRT_Corpus/ISL_CSLRT_Corpus/Videos_Sentence_Level/shall we go outside/outside (3).MP4,Videos_Sentence_Level/shall we go outside/outside (3).MP4,outside (3).MP4,shall we go outside,shall we go outside,shall_we_go_outside,class_068,WE GO OUTSIDE
data/raw/archive/ISL_CSLRT_Corpus/ISL_CSLRT_Corpus/Videos_Sentence_Level/shall we go outside/outside (4).MP4,Videos_Sentence_Level/shall we go outside/outside (4).MP4,outside (4).MP4,shall we go outside,shall we go outside,shall_we_go_outside,class_068,WE GO OUTSIDE
data/raw/archive/ISL_CSLRT_Corpus/ISL_CSLRT_Corpus/Videos_Sentence_Level/shall we go outside/outside.MP4,Videos_Sentence_Level/shall we go outside/outside.MP4,outside.MP4,shall we go outside,shall we go outside,shall_we_go_outside,class_068,WE GO OUTSIDE
data/raw/archive/ISL_CSLRT_Corpus/ISL_CSLRT_Corpus/Videos_Sentence_Level/shall we go outside/shall we go outside (2).mp4,Videos_Sentence_Level/shall we go outside/shall we go outside (2).mp4,shall we go outside (2).mp4,shall we go outside,shall we go outside,shall_we_go_outside,class_068,WE GO OUTSIDE
data/raw/archive/ISL_CSLRT_Corpus/ISL_CSLRT_Corpus/Videos_Sentence_Level/shall we go outside/shall we go outside.mp4,Videos_Sentence_Level/shall we go outside/shall we go outside.mp4,shall we go outside.mp4,shall we go outside,shall we go outside,shall_we_go_outside,class_068,WE GO OUTSIDE
data/raw/archive/ISL_CSLRT_Corpus/ISL_CSLRT_Corpus/Videos_Sentence_Level/speak softly/softly (2).MP4,Videos_Sentence_Level/speak softly/softly (2).MP4,softly (2).MP4,speak softly,speak softly,speak_softly,class_069,SPEAK SOFTLY
data/raw/archive/ISL_CSLRT_Corpus/ISL_CSLRT_Corpus/Videos_Sentence_Level/speak softly/softly (3).MP4,Videos_Sentence_Level/speak softly/softly (3).MP4,softly (3).MP4,speak softly,speak softly,speak_softly,class_069,SPEAK SOFTLY
data/raw/archive/ISL_CSLRT_Corpus/ISL_CSLRT_Corpus/Videos_Sentence_Level/speak softly/softly (4).MP4,Videos_Sentence_Level/speak softly/softly (4).MP4,softly (4).MP4,speak softly,speak softly,speak_softly,class_069,SPEAK SOFTLY
data/raw/archive/ISL_CSLRT_Corpus/ISL_CSLRT_Corpus/Videos_Sentence_Level/speak softly/softly (5).MP4,Videos_Sentence_Level/speak softly/softly (5).MP4,softly (5).MP4,speak softly,speak softly,speak_softly,class_069,SPEAK SOFTLY
data/raw/archive/ISL_CSLRT_Corpus/ISL_CSLRT_Corpus/Videos_Sentence_Level/speak softly/softly 1.MP4,Videos_Sentence_Level/speak softly/softly 1.MP4,softly 1.MP4,speak softly,speak softly,speak_softly,class_069,SPEAK SOFTLY
data/raw/archive/ISL_CSLRT_Corpus/ISL_CSLRT_Corpus/Videos_Sentence_Level/speak softly/softly.MP4,Videos_Sentence_Level/speak softly/softly.MP4,softly.MP4,speak softly,speak softly,speak_softly,class_069,SPEAK SOFTLY
data/raw/archive/ISL_CSLRT_Corpus/ISL_CSLRT_Corpus/Videos_Sentence_Level/speak softly/speak softly (2).mp4,Videos_Sentence_Level/speak softly/speak softly (2).mp4,speak softly (2).mp4,speak softly,speak softly,speak_softly,class_069,SPEAK SOFTLY
data/raw/archive/ISL_CSLRT_Corpus/ISL_CSLRT_Corpus/Videos_Sentence_Level/speak softly/speak softly.mp4,Videos_Sentence_Level/speak softly/speak softly.mp4,speak softly.mp4,speak softly,speak softly,speak_softly,class_069,SPEAK SOFTLY
data/raw/archive/ISL_CSLRT_Corpus/ISL_CSLRT_Corpus/Videos_Sentence_Level/take care of yourself/Take care (2).MP4,Videos_Sentence_Level/take care of yourself/Take care (2).MP4,Take care (2).MP4,take care of yourself,take care of yourself,take_care_of_yourself,class_070,TAKE CARE OF YOURSELF
data/raw/archive/ISL_CSLRT_Corpus/ISL_CSLRT_Corpus/Videos_Sentence_Level/take care of yourself/take care (3).MP4,Videos_Sentence_Level/take care of yourself/take care (3).MP4,take care (3).MP4,take care of yourself,take care of yourself,take_care_of_yourself,class_070,TAKE CARE OF YOURSELF
data/raw/archive/ISL_CSLRT_Corpus/ISL_CSLRT_Corpus/Videos_Sentence_Level/take care of yourself/take care (4).MP4,Videos_Sentence_Level/take care of yourself/take care (4).MP4,take care (4).MP4,take care of yourself,take care of yourself,take_care_of_yourself,class_070,TAKE CARE OF YOURSELF
data/raw/archive/ISL_CSLRT_Corpus/ISL_CSLRT_Corpus/Videos_Sentence_Level/take care of yourself/take care (5).MP4,Videos_Sentence_Level/take care of yourself/take care (5).MP4,take care (5).MP4,take care of yourself,take care of yourself,take_care_of_yourself,class_070,TAKE CARE OF YOURSELF
data/raw/archive/ISL_CSLRT_Corpus/ISL_CSLRT_Corpus/Videos_Sentence_Level/take care of yourself/take care of yourself (2).mp4,Videos_Sentence_Level/take care of yourself/take care of yourself (2).mp4,take care of yourself (2).mp4,take care of yourself,take care of yourself,take_care_of_yourself,class_070,TAKE CARE OF YOURSELF
data/raw/archive/ISL_CSLRT_Corpus/ISL_CSLRT_Corpus/Videos_Sentence_Level/take care of yourself/take care of yourself.mp4,Videos_Sentence_Level/take care of yourself/take care of yourself.mp4,take care of yourself.mp4,take care of yourself,take care of yourself,take_care_of_yourself,class_070,TAKE CARE OF YOURSELF
data/raw/archive/ISL_CSLRT_Corpus/ISL_CSLRT_Corpus/Videos_Sentence_Level/take care of yourself/take care.MP4,Videos_Sentence_Level/take care of yourself/take care.MP4,take care.MP4,take care of yourself,take care of yourself,take_care_of_yourself,class_070,TAKE CARE OF YOURSELF
data/raw/archive/ISL_CSLRT_Corpus/ISL_CSLRT_Corpus/Videos_Sentence_Level/tell me truth/tell me truth (2).mp4,Videos_Sentence_Level/tell me truth/tell me truth (2).mp4,tell me truth (2).mp4,tell me truth,tell me truth,tell_me_truth,class_071,TELL ME TRUTH
data/raw/archive/ISL_CSLRT_Corpus/ISL_CSLRT_Corpus/Videos_Sentence_Level/tell me truth/tell me truth.mp4,Videos_Sentence_Level/tell me truth/tell me truth.mp4,tell me truth.mp4,tell me truth,tell me truth,tell_me_truth,class_071,TELL ME TRUTH
data/raw/archive/ISL_CSLRT_Corpus/ISL_CSLRT_Corpus/Videos_Sentence_Level/tell me truth/truth (2).MP4,Videos_Sentence_Level/tell me truth/truth (2).MP4,truth (2).MP4,tell me truth,tell me truth,tell_me_truth,class_071,TELL ME TRUTH
data/raw/archive/ISL_CSLRT_Corpus/ISL_CSLRT_Corpus/Videos_Sentence_Level/tell me truth/truth (3).MP4,Videos_Sentence_Level/tell me truth/truth (3).MP4,truth (3).MP4,tell me truth,tell me truth,tell_me_truth,class_071,TELL ME TRUTH
data/raw/archive/ISL_CSLRT_Corpus/ISL_CSLRT_Corpus/Videos_Sentence_Level/tell me truth/truth (4).MP4,Videos_Sentence_Level/tell me truth/truth (4).MP4,truth (4).MP4,tell me truth,tell me truth,tell_me_truth,class_071,TELL ME TRUTH
data/raw/archive/ISL_CSLRT_Corpus/ISL_CSLRT_Corpus/Videos_Sentence_Level/tell me truth/truth.MP4,Videos_Sentence_Level/tell me truth/truth.MP4,truth.MP4,tell me truth,tell me truth,tell_me_truth,class_071,TELL ME TRUTH
data/raw/archive/ISL_CSLRT_Corpus/ISL_CSLRT_Corpus/Videos_Sentence_Level/thank you so much/thank you so much (1).MP4,Videos_Sentence_Level/thank you so much/thank you so much (1).MP4,thank you so much (1).MP4,thank you so much,thank you so much,thank_you_so_much,class_072,THANK YOU SO MUCH
data/raw/archive/ISL_CSLRT_Corpus/ISL_CSLRT_Corpus/Videos_Sentence_Level/thank you so much/thank you so much (3).MP4,Videos_Sentence_Level/thank you so much/thank you so much (3).MP4,thank you so much (3).MP4,thank you so much,thank you so much,thank_you_so_much,class_072,THANK YOU SO MUCH
data/raw/archive/ISL_CSLRT_Corpus/ISL_CSLRT_Corpus/Videos_Sentence_Level/thank you so much/thank you so much (4).MP4,Videos_Sentence_Level/thank you so much/thank you so much (4).MP4,thank you so much (4).MP4,thank you so much,thank you so much,thank_you_so_much,class_072,THANK YOU SO MUCH
data/raw/archive/ISL_CSLRT_Corpus/ISL_CSLRT_Corpus/Videos_Sentence_Level/thank you so much/thank you so much (5).MP4,Videos_Sentence_Level/thank you so much/thank you so much (5).MP4,thank you so much (5).MP4,thank you so much,thank you so much,thank_you_so_much,class_072,THANK YOU SO MUCH
data/raw/archive/ISL_CSLRT_Corpus/ISL_CSLRT_Corpus/Videos_Sentence_Level/thank you so much/thank you so much (6).MP4,Videos_Sentence_Level/thank you so much/thank you so much (6).MP4,thank you so much (6).MP4,thank you so much,thank you so much,thank_you_so_much,class_072,THANK YOU SO MUCH
data/raw/archive/ISL_CSLRT_Corpus/ISL_CSLRT_Corpus/Videos_Sentence_Level/thank you so much/thank you so much (7).mp4,Videos_Sentence_Level/thank you so much/thank you so much (7).mp4,thank you so much (7).mp4,thank you so much,thank you so much,thank_you_so_much,class_072,THANK YOU SO MUCH
data/raw/archive/ISL_CSLRT_Corpus/ISL_CSLRT_Corpus/Videos_Sentence_Level/thank you so much/thank you so much (8).mp4,Videos_Sentence_Level/thank you so much/thank you so much (8).mp4,thank you so much (8).mp4,thank you so much,thank you so much,thank_you_so_much,class_072,THANK YOU SO MUCH
data/raw/archive/ISL_CSLRT_Corpus/ISL_CSLRT_Corpus/Videos_Sentence_Level/that is so kind of you/MVI_6106.MP4,Videos_Sentence_Level/that is so kind of you/MVI_6106.MP4,MVI_6106.MP4,that is so kind of you,that is so kind of you,that_is_so_kind_of_you,class_073,THAT KIND YOU
data/raw/archive/ISL_CSLRT_Corpus/ISL_CSLRT_Corpus/Videos_Sentence_Level/that is so kind of you/MVI_6396.MP4,Videos_Sentence_Level/that is so kind of you/MVI_6396.MP4,MVI_6396.MP4,that is so kind of you,that is so kind of you,that_is_so_kind_of_you,class_073,THAT KIND YOU
data/raw/archive/ISL_CSLRT_Corpus/ISL_CSLRT_Corpus/Videos_Sentence_Level/that is so kind of you/MVI_6540.MP4,Videos_Sentence_Level/that is so kind of you/MVI_6540.MP4,MVI_6540.MP4,that is so kind of you,that is so kind of you,that_is_so_kind_of_you,class_073,THAT KIND YOU
data/raw/archive/ISL_CSLRT_Corpus/ISL_CSLRT_Corpus/Videos_Sentence_Level/that is so kind of you/MVI_6722.MP4,Videos_Sentence_Level/that is so kind of you/MVI_6722.MP4,MVI_6722.MP4,that is so kind of you,that is so kind of you,that_is_so_kind_of_you,class_073,THAT KIND YOU
data/raw/archive/ISL_CSLRT_Corpus/ISL_CSLRT_Corpus/Videos_Sentence_Level/that is so kind of you/MVI_6850.MP4,Videos_Sentence_Level/that is so kind of you/MVI_6850.MP4,MVI_6850.MP4,that is so kind of you,that is so kind of you,that_is_so_kind_of_you,class_073,THAT KIND YOU
data/raw/archive/ISL_CSLRT_Corpus/ISL_CSLRT_Corpus/Videos_Sentence_Level/that is so kind of you/that is so kind of you (2).mp4,Videos_Sentence_Level/that is so kind of you/that is so kind of you (2).mp4,that is so kind of you (2).mp4,that is so kind of you,that is so kind of you,that_is_so_kind_of_you,class_073,THAT KIND YOU
data/raw/archive/ISL_CSLRT_Corpus/ISL_CSLRT_Corpus/Videos_Sentence_Level/that is so kind of you/that is so kind of you.mp4,Videos_Sentence_Level/that is so kind of you/that is so kind of you.mp4,that is so kind of you.mp4,that is so kind of you,that is so kind of you,that_is_so_kind_of_you,class_073,THAT KIND YOU
data/raw/archive/ISL_CSLRT_Corpus/ISL_CSLRT_Corpus/Videos_Sentence_Level/This place is beautiful/beautiful (2).MP4,Videos_Sentence_Level/This place is beautiful/beautiful (2).MP4,beautiful (2).MP4,This place is beautiful,this place is beautiful,this_place_is_beautiful,class_074,THIS PLACE BEAUTIFUL
data/raw/archive/ISL_CSLRT_Corpus/ISL_CSLRT_Corpus/Videos_Sentence_Level/This place is beautiful/beautiful (3).MP4,Videos_Sentence_Level/This place is beautiful/beautiful (3).MP4,beautiful (3).MP4,This place is beautiful,this place is beautiful,this_place_is_beautiful,class_074,THIS PLACE BEAUTIFUL
data/raw/archive/ISL_CSLRT_Corpus/ISL_CSLRT_Corpus/Videos_Sentence_Level/This place is beautiful/beautiful (4).MP4,Videos_Sentence_Level/This place is beautiful/beautiful (4).MP4,beautiful (4).MP4,This place is beautiful,this place is beautiful,this_place_is_beautiful,class_074,THIS PLACE BEAUTIFUL
data/raw/archive/ISL_CSLRT_Corpus/ISL_CSLRT_Corpus/Videos_Sentence_Level/This place is beautiful/beautiful.MP4,Videos_Sentence_Level/This place is beautiful/beautiful.MP4,beautiful.MP4,This place is beautiful,this place is beautiful,this_place_is_beautiful,class_074,THIS PLACE BEAUTIFUL
data/raw/archive/ISL_CSLRT_Corpus/ISL_CSLRT_Corpus/Videos_Sentence_Level/This place is beautiful/MVI_6502.MP4,Videos_Sentence_Level/This place is beautiful/MVI_6502.MP4,MVI_6502.MP4,This place is beautiful,this place is beautiful,this_place_is_beautiful,class_074,THIS PLACE BEAUTIFUL
data/raw/archive/ISL_CSLRT_Corpus/ISL_CSLRT_Corpus/Videos_Sentence_Level/This place is beautiful/this place is beautiful (2).mp4,Videos_Sentence_Level/This place is beautiful/this place is beautiful (2).mp4,this place is beautiful (2).mp4,This place is beautiful,this place is beautiful,this_place_is_beautiful,class_074,THIS PLACE BEAUTIFUL
data/raw/archive/ISL_CSLRT_Corpus/ISL_CSLRT_Corpus/Videos_Sentence_Level/This place is beautiful/this place is beautiful.mp4,Videos_Sentence_Level/This place is beautiful/this place is beautiful.mp4,this place is beautiful.mp4,This place is beautiful,this place is beautiful,this_place_is_beautiful,class_074,THIS PLACE BEAUTIFUL
data/raw/archive/ISL_CSLRT_Corpus/ISL_CSLRT_Corpus/Videos_Sentence_Level/try to understand/try to understand (2).mp4,Videos_Sentence_Level/try to understand/try to understand (2).mp4,try to understand (2).mp4,try to understand,try to understand,try_to_understand,class_075,TRY TO UNDERSTAND
data/raw/archive/ISL_CSLRT_Corpus/ISL_CSLRT_Corpus/Videos_Sentence_Level/try to understand/try to understand.mp4,Videos_Sentence_Level/try to understand/try to understand.mp4,try to understand.mp4,try to understand,try to understand,try_to_understand,class_075,TRY TO UNDERSTAND
data/raw/archive/ISL_CSLRT_Corpus/ISL_CSLRT_Corpus/Videos_Sentence_Level/try to understand/understand (2).MP4,Videos_Sentence_Level/try to understand/understand (2).MP4,understand (2).MP4,try to understand,try to understand,try_to_understand,class_075,TRY TO UNDERSTAND
data/raw/archive/ISL_CSLRT_Corpus/ISL_CSLRT_Corpus/Videos_Sentence_Level/try to understand/understand (3).MP4,Videos_Sentence_Level/try to understand/understand (3).MP4,understand (3).MP4,try to understand,try to understand,try_to_understand,class_075,TRY TO UNDERSTAND
data/raw/archive/ISL_CSLRT_Corpus/ISL_CSLRT_Corpus/Videos_Sentence_Level/try to understand/understand (4).MP4,Videos_Sentence_Level/try to understand/understand (4).MP4,understand (4).MP4,try to understand,try to understand,try_to_understand,class_075,TRY TO UNDERSTAND
data/raw/archive/ISL_CSLRT_Corpus/ISL_CSLRT_Corpus/Videos_Sentence_Level/try to understand/understand (5).MP4,Videos_Sentence_Level/try to understand/understand (5).MP4,understand (5).MP4,try to understand,try to understand,try_to_understand,class_075,TRY TO UNDERSTAND
data/raw/archive/ISL_CSLRT_Corpus/ISL_CSLRT_Corpus/Videos_Sentence_Level/try to understand/understand.MP4,Videos_Sentence_Level/try to understand/understand.MP4,understand.MP4,try to understand,try to understand,try_to_understand,class_075,TRY TO UNDERSTAND
data/raw/archive/ISL_CSLRT_Corpus/ISL_CSLRT_Corpus/Videos_Sentence_Level/turn on light turn off light/turn on (2).MP4,Videos_Sentence_Level/turn on light turn off light/turn on (2).MP4,turn on (2).MP4,turn on light turn off light,turn on light turn off light,turn_on_light_turn_off_light,class_076,TURN ON LIGHT TURN OFF LIGHT
data/raw/archive/ISL_CSLRT_Corpus/ISL_CSLRT_Corpus/Videos_Sentence_Level/turn on light turn off light/turn on (3).MP4,Videos_Sentence_Level/turn on light turn off light/turn on (3).MP4,turn on (3).MP4,turn on light turn off light,turn on light turn off light,turn_on_light_turn_off_light,class_076,TURN ON LIGHT TURN OFF LIGHT
data/raw/archive/ISL_CSLRT_Corpus/ISL_CSLRT_Corpus/Videos_Sentence_Level/turn on light turn off light/turn on (4).MP4,Videos_Sentence_Level/turn on light turn off light/turn on (4).MP4,turn on (4).MP4,turn on light turn off light,turn on light turn off light,turn_on_light_turn_off_light,class_076,TURN ON LIGHT TURN OFF LIGHT
data/raw/archive/ISL_CSLRT_Corpus/ISL_CSLRT_Corpus/Videos_Sentence_Level/turn on light turn off light/turn on (5).MP4,Videos_Sentence_Level/turn on light turn off light/turn on (5).MP4,turn on (5).MP4,turn on light turn off light,turn on light turn off light,turn_on_light_turn_off_light,class_076,TURN ON LIGHT TURN OFF LIGHT
data/raw/archive/ISL_CSLRT_Corpus/ISL_CSLRT_Corpus/Videos_Sentence_Level/turn on light turn off light/turn on light turn off light.mp4,Videos_Sentence_Level/turn on light turn off light/turn on light turn off light.mp4,turn on light turn off light.mp4,turn on light turn off light,turn on light turn off light,turn_on_light_turn_off_light,class_076,TURN ON LIGHT TURN OFF LIGHT
data/raw/archive/ISL_CSLRT_Corpus/ISL_CSLRT_Corpus/Videos_Sentence_Level/turn on light turn off light/turn on lightturn off light.mp4,Videos_Sentence_Level/turn on light turn off light/turn on lightturn off light.mp4,turn on lightturn off light.mp4,turn on light turn off light,turn on light turn off light,turn_on_light_turn_off_light,class_076,TURN ON LIGHT TURN OFF LIGHT
data/raw/archive/ISL_CSLRT_Corpus/ISL_CSLRT_Corpus/Videos_Sentence_Level/turn on light turn off light/turn on.MP4,Videos_Sentence_Level/turn on light turn off light/turn on.MP4,turn on.MP4,turn on light turn off light,turn on light turn off light,turn_on_light_turn_off_light,class_076,TURN ON LIGHT TURN OFF LIGHT
data/raw/archive/ISL_CSLRT_Corpus/ISL_CSLRT_Corpus/Videos_Sentence_Level/we are all with you/all.MP4,Videos_Sentence_Level/we are all with you/all.MP4,all.MP4,we are all with you,we are all with you,we_are_all_with_you,class_077,WE ALL WITH YOU
data/raw/archive/ISL_CSLRT_Corpus/ISL_CSLRT_Corpus/Videos_Sentence_Level/we are all with you/MVI_6208.MP4,Videos_Sentence_Level/we are all with you/MVI_6208.MP4,MVI_6208.MP4,we are all with you,we are all with you,we_are_all_with_you,class_077,WE ALL WITH YOU
data/raw/archive/ISL_CSLRT_Corpus/ISL_CSLRT_Corpus/Videos_Sentence_Level/we are all with you/MVI_6506.MP4,Videos_Sentence_Level/we are all with you/MVI_6506.MP4,MVI_6506.MP4,we are all with you,we are all with you,we_are_all_with_you,class_077,WE ALL WITH YOU
data/raw/archive/ISL_CSLRT_Corpus/ISL_CSLRT_Corpus/Videos_Sentence_Level/we are all with you/MVI_6684.MP4,Videos_Sentence_Level/we are all with you/MVI_6684.MP4,MVI_6684.MP4,we are all with you,we are all with you,we_are_all_with_you,class_077,WE ALL WITH YOU
data/raw/archive/ISL_CSLRT_Corpus/ISL_CSLRT_Corpus/Videos_Sentence_Level/we are all with you/MVI_6957.MP4,Videos_Sentence_Level/we are all with you/MVI_6957.MP4,MVI_6957.MP4,we are all with you,we are all with you,we_are_all_with_you,class_077,WE ALL WITH YOU
data/raw/archive/ISL_CSLRT_Corpus/ISL_CSLRT_Corpus/Videos_Sentence_Level/we are all with you/we are all with you (2).mp4,Videos_Sentence_Level/we are all with you/we are all with you (2).mp4,we are all with you (2).mp4,we are all with you,we are all with you,we_are_all_with_you,class_077,WE ALL WITH YOU
data/raw/archive/ISL_CSLRT_Corpus/ISL_CSLRT_Corpus/Videos_Sentence_Level/we are all with you/we are all with you.mp4,Videos_Sentence_Level/we are all with you/we are all with you.mp4,we are all with you.mp4,we are all with you,we are all with you,we_are_all_with_you,class_077,WE ALL WITH YOU
data/raw/archive/ISL_CSLRT_Corpus/ISL_CSLRT_Corpus/Videos_Sentence_Level/wear the shirt/shirt (2).MP4,Videos_Sentence_Level/wear the shirt/shirt (2).MP4,shirt (2).MP4,wear the shirt,wear the shirt,wear_the_shirt,class_078,WEAR SHIRT
data/raw/archive/ISL_CSLRT_Corpus/ISL_CSLRT_Corpus/Videos_Sentence_Level/wear the shirt/shirt (3).MP4,Videos_Sentence_Level/wear the shirt/shirt (3).MP4,shirt (3).MP4,wear the shirt,wear the shirt,wear_the_shirt,class_078,WEAR SHIRT
data/raw/archive/ISL_CSLRT_Corpus/ISL_CSLRT_Corpus/Videos_Sentence_Level/wear the shirt/shirt (4).MP4,Videos_Sentence_Level/wear the shirt/shirt (4).MP4,shirt (4).MP4,wear the shirt,wear the shirt,wear_the_shirt,class_078,WEAR SHIRT
data/raw/archive/ISL_CSLRT_Corpus/ISL_CSLRT_Corpus/Videos_Sentence_Level/wear the shirt/shirt (5).MP4,Videos_Sentence_Level/wear the shirt/shirt (5).MP4,shirt (5).MP4,wear the shirt,wear the shirt,wear_the_shirt,class_078,WEAR SHIRT
data/raw/archive/ISL_CSLRT_Corpus/ISL_CSLRT_Corpus/Videos_Sentence_Level/wear the shirt/shirt.MP4,Videos_Sentence_Level/wear the shirt/shirt.MP4,shirt.MP4,wear the shirt,wear the shirt,wear_the_shirt,class_078,WEAR SHIRT
data/raw/archive/ISL_CSLRT_Corpus/ISL_CSLRT_Corpus/Videos_Sentence_Level/wear the shirt/wear the shirt (2).mp4,Videos_Sentence_Level/wear the shirt/wear the shirt (2).mp4,wear the shirt (2).mp4,wear the shirt,wear the shirt,wear_the_shirt,class_078,WEAR SHIRT
data/raw/archive/ISL_CSLRT_Corpus/ISL_CSLRT_Corpus/Videos_Sentence_Level/wear the shirt/wear the shirt.mp4,Videos_Sentence_Level/wear the shirt/wear the shirt.mp4,wear the shirt.mp4,wear the shirt,wear the shirt,wear_the_shirt,class_078,WEAR SHIRT
data/raw/archive/ISL_CSLRT_Corpus/ISL_CSLRT_Corpus/Videos_Sentence_Level/what are you doing/what are you doing (1).MP4,Videos_Sentence_Level/what are you doing/what are you doing (1).MP4,what are you doing (1).MP4,what are you doing,what are you doing,what_are_you_doing,class_079,WHAT YOU DO
data/raw/archive/ISL_CSLRT_Corpus/ISL_CSLRT_Corpus/Videos_Sentence_Level/what are you doing/what are you doing (3).MP4,Videos_Sentence_Level/what are you doing/what are you doing (3).MP4,what are you doing (3).MP4,what are you doing,what are you doing,what_are_you_doing,class_079,WHAT YOU DO
data/raw/archive/ISL_CSLRT_Corpus/ISL_CSLRT_Corpus/Videos_Sentence_Level/what are you doing/what are you doing (4).MP4,Videos_Sentence_Level/what are you doing/what are you doing (4).MP4,what are you doing (4).MP4,what are you doing,what are you doing,what_are_you_doing,class_079,WHAT YOU DO
data/raw/archive/ISL_CSLRT_Corpus/ISL_CSLRT_Corpus/Videos_Sentence_Level/what are you doing/what are you doing (5).MP4,Videos_Sentence_Level/what are you doing/what are you doing (5).MP4,what are you doing (5).MP4,what are you doing,what are you doing,what_are_you_doing,class_079,WHAT YOU DO
data/raw/archive/ISL_CSLRT_Corpus/ISL_CSLRT_Corpus/Videos_Sentence_Level/what are you doing/what are you doing (6).MP4,Videos_Sentence_Level/what are you doing/what are you doing (6).MP4,what are you doing (6).MP4,what are you doing,what are you doing,what_are_you_doing,class_079,WHAT YOU DO
data/raw/archive/ISL_CSLRT_Corpus/ISL_CSLRT_Corpus/Videos_Sentence_Level/what are you doing/what are you doing (7).mp4,Videos_Sentence_Level/what are you doing/what are you doing (7).mp4,what are you doing (7).mp4,what are you doing,what are you doing,what_are_you_doing,class_079,WHAT YOU DO
data/raw/archive/ISL_CSLRT_Corpus/ISL_CSLRT_Corpus/Videos_Sentence_Level/what are you doing/what are you doing (8).mp4,Videos_Sentence_Level/what are you doing/what are you doing (8).mp4,what are you doing (8).mp4,what are you doing,what are you doing,what_are_you_doing,class_079,WHAT YOU DO
data/raw/archive/ISL_CSLRT_Corpus/ISL_CSLRT_Corpus/Videos_Sentence_Level/what did you tell him/MVI_6497.MP4,Videos_Sentence_Level/what did you tell him/MVI_6497.MP4,MVI_6497.MP4,what did you tell him,what did you tell him,what_did_you_tell_him,class_080,WHAT YOU TELL HIM
data/raw/archive/ISL_CSLRT_Corpus/ISL_CSLRT_Corpus/Videos_Sentence_Level/what did you tell him/tell him (2).MP4,Videos_Sentence_Level/what did you tell him/tell him (2).MP4,tell him (2).MP4,what did you tell him,what did you tell him,what_did_you_tell_him,class_080,WHAT YOU TELL HIM
data/raw/archive/ISL_CSLRT_Corpus/ISL_CSLRT_Corpus/Videos_Sentence_Level/what did you tell him/tell him (3).MP4,Videos_Sentence_Level/what did you tell him/tell him (3).MP4,tell him (3).MP4,what did you tell him,what did you tell him,what_did_you_tell_him,class_080,WHAT YOU TELL HIM
data/raw/archive/ISL_CSLRT_Corpus/ISL_CSLRT_Corpus/Videos_Sentence_Level/what did you tell him/tell him (4).MP4,Videos_Sentence_Level/what did you tell him/tell him (4).MP4,tell him (4).MP4,what did you tell him,what did you tell him,what_did_you_tell_him,class_080,WHAT YOU TELL HIM
data/raw/archive/ISL_CSLRT_Corpus/ISL_CSLRT_Corpus/Videos_Sentence_Level/what did you tell him/tell him.MP4,Videos_Sentence_Level/what did you tell him/tell him.MP4,tell him.MP4,what did you tell him,what did you tell him,what_did_you_tell_him,class_080,WHAT YOU TELL HIM
data/raw/archive/ISL_CSLRT_Corpus/ISL_CSLRT_Corpus/Videos_Sentence_Level/what did you tell him/what did you tell him (2).mp4,Videos_Sentence_Level/what did you tell him/what did you tell him (2).mp4,what did you tell him (2).mp4,what did you tell him,what did you tell him,what_did_you_tell_him,class_080,WHAT YOU TELL HIM
data/raw/archive/ISL_CSLRT_Corpus/ISL_CSLRT_Corpus/Videos_Sentence_Level/what did you tell him/what did you tell him.mp4,Videos_Sentence_Level/what did you tell him/what did you tell him.mp4,what did you tell him.mp4,what did you tell him,what did you tell him,what_did_you_tell_him,class_080,WHAT YOU TELL HIM
data/raw/archive/ISL_CSLRT_Corpus/ISL_CSLRT_Corpus/Videos_Sentence_Level/what do you do/what do you do (1).MP4,Videos_Sentence_Level/what do you do/what do you do (1).MP4,what do you do (1).MP4,what do you do,what do you do,what_do_you_do,class_081,WHAT YOU DO
data/raw/archive/ISL_CSLRT_Corpus/ISL_CSLRT_Corpus/Videos_Sentence_Level/what do you do/what do you do (3).MP4,Videos_Sentence_Level/what do you do/what do you do (3).MP4,what do you do (3).MP4,what do you do,what do you do,what_do_you_do,class_081,WHAT YOU DO
data/raw/archive/ISL_CSLRT_Corpus/ISL_CSLRT_Corpus/Videos_Sentence_Level/what do you do/what do you do (4).MP4,Videos_Sentence_Level/what do you do/what do you do (4).MP4,what do you do (4).MP4,what do you do,what do you do,what_do_you_do,class_081,WHAT YOU DO
data/raw/archive/ISL_CSLRT_Corpus/ISL_CSLRT_Corpus/Videos_Sentence_Level/what do you do/what do you do (5).MP4,Videos_Sentence_Level/what do you do/what do you do (5).MP4,what do you do (5).MP4,what do you do,what do you do,what_do_you_do,class_081,WHAT YOU DO
data/raw/archive/ISL_CSLRT_Corpus/ISL_CSLRT_Corpus/Videos_Sentence_Level/what do you do/what do you do (6).mp4,Videos_Sentence_Level/what do you do/what do you do (6).mp4,what do you do (6).mp4,what do you do,what do you do,what_do_you_do,class_081,WHAT YOU DO
data/raw/archive/ISL_CSLRT_Corpus/ISL_CSLRT_Corpus/Videos_Sentence_Level/what do you do/what do you do (7).mp4,Videos_Sentence_Level/what do you do/what do you do (7).mp4,what do you do (7).mp4,what do you do,what do you do,what_do_you_do,class_081,WHAT YOU DO
data/raw/archive/ISL_CSLRT_Corpus/ISL_CSLRT_Corpus/Videos_Sentence_Level/what do you think/what do you think (1).MP4,Videos_Sentence_Level/what do you think/what do you think (1).MP4,what do you think (1).MP4,what do you think,what do you think,what_do_you_think,class_082,WHAT DO YOU THINK
data/raw/archive/ISL_CSLRT_Corpus/ISL_CSLRT_Corpus/Videos_Sentence_Level/what do you think/what do you think (3).MP4,Videos_Sentence_Level/what do you think/what do you think (3).MP4,what do you think (3).MP4,what do you think,what do you think,what_do_you_think,class_082,WHAT DO YOU THINK
data/raw/archive/ISL_CSLRT_Corpus/ISL_CSLRT_Corpus/Videos_Sentence_Level/what do you think/what do you think (4).MP4,Videos_Sentence_Level/what do you think/what do you think (4).MP4,what do you think (4).MP4,what do you think,what do you think,what_do_you_think,class_082,WHAT DO YOU THINK
data/raw/archive/ISL_CSLRT_Corpus/ISL_CSLRT_Corpus/Videos_Sentence_Level/what do you think/what do you think (5).MP4,Videos_Sentence_Level/what do you think/what do you think (5).MP4,what do you think (5).MP4,what do you think,what do you think,what_do_you_think,class_082,WHAT DO YOU THINK
data/raw/archive/ISL_CSLRT_Corpus/ISL_CSLRT_Corpus/Videos_Sentence_Level/what do you think/what do you think (6).MP4,Videos_Sentence_Level/what do you think/what do you think (6).MP4,what do you think (6).MP4,what do you think,what do you think,what_do_you_think,class_082,WHAT DO YOU THINK
data/raw/archive/ISL_CSLRT_Corpus/ISL_CSLRT_Corpus/Videos_Sentence_Level/what do you think/what do you think (7).mp4,Videos_Sentence_Level/what do you think/what do you think (7).mp4,what do you think (7).mp4,what do you think,what do you think,what_do_you_think,class_082,WHAT DO YOU THINK
data/raw/archive/ISL_CSLRT_Corpus/ISL_CSLRT_Corpus/Videos_Sentence_Level/what do you think/what do you think (8).mp4,Videos_Sentence_Level/what do you think/what do you think (8).mp4,what do you think (8).mp4,what do you think,what do you think,what_do_you_think,class_082,WHAT DO YOU THINK
data/raw/archive/ISL_CSLRT_Corpus/ISL_CSLRT_Corpus/Videos_Sentence_Level/what do you want to become/become (2).MP4,Videos_Sentence_Level/what do you want to become/become (2).MP4,become (2).MP4,what do you want to become,what do you want to become,what_do_you_want_to_become,class_083,WHAT DO YOU WANT BECOME
data/raw/archive/ISL_CSLRT_Corpus/ISL_CSLRT_Corpus/Videos_Sentence_Level/what do you want to become/become (3).MP4,Videos_Sentence_Level/what do you want to become/become (3).MP4,become (3).MP4,what do you want to become,what do you want to become,what_do_you_want_to_become,class_083,WHAT DO YOU WANT BECOME
data/raw/archive/ISL_CSLRT_Corpus/ISL_CSLRT_Corpus/Videos_Sentence_Level/what do you want to become/become (4).MP4,Videos_Sentence_Level/what do you want to become/become (4).MP4,become (4).MP4,what do you want to become,what do you want to become,what_do_you_want_to_become,class_083,WHAT DO YOU WANT BECOME
data/raw/archive/ISL_CSLRT_Corpus/ISL_CSLRT_Corpus/Videos_Sentence_Level/what do you want to become/become (5).MP4,Videos_Sentence_Level/what do you want to become/become (5).MP4,become (5).MP4,what do you want to become,what do you want to become,what_do_you_want_to_become,class_083,WHAT DO YOU WANT BECOME
data/raw/archive/ISL_CSLRT_Corpus/ISL_CSLRT_Corpus/Videos_Sentence_Level/what do you want to become/become.MP4,Videos_Sentence_Level/what do you want to become/become.MP4,become.MP4,what do you want to become,what do you want to become,what_do_you_want_to_become,class_083,WHAT DO YOU WANT BECOME
data/raw/archive/ISL_CSLRT_Corpus/ISL_CSLRT_Corpus/Videos_Sentence_Level/what do you want to become/what do you want to become (2).mp4,Videos_Sentence_Level/what do you want to become/what do you want to become (2).mp4,what do you want to become (2).mp4,what do you want to become,what do you want to become,what_do_you_want_to_become,class_083,WHAT DO YOU WANT BECOME
data/raw/archive/ISL_CSLRT_Corpus/ISL_CSLRT_Corpus/Videos_Sentence_Level/what do you want to become/what do you want to become.mp4,Videos_Sentence_Level/what do you want to become/what do you want to become.mp4,what do you want to become.mp4,what do you want to become,what do you want to become,what_do_you_want_to_become,class_083,WHAT DO YOU WANT BECOME
data/raw/archive/ISL_CSLRT_Corpus/ISL_CSLRT_Corpus/Videos_Sentence_Level/what happened/happen.MP4,Videos_Sentence_Level/what happened/happen.MP4,happen.MP4,what happened,what happened,what_happened,class_084,WHAT HAPPENED
data/raw/archive/ISL_CSLRT_Corpus/ISL_CSLRT_Corpus/Videos_Sentence_Level/what happened/happened (2).MP4,Videos_Sentence_Level/what happened/happened (2).MP4,happened (2).MP4,what happened,what happened,what_happened,class_084,WHAT HAPPENED
data/raw/archive/ISL_CSLRT_Corpus/ISL_CSLRT_Corpus/Videos_Sentence_Level/what happened/happened (3).MP4,Videos_Sentence_Level/what happened/happened (3).MP4,happened (3).MP4,what happened,what happened,what_happened,class_084,WHAT HAPPENED
data/raw/archive/ISL_CSLRT_Corpus/ISL_CSLRT_Corpus/Videos_Sentence_Level/what happened/happened.MP4,Videos_Sentence_Level/what happened/happened.MP4,happened.MP4,what happened,what happened,what_happened,class_084,WHAT HAPPENED
data/raw/archive/ISL_CSLRT_Corpus/ISL_CSLRT_Corpus/Videos_Sentence_Level/what happened/MVI_6495.MP4,Videos_Sentence_Level/what happened/MVI_6495.MP4,MVI_6495.MP4,what happened,what happened,what_happened,class_084,WHAT HAPPENED
data/raw/archive/ISL_CSLRT_Corpus/ISL_CSLRT_Corpus/Videos_Sentence_Level/what happened/what happened.mp4,Videos_Sentence_Level/what happened/what happened.mp4,what happened.mp4,what happened,what happened,what_happened,class_084,WHAT HAPPENED
data/raw/archive/ISL_CSLRT_Corpus/ISL_CSLRT_Corpus/Videos_Sentence_Level/what have you planned for your career/MVI_6499.MP4,Videos_Sentence_Level/what have you planned for your career/MVI_6499.MP4,MVI_6499.MP4,what have you planned for your career,what have you planned for your career,what_have_you_planned_for_your_career,class_085,WHAT HAVE YOU PLAN YOUR CAREER
data/raw/archive/ISL_CSLRT_Corpus/ISL_CSLRT_Corpus/Videos_Sentence_Level/what have you planned for your career/what have you planned for your career (2).mp4,Videos_Sentence_Level/what have you planned for your career/what have you planned for your career (2).mp4,what have you planned for your career (2).mp4,what have you planned for your career,what have you planned for your career,what_have_you_planned_for_your_career,class_085,WHAT HAVE YOU PLAN YOUR CAREER
data/raw/archive/ISL_CSLRT_Corpus/ISL_CSLRT_Corpus/Videos_Sentence_Level/what have you planned for your career/what have you planned for your career.mp4,Videos_Sentence_Level/what have you planned for your career/what have you planned for your career.mp4,what have you planned for your career.mp4,what have you planned for your career,what have you planned for your career,what_have_you_planned_for_your_career,class_085,WHAT HAVE YOU PLAN YOUR CAREER
data/raw/archive/ISL_CSLRT_Corpus/ISL_CSLRT_Corpus/Videos_Sentence_Level/what is your phone number/what is your phone number (1).MP4,Videos_Sentence_Level/what is your phone number/what is your phone number (1).MP4,what is your phone number (1).MP4,what is your phone number,what is your phone number,what_is_your_phone_number,class_086,WHAT YOUR PHONE NUMBER
data/raw/archive/ISL_CSLRT_Corpus/ISL_CSLRT_Corpus/Videos_Sentence_Level/what is your phone number/what is your phone number (3).MP4,Videos_Sentence_Level/what is your phone number/what is your phone number (3).MP4,what is your phone number (3).MP4,what is your phone number,what is your phone number,what_is_your_phone_number,class_086,WHAT YOUR PHONE NUMBER
data/raw/archive/ISL_CSLRT_Corpus/ISL_CSLRT_Corpus/Videos_Sentence_Level/what is your phone number/what is your phone number (4).MP4,Videos_Sentence_Level/what is your phone number/what is your phone number (4).MP4,what is your phone number (4).MP4,what is your phone number,what is your phone number,what_is_your_phone_number,class_086,WHAT YOUR PHONE NUMBER
data/raw/archive/ISL_CSLRT_Corpus/ISL_CSLRT_Corpus/Videos_Sentence_Level/what is your phone number/what is your phone number (5).MP4,Videos_Sentence_Level/what is your phone number/what is your phone number (5).MP4,what is your phone number (5).MP4,what is your phone number,what is your phone number,what_is_your_phone_number,class_086,WHAT YOUR PHONE NUMBER
data/raw/archive/ISL_CSLRT_Corpus/ISL_CSLRT_Corpus/Videos_Sentence_Level/what is your phone number/what is your phone number (6).MP4,Videos_Sentence_Level/what is your phone number/what is your phone number (6).MP4,what is your phone number (6).MP4,what is your phone number,what is your phone number,what_is_your_phone_number,class_086,WHAT YOUR PHONE NUMBER
data/raw/archive/ISL_CSLRT_Corpus/ISL_CSLRT_Corpus/Videos_Sentence_Level/what is your phone number/what is your phone number (7).mp4,Videos_Sentence_Level/what is your phone number/what is your phone number (7).mp4,what is your phone number (7).mp4,what is your phone number,what is your phone number,what_is_your_phone_number,class_086,WHAT YOUR PHONE NUMBER
data/raw/archive/ISL_CSLRT_Corpus/ISL_CSLRT_Corpus/Videos_Sentence_Level/what is your phone number/what is your phone number (8).mp4,Videos_Sentence_Level/what is your phone number/what is your phone number (8).mp4,what is your phone number (8).mp4,what is your phone number,what is your phone number,what_is_your_phone_number,class_086,WHAT YOUR PHONE NUMBER
data/raw/archive/ISL_CSLRT_Corpus/ISL_CSLRT_Corpus/Videos_Sentence_Level/what you want/what you want (1).MP4,Videos_Sentence_Level/what you want/what you want (1).MP4,what you want (1).MP4,what you want,what you want,what_you_want,class_087,WHAT YOU WANT
data/raw/archive/ISL_CSLRT_Corpus/ISL_CSLRT_Corpus/Videos_Sentence_Level/what you want/what you want (3).MP4,Videos_Sentence_Level/what you want/what you want (3).MP4,what you want (3).MP4,what you want,what you want,what_you_want,class_087,WHAT YOU WANT
data/raw/archive/ISL_CSLRT_Corpus/ISL_CSLRT_Corpus/Videos_Sentence_Level/what you want/what you want (4).MP4,Videos_Sentence_Level/what you want/what you want (4).MP4,what you want (4).MP4,what you want,what you want,what_you_want,class_087,WHAT YOU WANT
data/raw/archive/ISL_CSLRT_Corpus/ISL_CSLRT_Corpus/Videos_Sentence_Level/what you want/what you want (5).MP4,Videos_Sentence_Level/what you want/what you want (5).MP4,what you want (5).MP4,what you want,what you want,what_you_want,class_087,WHAT YOU WANT
data/raw/archive/ISL_CSLRT_Corpus/ISL_CSLRT_Corpus/Videos_Sentence_Level/what you want/what you want (6).MP4,Videos_Sentence_Level/what you want/what you want (6).MP4,what you want (6).MP4,what you want,what you want,what_you_want,class_087,WHAT YOU WANT
data/raw/archive/ISL_CSLRT_Corpus/ISL_CSLRT_Corpus/Videos_Sentence_Level/what you want/what you want (7).mp4,Videos_Sentence_Level/what you want/what you want (7).mp4,what you want (7).mp4,what you want,what you want,what_you_want,class_087,WHAT YOU WANT
data/raw/archive/ISL_CSLRT_Corpus/ISL_CSLRT_Corpus/Videos_Sentence_Level/what you want/what you want (8).mp4,Videos_Sentence_Level/what you want/what you want (8).mp4,what you want (8).mp4,what you want,what you want,what_you_want,class_087,WHAT YOU WANT
data/raw/archive/ISL_CSLRT_Corpus/ISL_CSLRT_Corpus/Videos_Sentence_Level/when will the train leave/leave (2).MP4,Videos_Sentence_Level/when will the train leave/leave (2).MP4,leave (2).MP4,when will the train leave,when will the train leave,when_will_the_train_leave,class_088,WHEN TRAIN LEAVE
data/raw/archive/ISL_CSLRT_Corpus/ISL_CSLRT_Corpus/Videos_Sentence_Level/when will the train leave/leave (3).MP4,Videos_Sentence_Level/when will the train leave/leave (3).MP4,leave (3).MP4,when will the train leave,when will the train leave,when_will_the_train_leave,class_088,WHEN TRAIN LEAVE
data/raw/archive/ISL_CSLRT_Corpus/ISL_CSLRT_Corpus/Videos_Sentence_Level/when will the train leave/leave (4).MP4,Videos_Sentence_Level/when will the train leave/leave (4).MP4,leave (4).MP4,when will the train leave,when will the train leave,when_will_the_train_leave,class_088,WHEN TRAIN LEAVE
data/raw/archive/ISL_CSLRT_Corpus/ISL_CSLRT_Corpus/Videos_Sentence_Level/when will the train leave/leave (5).MP4,Videos_Sentence_Level/when will the train leave/leave (5).MP4,leave (5).MP4,when will the train leave,when will the train leave,when_will_the_train_leave,class_088,WHEN TRAIN LEAVE
data/raw/archive/ISL_CSLRT_Corpus/ISL_CSLRT_Corpus/Videos_Sentence_Level/when will the train leave/leave.MP4,Videos_Sentence_Level/when will the train leave/leave.MP4,leave.MP4,when will the train leave,when will the train leave,when_will_the_train_leave,class_088,WHEN TRAIN LEAVE
data/raw/archive/ISL_CSLRT_Corpus/ISL_CSLRT_Corpus/Videos_Sentence_Level/when will the train leave/when will the train leave (2).mp4,Videos_Sentence_Level/when will the train leave/when will the train leave (2).mp4,when will the train leave (2).mp4,when will the train leave,when will the train leave,when_will_the_train_leave,class_088,WHEN TRAIN LEAVE
data/raw/archive/ISL_CSLRT_Corpus/ISL_CSLRT_Corpus/Videos_Sentence_Level/when will the train leave/when will the train leave.mp4,Videos_Sentence_Level/when will the train leave/when will the train leave.mp4,when will the train leave.mp4,when will the train leave,when will the train leave,when_will_the_train_leave,class_088,WHEN TRAIN LEAVE
data/raw/archive/ISL_CSLRT_Corpus/ISL_CSLRT_Corpus/Videos_Sentence_Level/where are you from/where are you from (1).MP4,Videos_Sentence_Level/where are you from/where are you from (1).MP4,where are you from (1).MP4,where are you from,where are you from,where_are_you_from,class_089,WHERE YOU FROM
data/raw/archive/ISL_CSLRT_Corpus/ISL_CSLRT_Corpus/Videos_Sentence_Level/where are you from/where are you from (3).MP4,Videos_Sentence_Level/where are you from/where are you from (3).MP4,where are you from (3).MP4,where are you from,where are you from,where_are_you_from,class_089,WHERE YOU FROM
data/raw/archive/ISL_CSLRT_Corpus/ISL_CSLRT_Corpus/Videos_Sentence_Level/where are you from/where are you from (4).MP4,Videos_Sentence_Level/where are you from/where are you from (4).MP4,where are you from (4).MP4,where are you from,where are you from,where_are_you_from,class_089,WHERE YOU FROM
data/raw/archive/ISL_CSLRT_Corpus/ISL_CSLRT_Corpus/Videos_Sentence_Level/where are you from/where are you from (5).MP4,Videos_Sentence_Level/where are you from/where are you from (5).MP4,where are you from (5).MP4,where are you from,where are you from,where_are_you_from,class_089,WHERE YOU FROM
data/raw/archive/ISL_CSLRT_Corpus/ISL_CSLRT_Corpus/Videos_Sentence_Level/where are you from/where are you from (6).mp4,Videos_Sentence_Level/where are you from/where are you from (6).mp4,where are you from (6).mp4,where are you from,where are you from,where_are_you_from,class_089,WHERE YOU FROM
data/raw/archive/ISL_CSLRT_Corpus/ISL_CSLRT_Corpus/Videos_Sentence_Level/where are you from/where are you from (7).mp4,Videos_Sentence_Level/where are you from/where are you from (7).mp4,where are you from (7).mp4,where are you from,where are you from,where_are_you_from,class_089,WHERE YOU FROM
data/raw/archive/ISL_CSLRT_Corpus/ISL_CSLRT_Corpus/Videos_Sentence_Level/which collegeschool are you from/college school (2).MP4,Videos_Sentence_Level/which collegeschool are you from/college school (2).MP4,college school (2).MP4,which college school are you from,which college school are you from,which_collegeschool_are_you_from,class_090,WHICH COLLEGE SCHOOL YOU FROM
data/raw/archive/ISL_CSLRT_Corpus/ISL_CSLRT_Corpus/Videos_Sentence_Level/which collegeschool are you from/college school (3).MP4,Videos_Sentence_Level/which collegeschool are you from/college school (3).MP4,college school (3).MP4,which college school are you from,which college school are you from,which_collegeschool_are_you_from,class_090,WHICH COLLEGE SCHOOL YOU FROM
data/raw/archive/ISL_CSLRT_Corpus/ISL_CSLRT_Corpus/Videos_Sentence_Level/which collegeschool are you from/college school.MP4,Videos_Sentence_Level/which collegeschool are you from/college school.MP4,college school.MP4,which college school are you from,which college school are you from,which_collegeschool_are_you_from,class_090,WHICH COLLEGE SCHOOL YOU FROM
data/raw/archive/ISL_CSLRT_Corpus/ISL_CSLRT_Corpus/Videos_Sentence_Level/which collegeschool are you from/school college (2).MP4,Videos_Sentence_Level/which collegeschool are you from/school college (2).MP4,school college (2).MP4,which college school are you from,which college school are you from,which_collegeschool_are_you_from,class_090,WHICH COLLEGE SCHOOL YOU FROM
data/raw/archive/ISL_CSLRT_Corpus/ISL_CSLRT_Corpus/Videos_Sentence_Level/which collegeschool are you from/school college.MP4,Videos_Sentence_Level/which collegeschool are you from/school college.MP4,school college.MP4,which college school are you from,which college school are you from,which_collegeschool_are_you_from,class_090,WHICH COLLEGE SCHOOL YOU FROM
data/raw/archive/ISL_CSLRT_Corpus/ISL_CSLRT_Corpus/Videos_Sentence_Level/which collegeschool are you from/which collegeschool are you from (2).mp4,Videos_Sentence_Level/which collegeschool are you from/which collegeschool are you from (2).mp4,which collegeschool are you from (2).mp4,which college school are you from,which college school are you from,which_collegeschool_are_you_from,class_090,WHICH COLLEGE SCHOOL YOU FROM
data/raw/archive/ISL_CSLRT_Corpus/ISL_CSLRT_Corpus/Videos_Sentence_Level/which collegeschool are you from/which collegeschool are you from.mp4,Videos_Sentence_Level/which collegeschool are you from/which collegeschool are you from.mp4,which collegeschool are you from.mp4,which college school are you from,which college school are you from,which_collegeschool_are_you_from,class_090,WHICH COLLEGE SCHOOL YOU FROM
data/raw/archive/ISL_CSLRT_Corpus/ISL_CSLRT_Corpus/Videos_Sentence_Level/who are you/who are you (1).MP4,Videos_Sentence_Level/who are you/who are you (1).MP4,who are you (1).MP4,who are you,who are you,who_are_you,class_091,WHO YOU
data/raw/archive/ISL_CSLRT_Corpus/ISL_CSLRT_Corpus/Videos_Sentence_Level/who are you/who are you (3).MP4,Videos_Sentence_Level/who are you/who are you (3).MP4,who are you (3).MP4,who are you,who are you,who_are_you,class_091,WHO YOU
data/raw/archive/ISL_CSLRT_Corpus/ISL_CSLRT_Corpus/Videos_Sentence_Level/who are you/who are you (4).MP4,Videos_Sentence_Level/who are you/who are you (4).MP4,who are you (4).MP4,who are you,who are you,who_are_you,class_091,WHO YOU
data/raw/archive/ISL_CSLRT_Corpus/ISL_CSLRT_Corpus/Videos_Sentence_Level/who are you/who are you (5).MP4,Videos_Sentence_Level/who are you/who are you (5).MP4,who are you (5).MP4,who are you,who are you,who_are_you,class_091,WHO YOU
data/raw/archive/ISL_CSLRT_Corpus/ISL_CSLRT_Corpus/Videos_Sentence_Level/who are you/who are you (6).MP4,Videos_Sentence_Level/who are you/who are you (6).MP4,who are you (6).MP4,who are you,who are you,who_are_you,class_091,WHO YOU
data/raw/archive/ISL_CSLRT_Corpus/ISL_CSLRT_Corpus/Videos_Sentence_Level/who are you/who are you (7).mp4,Videos_Sentence_Level/who are you/who are you (7).mp4,who are you (7).mp4,who are you,who are you,who_are_you,class_091,WHO YOU
data/raw/archive/ISL_CSLRT_Corpus/ISL_CSLRT_Corpus/Videos_Sentence_Level/who are you/who are you (8).mp4,Videos_Sentence_Level/who are you/who are you (8).mp4,who are you (8).mp4,who are you,who are you,who_are_you,class_091,WHO YOU
data/raw/archive/ISL_CSLRT_Corpus/ISL_CSLRT_Corpus/Videos_Sentence_Level/why are you angry/angry (2).MP4,Videos_Sentence_Level/why are you angry/angry (2).MP4,angry (2).MP4,why are you angry,why are you angry,why_are_you_angry,class_092,WHY YOU ANGRY
data/raw/archive/ISL_CSLRT_Corpus/ISL_CSLRT_Corpus/Videos_Sentence_Level/why are you angry/angry (3).MP4,Videos_Sentence_Level/why are you angry/angry (3).MP4,angry (3).MP4,why are you angry,why are you angry,why_are_you_angry,class_092,WHY YOU ANGRY
data/raw/archive/ISL_CSLRT_Corpus/ISL_CSLRT_Corpus/Videos_Sentence_Level/why are you angry/angry (4).MP4,Videos_Sentence_Level/why are you angry/angry (4).MP4,angry (4).MP4,why are you angry,why are you angry,why_are_you_angry,class_092,WHY YOU ANGRY
data/raw/archive/ISL_CSLRT_Corpus/ISL_CSLRT_Corpus/Videos_Sentence_Level/why are you angry/angry (5).MP4,Videos_Sentence_Level/why are you angry/angry (5).MP4,angry (5).MP4,why are you angry,why are you angry,why_are_you_angry,class_092,WHY YOU ANGRY
data/raw/archive/ISL_CSLRT_Corpus/ISL_CSLRT_Corpus/Videos_Sentence_Level/why are you angry/angry.MP4,Videos_Sentence_Level/why are you angry/angry.MP4,angry.MP4,why are you angry,why are you angry,why_are_you_angry,class_092,WHY YOU ANGRY
data/raw/archive/ISL_CSLRT_Corpus/ISL_CSLRT_Corpus/Videos_Sentence_Level/why are you angry/why are you angry (2).mp4,Videos_Sentence_Level/why are you angry/why are you angry (2).mp4,why are you angry (2).mp4,why are you angry,why are you angry,why_are_you_angry,class_092,WHY YOU ANGRY
data/raw/archive/ISL_CSLRT_Corpus/ISL_CSLRT_Corpus/Videos_Sentence_Level/why are you angry/why are you angry.mp4,Videos_Sentence_Level/why are you angry/why are you angry.mp4,why are you angry.mp4,why are you angry,why are you angry,why_are_you_angry,class_092,WHY YOU ANGRY
data/raw/archive/ISL_CSLRT_Corpus/ISL_CSLRT_Corpus/Videos_Sentence_Level/why are you crying/crying (2).MP4,Videos_Sentence_Level/why are you crying/crying (2).MP4,crying (2).MP4,why are you crying,why are you crying,why_are_you_crying,class_093,WHY YOU CRY
data/raw/archive/ISL_CSLRT_Corpus/ISL_CSLRT_Corpus/Videos_Sentence_Level/why are you crying/crying (3).MP4,Videos_Sentence_Level/why are you crying/crying (3).MP4,crying (3).MP4,why are you crying,why are you crying,why_are_you_crying,class_093,WHY YOU CRY
data/raw/archive/ISL_CSLRT_Corpus/ISL_CSLRT_Corpus/Videos_Sentence_Level/why are you crying/crying (4).MP4,Videos_Sentence_Level/why are you crying/crying (4).MP4,crying (4).MP4,why are you crying,why are you crying,why_are_you_crying,class_093,WHY YOU CRY
data/raw/archive/ISL_CSLRT_Corpus/ISL_CSLRT_Corpus/Videos_Sentence_Level/why are you crying/crying (5).MP4,Videos_Sentence_Level/why are you crying/crying (5).MP4,crying (5).MP4,why are you crying,why are you crying,why_are_you_crying,class_093,WHY YOU CRY
data/raw/archive/ISL_CSLRT_Corpus/ISL_CSLRT_Corpus/Videos_Sentence_Level/why are you crying/crying.MP4,Videos_Sentence_Level/why are you crying/crying.MP4,crying.MP4,why are you crying,why are you crying,why_are_you_crying,class_093,WHY YOU CRY
data/raw/archive/ISL_CSLRT_Corpus/ISL_CSLRT_Corpus/Videos_Sentence_Level/why are you crying/why are you crying (2).mp4,Videos_Sentence_Level/why are you crying/why are you crying (2).mp4,why are you crying (2).mp4,why are you crying,why are you crying,why_are_you_crying,class_093,WHY YOU CRY
data/raw/archive/ISL_CSLRT_Corpus/ISL_CSLRT_Corpus/Videos_Sentence_Level/why are you crying/why are you crying.mp4,Videos_Sentence_Level/why are you crying/why are you crying.mp4,why are you crying.mp4,why are you crying,why are you crying,why_are_you_crying,class_093,WHY YOU CRY
data/raw/archive/ISL_CSLRT_Corpus/ISL_CSLRT_Corpus/Videos_Sentence_Level/why are you disappointed/disappointed (2).MP4,Videos_Sentence_Level/why are you disappointed/disappointed (2).MP4,disappointed (2).MP4,why are you disappointed,why are you disappointed,why_are_you_disappointed,class_094,WHY YOU DISAPPOINTED
data/raw/archive/ISL_CSLRT_Corpus/ISL_CSLRT_Corpus/Videos_Sentence_Level/why are you disappointed/disappointed (3).MP4,Videos_Sentence_Level/why are you disappointed/disappointed (3).MP4,disappointed (3).MP4,why are you disappointed,why are you disappointed,why_are_you_disappointed,class_094,WHY YOU DISAPPOINTED
data/raw/archive/ISL_CSLRT_Corpus/ISL_CSLRT_Corpus/Videos_Sentence_Level/why are you disappointed/disappointed (4).MP4,Videos_Sentence_Level/why are you disappointed/disappointed (4).MP4,disappointed (4).MP4,why are you disappointed,why are you disappointed,why_are_you_disappointed,class_094,WHY YOU DISAPPOINTED
data/raw/archive/ISL_CSLRT_Corpus/ISL_CSLRT_Corpus/Videos_Sentence_Level/why are you disappointed/disappointed (5).MP4,Videos_Sentence_Level/why are you disappointed/disappointed (5).MP4,disappointed (5).MP4,why are you disappointed,why are you disappointed,why_are_you_disappointed,class_094,WHY YOU DISAPPOINTED
data/raw/archive/ISL_CSLRT_Corpus/ISL_CSLRT_Corpus/Videos_Sentence_Level/why are you disappointed/disappointed.MP4,Videos_Sentence_Level/why are you disappointed/disappointed.MP4,disappointed.MP4,why are you disappointed,why are you disappointed,why_are_you_disappointed,class_094,WHY YOU DISAPPOINTED
data/raw/archive/ISL_CSLRT_Corpus/ISL_CSLRT_Corpus/Videos_Sentence_Level/why are you disappointed/why are you disappointed (2).mp4,Videos_Sentence_Level/why are you disappointed/why are you disappointed (2).mp4,why are you disappointed (2).mp4,why are you disappointed,why are you disappointed,why_are_you_disappointed,class_094,WHY YOU DISAPPOINTED
data/raw/archive/ISL_CSLRT_Corpus/ISL_CSLRT_Corpus/Videos_Sentence_Level/why are you disappointed/why are you disappointed.mp4,Videos_Sentence_Level/why are you disappointed/why are you disappointed.mp4,why are you disappointed.mp4,why are you disappointed,why are you disappointed,why_are_you_disappointed,class_094,WHY YOU DISAPPOINTED
data/raw/archive/ISL_CSLRT_Corpus/ISL_CSLRT_Corpus/Videos_Sentence_Level/you are bad/bad (2).MP4,Videos_Sentence_Level/you are bad/bad (2).MP4,bad (2).MP4,you are bad,you are bad,you_are_bad,class_095,YOU BAD
data/raw/archive/ISL_CSLRT_Corpus/ISL_CSLRT_Corpus/Videos_Sentence_Level/you are bad/bad (3).MP4,Videos_Sentence_Level/you are bad/bad (3).MP4,bad (3).MP4,you are bad,you are bad,you_are_bad,class_095,YOU BAD
data/raw/archive/ISL_CSLRT_Corpus/ISL_CSLRT_Corpus/Videos_Sentence_Level/you are bad/bad (4).MP4,Videos_Sentence_Level/you are bad/bad (4).MP4,bad (4).MP4,you are bad,you are bad,you_are_bad,class_095,YOU BAD
data/raw/archive/ISL_CSLRT_Corpus/ISL_CSLRT_Corpus/Videos_Sentence_Level/you are bad/bad (5).MP4,Videos_Sentence_Level/you are bad/bad (5).MP4,bad (5).MP4,you are bad,you are bad,you_are_bad,class_095,YOU BAD
data/raw/archive/ISL_CSLRT_Corpus/ISL_CSLRT_Corpus/Videos_Sentence_Level/you are bad/bad 1.MP4,Videos_Sentence_Level/you are bad/bad 1.MP4,bad 1.MP4,you are bad,you are bad,you_are_bad,class_095,YOU BAD
data/raw/archive/ISL_CSLRT_Corpus/ISL_CSLRT_Corpus/Videos_Sentence_Level/you are bad/bad.MP4,Videos_Sentence_Level/you are bad/bad.MP4,bad.MP4,you are bad,you are bad,you_are_bad,class_095,YOU BAD
data/raw/archive/ISL_CSLRT_Corpus/ISL_CSLRT_Corpus/Videos_Sentence_Level/you are bad/you are bad (2).mp4,Videos_Sentence_Level/you are bad/you are bad (2).mp4,you are bad (2).mp4,you are bad,you are bad,you_are_bad,class_095,YOU BAD
data/raw/archive/ISL_CSLRT_Corpus/ISL_CSLRT_Corpus/Videos_Sentence_Level/you are bad/you are bad.mp4,Videos_Sentence_Level/you are bad/you are bad.mp4,you are bad.mp4,you are bad,you are bad,you_are_bad,class_095,YOU BAD
data/raw/archive/ISL_CSLRT_Corpus/ISL_CSLRT_Corpus/Videos_Sentence_Level/you are good/good (2).MP4,Videos_Sentence_Level/you are good/good (2).MP4,good (2).MP4,you are good,you are good,you_are_good,class_096,YOU GOOD
data/raw/archive/ISL_CSLRT_Corpus/ISL_CSLRT_Corpus/Videos_Sentence_Level/you are good/good (3).MP4,Videos_Sentence_Level/you are good/good (3).MP4,good (3).MP4,you are good,you are good,you_are_good,class_096,YOU GOOD
data/raw/archive/ISL_CSLRT_Corpus/ISL_CSLRT_Corpus/Videos_Sentence_Level/you are good/good (4).MP4,Videos_Sentence_Level/you are good/good (4).MP4,good (4).MP4,you are good,you are good,you_are_good,class_096,YOU GOOD
data/raw/archive/ISL_CSLRT_Corpus/ISL_CSLRT_Corpus/Videos_Sentence_Level/you are good/good (5).MP4,Videos_Sentence_Level/you are good/good (5).MP4,good (5).MP4,you are good,you are good,you_are_good,class_096,YOU GOOD
data/raw/archive/ISL_CSLRT_Corpus/ISL_CSLRT_Corpus/Videos_Sentence_Level/you are good/good.MP4,Videos_Sentence_Level/you are good/good.MP4,good.MP4,you are good,you are good,you_are_good,class_096,YOU GOOD
data/raw/archive/ISL_CSLRT_Corpus/ISL_CSLRT_Corpus/Videos_Sentence_Level/you are good/you are good (2).mp4,Videos_Sentence_Level/you are good/you are good (2).mp4,you are good (2).mp4,you are good,you are good,you_are_good,class_096,YOU GOOD
data/raw/archive/ISL_CSLRT_Corpus/ISL_CSLRT_Corpus/Videos_Sentence_Level/you are good/you are good.mp4,Videos_Sentence_Level/you are good/you are good.mp4,you are good.mp4,you are good,you are good,you_are_good,class_096,YOU GOOD
data/raw/archive/ISL_CSLRT_Corpus/ISL_CSLRT_Corpus/Videos_Sentence_Level/you are welcome/welcome (2).MP4,Videos_Sentence_Level/you are welcome/welcome (2).MP4,welcome (2).MP4,you are welcome,you are welcome,you_are_welcome,class_097,YOU WELCOME
data/raw/archive/ISL_CSLRT_Corpus/ISL_CSLRT_Corpus/Videos_Sentence_Level/you are welcome/welcome (3).MP4,Videos_Sentence_Level/you are welcome/welcome (3).MP4,welcome (3).MP4,you are welcome,you are welcome,you_are_welcome,class_097,YOU WELCOME
data/raw/archive/ISL_CSLRT_Corpus/ISL_CSLRT_Corpus/Videos_Sentence_Level/you are welcome/welcome (4).MP4,Videos_Sentence_Level/you are welcome/welcome (4).MP4,welcome (4).MP4,you are welcome,you are welcome,you_are_welcome,class_097,YOU WELCOME
data/raw/archive/ISL_CSLRT_Corpus/ISL_CSLRT_Corpus/Videos_Sentence_Level/you are welcome/welcome (5).MP4,Videos_Sentence_Level/you are welcome/welcome (5).MP4,welcome (5).MP4,you are welcome,you are welcome,you_are_welcome,class_097,YOU WELCOME
data/raw/archive/ISL_CSLRT_Corpus/ISL_CSLRT_Corpus/Videos_Sentence_Level/you are welcome/welcome.MP4,Videos_Sentence_Level/you are welcome/welcome.MP4,welcome.MP4,you are welcome,you are welcome,you_are_welcome,class_097,YOU WELCOME
data/raw/archive/ISL_CSLRT_Corpus/ISL_CSLRT_Corpus/Videos_Sentence_Level/you are welcome/you are welcome (2).mp4,Videos_Sentence_Level/you are welcome/you are welcome (2).mp4,you are welcome (2).mp4,you are welcome,you are welcome,you_are_welcome,class_097,YOU WELCOME
data/raw/archive/ISL_CSLRT_Corpus/ISL_CSLRT_Corpus/Videos_Sentence_Level/you are welcome/you are welcome.mp4,Videos_Sentence_Level/you are welcome/you are welcome.mp4,you are welcome.mp4,you are welcome,you are welcome,you_are_welcome,class_097,YOU WELCOME
data/raw/archive/ISL_CSLRT_Corpus/ISL_CSLRT_Corpus/Videos_Sentence_Level/you can do it/can do (2).MP4,Videos_Sentence_Level/you can do it/can do (2).MP4,can do (2).MP4,you can do it,you can do it,you_can_do_it,class_098,YOU DO IT
data/raw/archive/ISL_CSLRT_Corpus/ISL_CSLRT_Corpus/Videos_Sentence_Level/you can do it/can do (3).MP4,Videos_Sentence_Level/you can do it/can do (3).MP4,can do (3).MP4,you can do it,you can do it,you_can_do_it,class_098,YOU DO IT
data/raw/archive/ISL_CSLRT_Corpus/ISL_CSLRT_Corpus/Videos_Sentence_Level/you can do it/can do (4).MP4,Videos_Sentence_Level/you can do it/can do (4).MP4,can do (4).MP4,you can do it,you can do it,you_can_do_it,class_098,YOU DO IT
data/raw/archive/ISL_CSLRT_Corpus/ISL_CSLRT_Corpus/Videos_Sentence_Level/you can do it/can do (5).MP4,Videos_Sentence_Level/you can do it/can do (5).MP4,can do (5).MP4,you can do it,you can do it,you_can_do_it,class_098,YOU DO IT
data/raw/archive/ISL_CSLRT_Corpus/ISL_CSLRT_Corpus/Videos_Sentence_Level/you can do it/can do.MP4,Videos_Sentence_Level/you can do it/can do.MP4,can do.MP4,you can do it,you can do it,you_can_do_it,class_098,YOU DO IT
data/raw/archive/ISL_CSLRT_Corpus/ISL_CSLRT_Corpus/Videos_Sentence_Level/you can do it/you can do it (2).mp4,Videos_Sentence_Level/you can do it/you can do it (2).mp4,you can do it (2).mp4,you can do it,you can do it,you_can_do_it,class_098,YOU DO IT
data/raw/archive/ISL_CSLRT_Corpus/ISL_CSLRT_Corpus/Videos_Sentence_Level/you can do it/you can do it.mp4,Videos_Sentence_Level/you can do it/you can do it.mp4,you can do it.mp4,you can do it,you can do it,you_can_do_it,class_098,YOU DO IT
"data/raw/archive/ISL_CSLRT_Corpus/ISL_CSLRT_Corpus/Videos_Sentence_Level/you do anything, i do not care/care.MP4","Videos_Sentence_Level/you do anything, i do not care/care.MP4",care.MP4,"you do anything, i do not care","you do anything, i do not care","you_do_anything,_i_do_not_care",class_099,"YOU DO ANYTHING, I DO NOT CARE"
"data/raw/archive/ISL_CSLRT_Corpus/ISL_CSLRT_Corpus/Videos_Sentence_Level/you do anything, i do not care/donotcare.MP4","Videos_Sentence_Level/you do anything, i do not care/donotcare.MP4",donotcare.MP4,"you do anything, i do not care","you do anything, i do not care","you_do_anything,_i_do_not_care",class_099,"YOU DO ANYTHING, I DO NOT CARE"
"data/raw/archive/ISL_CSLRT_Corpus/ISL_CSLRT_Corpus/Videos_Sentence_Level/you do anything, i do not care/dont care (2).MP4","Videos_Sentence_Level/you do anything, i do not care/dont care (2).MP4",dont care (2).MP4,"you do anything, i do not care","you do anything, i do not care","you_do_anything,_i_do_not_care",class_099,"YOU DO ANYTHING, I DO NOT CARE"
"data/raw/archive/ISL_CSLRT_Corpus/ISL_CSLRT_Corpus/Videos_Sentence_Level/you do anything, i do not care/dont care.MP4","Videos_Sentence_Level/you do anything, i do not care/dont care.MP4",dont care.MP4,"you do anything, i do not care","you do anything, i do not care","you_do_anything,_i_do_not_care",class_099,"YOU DO ANYTHING, I DO NOT CARE"
"data/raw/archive/ISL_CSLRT_Corpus/ISL_CSLRT_Corpus/Videos_Sentence_Level/you do anything, i do not care/you do anything, i do not care (2).mp4","Videos_Sentence_Level/you do anything, i do not care/you do anything, i do not care (2).mp4","you do anything, i do not care (2).mp4","you do anything, i do not care","you do anything, i do not care","you_do_anything,_i_do_not_care",class_099,"YOU DO ANYTHING, I DO NOT CARE"
"data/raw/archive/ISL_CSLRT_Corpus/ISL_CSLRT_Corpus/Videos_Sentence_Level/you do anything, i do not care/you do anything, i do not care.mp4","Videos_Sentence_Level/you do anything, i do not care/you do anything, i do not care.mp4","you do anything, i do not care.mp4","you do anything, i do not care","you do anything, i do not care","you_do_anything,_i_do_not_care",class_099,"YOU DO ANYTHING, I DO NOT CARE"
"data/raw/archive/ISL_CSLRT_Corpus/ISL_CSLRT_Corpus/Videos_Sentence_Level/you need a medicine, take this one/medicine (2).MP4","Videos_Sentence_Level/you need a medicine, take this one/medicine (2).MP4",medicine (2).MP4,"you need a medicine, take this one","you need a medicine, take this one","you_need_a_medicine,_take_this_one",class_100,"YOU NEED A MEDICINE, TAKE THIS ONE"
"data/raw/archive/ISL_CSLRT_Corpus/ISL_CSLRT_Corpus/Videos_Sentence_Level/you need a medicine, take this one/medicine (3).MP4","Videos_Sentence_Level/you need a medicine, take this one/medicine (3).MP4",medicine (3).MP4,"you need a medicine, take this one","you need a medicine, take this one","you_need_a_medicine,_take_this_one",class_100,"YOU NEED A MEDICINE, TAKE THIS ONE"
"data/raw/archive/ISL_CSLRT_Corpus/ISL_CSLRT_Corpus/Videos_Sentence_Level/you need a medicine, take this one/medicine (4).MP4","Videos_Sentence_Level/you need a medicine, take this one/medicine (4).MP4",medicine (4).MP4,"you need a medicine, take this one","you need a medicine, take this one","you_need_a_medicine,_take_this_one",class_100,"YOU NEED A MEDICINE, TAKE THIS ONE"
"data/raw/archive/ISL_CSLRT_Corpus/ISL_CSLRT_Corpus/Videos_Sentence_Level/you need a medicine, take this one/medicine (5).MP4","Videos_Sentence_Level/you need a medicine, take this one/medicine (5).MP4",medicine (5).MP4,"you need a medicine, take this one","you need a medicine, take this one","you_need_a_medicine,_take_this_one",class_100,"YOU NEED A MEDICINE, TAKE THIS ONE"
"data/raw/archive/ISL_CSLRT_Corpus/ISL_CSLRT_Corpus/Videos_Sentence_Level/you need a medicine, take this one/medicine.MP4","Videos_Sentence_Level/you need a medicine, take this one/medicine.MP4",medicine.MP4,"you need a medicine, take this one","you need a medicine, take this one","you_need_a_medicine,_take_this_one",class_100,"YOU NEED A MEDICINE, TAKE THIS ONE"
"data/raw/archive/ISL_CSLRT_Corpus/ISL_CSLRT_Corpus/Videos_Sentence_Level/you need a medicine, take this one/you need a medicine, take this one..mp4","Videos_Sentence_Level/you need a medicine, take this one/you need a medicine, take this one..mp4","you need a medicine, take this one..mp4","you need a medicine, take this one","you need a medicine, take this one","you_need_a_medicine,_take_this_one",class_100,"YOU NEED A MEDICINE, TAKE THIS ONE"
"data/raw/archive/ISL_CSLRT_Corpus/ISL_CSLRT_Corpus/Videos_Sentence_Level/you need a medicine, take this one/you need a medicine, take this one.mp4","Videos_Sentence_Level/you need a medicine, take this one/you need a medicine, take this one.mp4","you need a medicine, take this one.mp4","you need a medicine, take this one","you need a medicine, take this one","you_need_a_medicine,_take_this_one",class_100,"YOU NEED A MEDICINE, TAKE THIS ONE"
